Periodo,Problema,Título,Data,Link
01/01/2018,produto,Adolescente é flagrada furtando produtos em supermercado de Mogi,27/03/2018 13:43,https://g1.globo.com/sp/mogi-das-cruzes-suzano/noticia/adolescente-e-flagrada-furtando-produtos-em-supermercado-de-mogi.ghtml
01/01/2018,chuva,Chuva e vento derrubam estrutura de outdoor em supermercado de Assis,16/02/2018 19:17,https://g1.globo.com/sp/bauru-marilia/noticia/temporal-relampago-derruba-estrutura-de-outdoor-em-supermercado-de-assis.ghtml
01/01/2018,acaba,"Homem furta produtos de supermercado em Boa Vista, é flagrado e acaba detido",04/03/2018 13:04,https://g1.globo.com/rr/roraima/noticia/homem-furta-produtos-de-supermercado-em-boa-vista-e-flagrado-e-acaba-detido.ghtml
01/01/2018,termina,Briga entre cliente e segurança de supermercado termina na delegacia em Campo Grande,31/03/2018 18:47,https://g1.globo.com/ms/mato-grosso-do-sul/noticia/briga-entre-cliente-e-seguranca-de-supermercado-termina-na-delegacia-em-campo-grande.ghtml
01/01/2018,produto,Mulher é presa por furtar produtos de supermercado no Centro de João Pessoa,01/03/2018 18:11,https://g1.globo.com/pb/paraiba/noticia/mulher-e-presa-por-furtar-produtos-de-supermercado-no-centro-de-joao-pessoa.ghtml
02/04/2018,abastecimento,Supermercado em Manaus restringe compra de produtos para prevenir desabastecimento,25/05/2018 17:40,https://g1.globo.com/am/amazonas/noticia/supermercado-em-manaus-restringe-compra-de-produto-para-prevenir-desabastecimento.ghtml
02/04/2018,paralisação,Supermercado online dobra lucro com paralisação de caminhões em João Pessoa,28/05/2018 15:25,https://g1.globo.com/pb/paraiba/noticia/supermercado-online-dobra-lucro-com-paralisacao-de-caminhoes-em-joao-pessoa.ghtml
02/04/2018,limite,Supermercado impõe limite de produto após corrida por estoque de comida,24/05/2018 11:27,https://g1.globo.com/sp/vale-do-paraiba-regiao/noticia/supermercado-impoe-limite-de-produto-por-cliente-apos-corrida-por-estoque-de-comida.ghtml
02/04/2018,alimento,Vigilância sanitária apreende 175 kg de alimentos impróprios em supermercado de Manaus,23/04/2018 21:24,https://g1.globo.com/am/amazonas/noticia/vigilancia-sanitaria-apreende-175-kg-de-alimentos-improprios-em-supermercado-de-manaus.ghtml
02/04/2018,fila,Vagas em supermercado atraem centenas e fila dobra quarteirão em São Carlos,16/05/2018 20:01,https://g1.globo.com/sp/sao-carlos-regiao/noticia/vagas-em-supermercado-atraem-centenas-e-fila-dobra-quarteirao-em-sao-carlos.ghtml
02/04/2018,termina,Justiça determina que supermercado em Uberlândia indenize cliente por furto de moto em estacionamento,14/05/2018 20:11,https://g1.globo.com/mg/triangulo-mineiro/noticia/justica-determina-que-supermercado-em-uberlandia-indenize-cliente-por-furto-de-moto-em-estacionamento.ghtml
02/04/2018,produto,Gerente de supermercado em MS é presa por adulterar data de validade de produtos,22/05/2018 09:36,https://g1.globo.com/ms/mato-grosso-do-sul/noticia/gerente-de-supermercado-em-ms-e-presa-por-adulterar-data-de-validade-de-produtos.ghtml
02/04/2018,produto,Fiscalização apreende mais de 80 produtos vencidos em supermercado na Zona Centro-Oeste de Manaus,19/06/2018 16:58,https://g1.globo.com/am/amazonas/noticia/fiscalizacao-apreende-mais-de-80-produtos-vencidos-em-supermercado-na-zona-centro-oeste-de-manaus.ghtml
02/04/2018,falta,Com falta de combustível em Porto Velho morador abastece moto com álcool comprado em supermercado,26/05/2018 14:49,https://g1.globo.com/ro/rondonia/noticia/com-falta-de-combustivel-em-porto-velho-morador-abastece-moto-com-alcool-comprado-em-supermercado.ghtml
02/04/2018,produto,Dono de supermercado mostra produto erótico para cliente e caso vai parar na polícia em Uberaba,10/04/2018 11:40,https://g1.globo.com/mg/triangulo-mineiro/noticia/dono-de-supermercado-mostra-produto-erotico-para-cliente-e-caso-vai-parar-na-policia-em-uberaba.ghtml
02/04/2018,alimento,"Duas pessoas são presas e mais de 10 toneladas de alimentos, apreendidas em supermercado de Guaíba",10/04/2018 23:15,https://g1.globo.com/rs/rio-grande-do-sul/noticia/duas-pessoas-sao-presas-e-mais-de-10-toneladas-de-alimentos-apreendidas-em-supermercado-de-guaiba.ghtml
02/04/2018,acaba,Venezuelano é flagrado furtando biscoito e doces de supermercado em RR e acaba preso; ‘estava com fome’,28/04/2018 16:56,https://g1.globo.com/rr/roraima/noticia/venezuelano-e-flagrado-furtando-biscoito-e-doces-de-supermercado-em-rr-e-acaba-preso-estava-com-fome.ghtml
02/04/2018,produto,Denúncias de clientes levaram  polícia a supermercado com produtos vencidos; dona é multada em R$ 15 mil,22/05/2018 15:39,https://g1.globo.com/ms/mato-grosso-do-sul/noticia/denuncias-de-clientes-levaram-policia-a-supermercado-com-produtos-vencidos-dona-e-multada-em-r-15-mil.ghtml
02/07/2018,produto,Assaltantes estouram parede e furtam produtos e dinheiro de supermercado,14/07/2018 15:41,https://g1.globo.com/sp/sao-carlos-regiao/noticia/assaltantes-estouram-parede-e-furtam-produtos-e-dinheiro-de-supermercado.ghtml
02/07/2018,interditada,"Casas próximas a supermercado destruído em incêndio seguem interditadas, em Manaus",17/09/2018 18:50,https://g1.globo.com/am/amazonas/noticia/2018/09/17/casas-proximas-a-supermercado-destruido-em-incendio-seguem-interditadas-em-manaus.ghtml
02/07/2018,busca,Capivara ferida busca refúgio em estacionamento de supermercado de Campo Grande,26/09/2018 12:39,https://g1.globo.com/ms/mato-grosso-do-sul/noticia/2018/09/26/capivara-ferida-busca-refugiu-em-estacionamento-de-supermercado-de-campo-grande.ghtml
02/07/2018,fila,Esperança de emprego em supermercado leva 3 mil pessoas a megafila Bauru,23/07/2018 20:56,https://g1.globo.com/sp/bauru-marilia/noticia/2018/07/23/esperanca-de-emprego-em-supermercado-leva-3-mil-pessoas-a-megafila-bauru.ghtml
02/07/2018,defesa civil,Defesa Civil interdita casas vizinhas ao supermercado destruído por incêndio em Manaus,09/09/2018 16:30,https://g1.globo.com/am/amazonas/noticia/2018/09/09/defesa-civil-interdita-casas-vizinhas-ao-supermercado-destruido-por-incendio-em-manaus.ghtml
02/07/2018,fila,"Morre delegado baleado em 2015, na PB, após discussão em fila de supermercado",12/08/2018 14:42,https://g1.globo.com/pb/paraiba/noticia/2018/08/12/morre-delegado-baleado-em-2015-na-pb-apos-discussao-em-fila-de-supermercado.ghtml
02/07/2018,dispara,Arma dispara após assaltante tropeçar durante roubo a caixa de supermercado em Cuiabá,20/08/2018 09:16,https://g1.globo.com/mt/mato-grosso/noticia/2018/08/20/arma-dispara-apos-assaltante-tropecar-durante-roubo-a-caixa-de-supermercado-em-cuiaba.ghtml
02/07/2018,produto,Vigilância Sanitária de Suzano interdita supermercado suspeito de vender produtos vencidos no distrito de Palmeiras,20/09/2018 20:35,https://g1.globo.com/sp/mogi-das-cruzes-suzano/noticia/2018/09/20/vigilancia-sanitaria-de-suzano-interdita-supermercado-suspeito-de-vender-produtos-vencidos-no-distrito-de-palmeiras.ghtml
02/07/2018,termina,Tentativa de roubo a supermercado termina em troca de tiros na Zona Leste de SP,08/08/2018 08:01,https://g1.globo.com/sp/sao-paulo/noticia/2018/08/08/tentativa-de-roubo-a-supermercado-termina-em-troca-de-tiros-na-zona-leste-de-sp.ghtml
01/10/2018,produto,Procon Manaus apreende produtos vencidos em supermercado na Zona Sul,09/11/2018 22:01,https://g1.globo.com/am/amazonas/noticia/2018/11/09/procon-manaus-apreende-produtos-vencidos-em-supermercado-na-zona-sul.ghtml
01/10/2018,produto,Dupla é presa por tentar furtar produtos de supermercado em Tatuí,02/10/2018 11:38,https://g1.globo.com/sp/itapetininga-regiao/noticia/2018/10/02/dupla-e-presa-por-tentar-furtar-produtos-de-supermercado-em-tatui.ghtml
01/10/2018,alimento,Vigilância Sanitária apreende 800 kg de alimentos vencidos em supermercado de SP,22/10/2018 18:28,https://g1.globo.com/sp/santos-regiao/noticia/2018/10/22/vigilancia-sanitaria-apreende-800-kg-de-alimentos-vencidos-em-supermercado-de-sp.ghtml
01/10/2018,produto,Procon encontra produtos vencidos em supermercado da capital após denúncias de clientes,20/11/2018 10:36,https://g1.globo.com/ms/mato-grosso-do-sul/noticia/2018/11/19/procon-encontra-produtos-vencidos-em-supermercado-da-capital-apos-denuncias-de-clientes.ghtml
01/10/2018,chuva,"Dois dias após inauguração, muro de supermercado de Fortaleza cai com fortes chuvas",30/11/2018 18:28,https://g1.globo.com/ce/ceara/noticia/2018/11/30/dois-dias-apos-inauguracao-muro-de-supermercado-de-fortaleza-cai-com-fortes-chuvas.ghtml
01/10/2018,chuva,"Temporal assusta clientes de supermercado atingido por chuva em Nova Friburgo, no RJ",01/12/2018 14:10,https://g1.globo.com/rj/regiao-serrana/noticia/2018/12/01/temporal-assusta-clientes-de-supermercado-atingido-por-chuva-em-nova-friburgo-no-rj.ghtml
01/10/2018,acaba,"Ladrão acaba pelado ao invadir supermercado pela janela, em Aparecida de Goiânia; vídeo",29/11/2018 16:40,https://g1.globo.com/go/goias/noticia/2018/11/29/ladrao-fica-pelado-ao-invadir-supermercado-pela-janela-para-furtar-video.ghtml
31/12/2018,dispara,Bandidos assaltam supermercado e disparam contra funcionários em Timóteo,10/03/2019 10:08,https://g1.globo.com/mg/vales-mg/noticia/2019/03/10/bandidos-assaltam-supermercado-e-disparam-contra-funcionarios-em-timoteo.ghtml
31/12/2018,compra,Mogianos lotam supermercado na compra da ceia de Ano-Novo,31/12/2018 20:12,https://g1.globo.com/sp/mogi-das-cruzes-suzano/noticia/2018/12/31/mogianos-lotam-supermercado-na-compra-da-ceia-de-ano-novo.ghtml
31/12/2018,fila,"No DF, anúncio de emprego em supermercado provoca fila gigantesca",09/01/2019 21:34,https://g1.globo.com/jornal-nacional/noticia/2019/01/09/anuncio-de-emprego-em-supermercado-no-df-provoca-fila-gigantesca.ghtml
31/12/2018,chuva,Chuva forte deixa ruas alagadas e invade supermercado em Tupã,14/03/2019 21:19,https://g1.globo.com/sp/bauru-marilia/noticia/2019/03/14/chuva-forte-deixa-ruas-alagadas-e-invade-mercado-em-tupa.ghtml
31/12/2018,produto,Produtos impróprios para consumo são apreendidos em supermercado em Uberaba,12/02/2019 12:56,https://g1.globo.com/mg/triangulo-mineiro/noticia/2019/02/12/produtos-improprios-para-consumo-sao-apreendidos-em-supermercado-em-uberaba.ghtml
31/12/2018,comida,Alemãs são condenadas por retirar comida de lixo de supermercado,31/01/2019 10:10,https://g1.globo.com/mundo/noticia/2019/01/31/alemas-sao-condenadas-por-retirar-comida-de-lixo-de-supermercado.ghtml
31/12/2018,alagamento,"Chuva causa alagamentos e derruba teto de supermercado em Praia Grande, SP",18/01/2019 19:22,https://g1.globo.com/sp/santos-regiao/noticia/2019/01/18/chuva-causa-alagamentos-e-derruba-teto-de-supermercado-em-praia-grande-sp.ghtml
31/12/2018,pânico,Vídeo registra tiroteio e pânico em supermercado durante tentativa de roubo em SP,18/01/2019 05:19,https://g1.globo.com/sp/santos-regiao/noticia/2019/01/18/video-registra-tiroteio-e-panico-em-supermercado-durante-tentativa-de-roubo-em-sp.ghtml
31/12/2018,alimento,"Gerente de supermercado em Petrópolis, RJ é detido após ação flagrar alimentos vencidos",15/03/2019 12:32,https://g1.globo.com/rj/regiao-serrana/noticia/2019/03/15/gerente-de-supermercado-em-petropolis-rj-e-detido-apos-acao-flagrar-alimentos-vencidos.ghtml
31/12/2018,compra,Quem é você na hora de fazer compras no supermercado? Faça o teste!,28/03/2019 16:05,https://g1.globo.com/como-sera/interatividade/quiz/quem-e-voce-na-hora-de-fazer-compras-no-supermercado-faca-o-teste.ghtml
31/12/2018,fila,Anúncio de vaga em supermercado do DF gera fila com centenas de pessoas,09/01/2019 11:26,https://g1.globo.com/df/distrito-federal/noticia/2019/01/09/anuncio-de-vaga-em-supermercado-do-df-gera-fila-com-centenas-de-pessoas.ghtml
31/12/2018,fila,"Anúncio de emprego em supermercado gera fila de mil pessoas em Ceilândia, no DF",25/03/2019 16:36,https://g1.globo.com/df/distrito-federal/noticia/2019/03/25/anuncio-de-emprego-em-supermercado-gera-fila-de-mil-pessoas-em-ceilandia-no-df.ghtml
31/12/2018,produto,Funcionários de supermercado são socorridos após sofrerem queimaduras com produto químico em Campo Grande,23/02/2019 17:53,https://g1.globo.com/ms/mato-grosso-do-sul/noticia/2019/02/23/funcionarios-de-supermercado-sao-socorridos-apos-sofrerem-queimaduras-com-produto-quimico-em-campo-grande.ghtml
31/12/2018,interditado,Supermercado de São Carlos é interditado por usar água de poço artesiano sem tratamento,26/02/2019 19:54,https://g1.globo.com/sp/sao-carlos-regiao/noticia/2019/02/26/supermercado-de-sao-carlos-e-interditado-por-usar-agua-de-poco-artesiano-sem-tratamento.ghtml
31/12/2018,produto,Mulher é presa ao furtar R$ 460 em produtos de supermercado em São Carlos,18/01/2019 10:15,https://g1.globo.com/sp/sao-carlos-regiao/noticia/2019/01/18/mulher-e-presa-ao-furtar-r-460-em-produtos-de-um-supermercado-em-sao-carlos.ghtml
31/12/2018,produto,Dupla é flagrada por câmeras de segurança furtando produtos de supermercado em Boa Vista,07/03/2019 09:36,https://g1.globo.com/rr/roraima/noticia/2019/03/07/dupla-e-flagrada-por-cameras-de-seguranca-furtando-produtos-de-supermercado-em-boa-vista.ghtml
01/04/2019,termina,Perseguição policial em Cascavel termina em estacionamento de supermercado,17/05/2019 12:18,https://g1.globo.com/pr/oeste-sudoeste/noticia/2019/05/17/perseguicao-policial-em-cascavel-termina-em-estacionamento-de-mercado.ghtml
01/04/2019,estoque,Bombeiros tentam controlar incêndio em estoque de supermercado em MT,24/04/2019 16:21,https://g1.globo.com/mt/mato-grosso/noticia/2019/04/24/bombeiros-tentam-controlar-incendio-em-estoque-de-supermercado-em-mt.ghtml
01/04/2019,fila,Desempregados fazem grande fila por uma vaga em supermercado de SP,24/04/2019 13:30,https://g1.globo.com/sp/sao-paulo/noticia/2019/04/24/desempregados-fazem-grande-fila-por-uma-vaga-em-supermercado-de-sp.ghtml
01/04/2019,alimento,Alimentos vencidos são apreendidos em supermercado na Zona Centro-Sul de Manaus,24/04/2019 19:30,https://g1.globo.com/am/amazonas/noticia/2019/04/24/alimentos-vencidos-sao-apreendidos-em-supermercado-na-zona-centro-sul-de-manaus.ghtml
01/04/2019,acaba,"Quarteto tenta arrombar caixas eletrônicos, assalta supermercado e acaba preso em Fortaleza",02/04/2019 10:31,https://g1.globo.com/ce/ceara/noticia/2019/04/02/quarteto-tenta-arrombar-caixas-eletronicos-assalta-supermercado-e-acaba-preso-em-fortaleza.ghtml
01/04/2019,alimento,Procon multa supermercado de Manaus por venda de alimentos impróprios para consumo,16/05/2019 12:32,https://g1.globo.com/am/amazonas/noticia/2019/05/16/procon-multa-supermercado-de-manaus-por-venda-de-alimentos-improprios-para-consumo.ghtml
01/04/2019,interdição,"MPPA pede a interdição de supermercado com risco de incêndio, em Ananindeua",05/04/2019 15:18,https://g1.globo.com/pa/para/noticia/2019/04/05/mppa-pede-a-interdicao-de-supermercado-com-risco-de-incendio-em-ananindeua.ghtml
01/04/2019,alimento,Supermercado é lacrado por má conservação de alimentos em São João de Meriti,10/06/2019 19:41,https://g1.globo.com/rj/rio-de-janeiro/noticia/2019/06/10/supermercado-e-lacrado-por-ma-conservacao-de-alimentos-em-sao-joao-de-meriti.ghtml
01/04/2019,abastecer,"Funcionários de supermercado têm R$ 84,9 mil roubados ao abastecer carro em Igarapava, SP",16/04/2019 11:38,https://g1.globo.com/sp/ribeirao-preto-franca/noticia/2019/04/16/funcionarios-de-supermercado-tem-r-849-mil-roubados-ao-abastecer-carro-em-igarapava-sp.ghtml
01/04/2019,abastecimento,"Supermercado é notificado em flagrante por ligação irregular de abastecimento de água, em Manaus",23/05/2019 21:52,https://g1.globo.com/am/amazonas/noticia/2019/05/23/supermercado-e-notificado-em-flagrante-por-ligacao-irregular-de-abastecimento-de-agua-em-manaus.ghtml
01/07/2019,produto,Procon recolhe produtos vencidos em supermercado na Avenida Caxangá,19/08/2019 18:13,https://g1.globo.com/pe/pernambuco/noticia/2019/08/19/procon-recolhe-produtos-vencidos-em-supermercado-na-avenida-caxanga.ghtml
01/07/2019,fila,Centenas formam longa fila por 35 vagas em supermercado de Américo Brasiliense,27/09/2019 20:39,https://g1.globo.com/sp/sao-carlos-regiao/noticia/2019/09/27/centenas-formam-longa-fila-por-35-vagas-em-supermercado-de-americo-brasiliense.ghtml
01/07/2019,produto,Procon lacra supermercado por venda de produtos com prazo vencido em Lins,19/07/2019 15:33,https://g1.globo.com/sp/bauru-marilia/noticia/2019/07/19/procon-lacra-supermercado-por-venda-de-produtos-com-prazo-vencido-em-lins.ghtml
01/07/2019,estoque,"Supermercado em Patos, PB, tem estoque interditado por causa de condições sanitárias",10/07/2019 19:17,https://g1.globo.com/pb/paraiba/noticia/2019/07/10/supermercado-em-patos-pb-tem-estoque-interditado-por-causa-de-condicoes-sanitarias.ghtml
01/07/2019,alimento,Gerente e sócia de supermercado são indiciadas por vender alimentos vencidos e adulterados,03/09/2019 15:28,https://g1.globo.com/to/tocantins/noticia/2019/09/03/gerente-e-socia-de-supermercado-sao-indiciadas-por-vender-alimentos-vencidos-e-adulterados.ghtml
01/07/2019,itens,Mulher com tornozeleira eletrônica é presa após furtar itens de supermercado em Barra Mansa,19/08/2019 08:01,https://g1.globo.com/rj/sul-do-rio-costa-verde/noticia/2019/08/19/mulher-com-tornozeleira-eletronica-e-presa-apos-furtar-itens-de-supermercado-em-barra-mansa.ghtml
01/07/2019,acaba,"Homem tira fotos de mulheres dentro de supermercado e acaba detido, em Presidente Prudente",22/07/2019 14:16,https://g1.globo.com/sp/presidente-prudente-regiao/noticia/2019/07/22/homem-tira-fotos-de-mulheres-dentro-de-supermercado-e-acaba-detido-em-presidente-prudente.ghtml
30/09/2019,interditado,Supermercado é interditado pela Vigilância Sanitária em Cariacica,10/12/2019 19:50,https://g1.globo.com/es/espirito-santo/noticia/2019/12/10/supermercado-e-interditado-pela-vigilancia-sanitaria-em-cariacica.ghtml
30/09/2019,termina,Supermercado de Uberlândia está fechado por tempo indeterminado após incêndio,28/10/2019 18:47,https://g1.globo.com/mg/triangulo-mineiro/noticia/2019/10/28/supermercado-de-uberlandia-esta-fechado-por-tempo-indeterminado-apos-incendio.ghtml
30/09/2019,interditada,Dez casas são interditadas após incêndio destruir supermercado em Tietê,28/10/2019 19:32,https://g1.globo.com/sp/itapetininga-regiao/noticia/2019/10/28/dez-casas-sao-interditadas-apos-incendio-destruir-supermercado-em-tiete.ghtml
30/09/2019,chuva,Chuva destrói telhas e paredes de supermercado no DF; veja vídeo,26/10/2019 19:32,https://g1.globo.com/df/distrito-federal/noticia/2019/10/26/chuva-destroi-telhas-e-paredes-de-supermercado-no-df-veja-video.ghtml
30/09/2019,alimento,MP-ES vai investigar pesagens de alimentos vendidos em supermercado de Vitória,05/11/2019 17:03,https://g1.globo.com/es/espirito-santo/noticia/2019/11/05/mp-es-vai-investigar-pesagens-de-alimentos-vendidos-em-supermercado-de-vitoria.ghtml
30/09/2019,alimento,Gerente é preso após fiscalização encontrar alimentos vencidos em supermercado de Pirajuí,12/11/2019 16:06,https://g1.globo.com/sp/bauru-marilia/noticia/2019/11/12/gerente-e-preso-apos-fiscalizacao-encontrar-alimentos-vencidos-em-supermercado-de-pirajui.ghtml
30/09/2019,fila,Candidatos enfrentam fila por vaga de emprego em supermercado na Zona Norte,08/10/2019 06:15,https://g1.globo.com/sp/sao-paulo/noticia/2019/10/07/candidatos-enfrentam-fila-por-vaga-de-emprego-em-supermercado-na-zona-norte-de-sp.ghtml
30/09/2019,prateleira,Caixas caem de prateleira e funcionária de supermercado fica ferida em SP,22/10/2019 14:48,https://g1.globo.com/sp/santos-regiao/noticia/2019/10/22/estrutura-cai-de-prateleira-e-funcionaria-de-supermercado-fica-ferida-em-sp.ghtml
30/09/2019,produto,Mulheres são presas em flagrante com produtos furtados de supermercado em Presidente Prudente,13/10/2019 11:39,https://g1.globo.com/sp/presidente-prudente-regiao/noticia/2019/10/13/mulheres-sao-presas-em-flagrante-com-produtos-furtados-de-supermercado-em-presidente-prudente.ghtml
30/09/2019,produto,Panificadora e supermercado são autuados por vender produtos vencidos e avariados em Palmas,23/10/2019 20:05,https://g1.globo.com/to/tocantins/noticia/2019/10/23/panificadora-e-supermercado-sao-autuados-por-vender-produtos-vencidos-e-avariados-em-palmas.ghtml
30/09/2019,produto,"Mais de 120 kg de produtos irregulares são apreendidos em supermercado, em Manaus",27/11/2019 17:15,https://g1.globo.com/am/amazonas/noticia/2019/11/27/mais-de-120-kg-de-produtos-irregulares-sao-apreendidos-em-supermercado-em-manaus.ghtml
30/09/2019,produto,Dona de supermercado é presa por vender produtos com validade vencida em Pirajuí,13/11/2019 19:26,https://g1.globo.com/sp/bauru-marilia/noticia/2019/11/13/dona-de-supermercado-e-presa-por-vender-produtos-com-validade-vencida-em-pirajui.ghtml
30/09/2019,fila,Centenas de candidatos dormem em fila para tentar emprego em supermercado no DF,06/11/2019 20:49,https://g1.globo.com/df/distrito-federal/noticia/2019/11/06/centenas-de-candidatos-dormem-em-fila-para-tentar-emprego-em-supermercado-no-df.ghtml
30/09/2019,produto,"Em Manaus, fiscais apreendem mais de 50 kg de produtos irregulares em supermercado",07/11/2019 21:43,https://g1.globo.com/am/amazonas/noticia/2019/11/07/em-manaus-fiscais-apreendem-mais-de-50-kg-de-produtos-irregulares-em-supermercado.ghtml
30/09/2019,acaba,"Mulher furta cerveja de supermercado, tenta matar fiscal e acaba presa, na Grande BH",29/11/2019 08:55,https://g1.globo.com/mg/minas-gerais/noticia/2019/11/28/mulher-furta-cerveja-de-supermercado-tenta-matar-fiscal-e-acaba-presa-na-grande-bh.ghtml
30/09/2019,produto,Trio é preso suspeito de furtar produtos para churrasco em supermercado de João Pessoa,12/12/2019 06:27,https://g1.globo.com/pb/paraiba/noticia/2019/12/12/trio-e-preso-suspeito-de-furtar-produtos-para-churrasco-em-supermercado-de-joao-pessoa.ghtml
30/12/2019,abastecimento,Coronavírus: supermercado desmente mensagem de desabastecimento em BH,19/03/2020 12:19,https://g1.globo.com/mg/minas-gerais/noticia/2020/03/19/coronavirus-supermercado-desmente-mensagem-de-desabastecimento-em-bh.ghtml
30/12/2019,aumentar,Vendas de água mineral aumentaram 150% em supermercado no Rio,27/01/2020 09:18,https://g1.globo.com/rj/rio-de-janeiro/noticia/2020/01/27/vendas-de-agua-mineral-aumentaram-em-supermercado-no-rio.ghtml
30/12/2019,alimento,Vídeo com rato em supermercado viraliza e alimentos são descartados no RJ,10/02/2020 20:05,https://g1.globo.com/rj/regiao-dos-lagos/noticia/2020/02/05/video-com-rato-em-supermercado-viraliza-e-meia-tonelada-de-alimentos-e-descartada-em-cabo-frio.ghtml
30/12/2019,produto,Produtos com prazo de validade vencido são apreendidos em supermercado em Manaus,21/01/2020 18:41,https://g1.globo.com/am/amazonas/noticia/2020/01/21/produtos-com-prazo-de-validade-vencido-sao-apreendidos-em-supermercado-em-manaus.ghtml
30/12/2019,fila,Centenas de pessoas formam fila para entregar currículo após anúncio de novo supermercado,05/02/2020 12:24,https://g1.globo.com/pe/pernambuco/noticia/2020/02/05/centenas-de-pessoas-formam-fila-para-entregar-curriculo-apos-anuncio-de-novo-supermercado.ghtml
30/12/2019,chuva,Estacionamento de supermercado alaga após forte chuva em Teresina; várias cidades registram estragos,09/01/2020 10:21,https://g1.globo.com/pi/piaui/noticia/2020/01/09/estacionamento-de-supermercado-alaga-apos-forte-chuva-em-teresina-varias-cidades-registram-estragos.ghtml
30/12/2019,alimento,Mais de 20 kg de alimentos vencidos são apreendidos dentro de supermercado em Manaus,18/02/2020 08:30,https://g1.globo.com/am/amazonas/noticia/2020/02/18/mais-de-20-kg-de-alimentos-vencidos-sao-apreendidos-dentro-de-supermercado-em-manaus.ghtml
30/12/2019,compra,Coronavírus: infectologista do RS dá dicas de como fazer compras no supermercado com segurança,20/03/2020 17:09,https://g1.globo.com/rs/rio-grande-do-sul/noticia/2020/03/20/coronavirus-infectologista-do-rs-da-dicas-de-como-fazer-compras-no-supermercado-com-seguranca.ghtml
30/12/2019,fila,Desempregados passam a noite em fila por vaga de emprego em supermercado em Votuporanga,16/01/2020 14:14,https://g1.globo.com/sp/sao-jose-do-rio-preto-aracatuba/noticia/2020/01/16/desempregados-passam-a-noite-em-fila-na-busca-por-vaga-em-rede-de-supermercados.ghtml
30/03/2020,acaba,"Incêndio atinge supermercado em Copacabana, na Zona Sul do Rio",20/05/2020 20:42,https://g1.globo.com/rj/rio-de-janeiro/noticia/2020/05/20/incendio-atinge-imovel-em-copacabana-na-zona-sul-do-rio.ghtml
30/03/2020,interditado,Supermercado em Salvador é interditado após descumprir decreto da prefeitura,18/04/2020 21:07,https://g1.globo.com/ba/bahia/noticia/2020/04/18/supermercado-em-salvador-e-interditado-apos-descumprir-decreto-da-prefeitura.ghtml
30/03/2020,coronavírus,De plantão: caixa de supermercado relata rotina de precaução contra coronavírus,30/04/2020 21:37,https://g1.globo.com/sp/vale-do-paraiba-regiao/noticia/2020/04/30/de-plantao-caixa-de-supermercado-relata-rotina-de-precaucao-contra-coronavirus.ghtml
30/03/2020,preço,"Supermercado é autuado por preços abusivos de produtos, em João Pessoa",30/03/2020 12:43,https://g1.globo.com/pb/paraiba/noticia/2020/03/30/supermercado-e-autuado-por-precos-abusivos-de-produtos-em-joao-pessoa.ghtml
30/03/2020,compra,Cliente é assaltada enquanto fazia compras em supermercado de Fortaleza; vídeo,03/06/2020 15:09,https://g1.globo.com/ce/ceara/noticia/2020/06/03/cliente-e-assaltada-enquanto-fazia-compras-em-supermercado-de-fortaleza-video.ghtml
30/03/2020,interditado,"Com dois funcionários com coronavírus, supermercado é interditado em São Leopoldo",30/04/2020 12:53,https://g1.globo.com/rs/rio-grande-do-sul/noticia/2020/04/29/com-dois-funcionarios-com-coronavirus-supermercado-e-interditado-em-sao-leopoldo.ghtml
30/03/2020,covid-19,Treze funcionários de supermercado de Marília são afastados por Covid-19,26/05/2020 18:54,https://g1.globo.com/sp/bauru-marilia/noticia/2020/05/26/treze-funcionarios-de-supermercado-de-marilia-sao-afastados-por-covid-19.ghtml
30/03/2020,interditado,Supermercado que teve oito funcionários com Covid-19 é interditado no ES,29/04/2020 12:58,https://g1.globo.com/es/espirito-santo/noticia/2020/04/29/supermercado-que-teve-oito-funcionarios-com-covid-19-e-interditado-no-es.ghtml
30/03/2020,alimento,Dupla é presa suspeita de furtar 100 quilos de alimentos em supermercado,26/06/2020 17:06,https://g1.globo.com/sp/sorocaba-jundiai/noticia/2020/06/26/dupla-e-presa-suspeita-de-furtar-100-quilos-de-alimentos-em-supermercado.ghtml
30/03/2020,coronavírus,Supermercado instala cabine de desinfecção contra o novo coronavírus em Boa Vista,09/05/2020 16:43,https://g1.globo.com/rr/roraima/noticia/2020/05/09/supermercado-instala-cabine-de-desinfeccao-contra-o-novo-coronavirus-em-boa-vista.ghtml
30/03/2020,preço,Gerente de supermercado é preso por prática de preço abusivo em Ubatuba,10/04/2020 14:14,https://g1.globo.com/sp/vale-do-paraiba-regiao/noticia/2020/04/10/gerente-de-supermercado-e-preso-por-pratica-de-preco-abusivo-em-ubatuba.ghtml
30/03/2020,covid-19,Supermercado em Florianópolis é fechado para desinfecção após funcionários contraírem Covid-19,09/04/2020 16:00,https://g1.globo.com/sc/santa-catarina/noticia/2020/04/08/supermercado-em-florianopolis-e-fechado-para-desinfeccao-apos-funcionarios-contrairem-covid-19.ghtml
30/03/2020,coronavírus,Unidade de supermercado em Salvador é fechada após funcionário ser diagnosticado com coronavírus,27/04/2020 22:07,https://g1.globo.com/ba/bahia/noticia/2020/04/27/unidade-de-supermercado-em-salvador-e-fechada-apos-funcionario-ser-diagnosticado-com-coronavirus.ghtml
30/03/2020,fila,VÍDEO: caixa de supermercado é agredida após alertar cliente sobre distância na fila,07/05/2020 13:09,https://g1.globo.com/sp/vale-do-paraiba-regiao/noticia/2020/05/07/video-caixa-de-supermercado-e-agredida-apos-alertar-cliente-sobre-distancia-na-fila.ghtml
30/03/2020,alimento,"Após denúncias, operação apreende alimentos impróprios para consumo em supermercado de Rio Branco",08/06/2020 15:16,https://g1.globo.com/ac/acre/noticia/2020/06/08/apos-denuncias-operacao-apreende-alimentos-improprios-para-consumo-em-supermercado-de-rio-branco.ghtml
30/03/2020,interditado,Supermercado de Jaú é interditado após 9 funcionários testarem positivo para Covid-19,23/06/2020 13:35,https://g1.globo.com/sp/bauru-marilia/noticia/2020/06/23/supermercado-de-jau-e-interditado-apos-9-funcionarios-testarem-positivo-para-covid-19.ghtml
30/03/2020,covid-19,Supermercado no ES registra oito casos positivos de Covid-19 entre os funcionários,28/04/2020 10:49,https://g1.globo.com/es/espirito-santo/noticia/2020/04/28/supermercado-no-es-registra-oito-casos-positivos-de-covid-19-entre-os-funcionarios.ghtml
30/03/2020,pandemia,Rede de supermercado oferece vagas em Teresina para reforçar quadro durante a pandemia,28/04/2020 07:21,https://g1.globo.com/pi/piaui/noticia/2020/04/28/rede-de-supermercado-oferece-vagas-em-teresina-para-reforcar-quadro-durante-a-pandemia.ghtml
30/03/2020,compra,Supermercado instala cabine de desinfecção para carrinhos de compras em Rio Verde; vídeo,28/05/2020 06:26,https://g1.globo.com/go/goias/noticia/2020/05/28/supermercado-instala-cabine-de-desinfeccao-para-carrinhos-de-compras-em-rio-verde-video.ghtml
30/03/2020,limitar,Justiça manda supermercado limitar número de clientes na loja durante quarentena em Capivari,04/04/2020 15:46,https://g1.globo.com/sp/piracicaba-regiao/noticia/2020/04/04/justica-manda-supermercado-limitar-numero-de-clientes-na-loja-durante-quarentena-em-capivari.ghtml
30/03/2020,prateleira,Leite destinado à merenda escolar é flagrado em prateleira de supermercado em Criciúma,05/05/2020 10:52,https://g1.globo.com/sc/santa-catarina/noticia/2020/05/05/leite-destinado-a-merenda-escolar-e-flagrado-em-prateleira-de-supermercado-em-criciuma.ghtml
30/03/2020,interditado,Supermercado de Florianópolis é interditado para desinfecção após funcionário ser diagnosticado com coronavírus,19/04/2020 14:53,https://g1.globo.com/sc/santa-catarina/noticia/2020/04/19/supermercado-de-florianopolis-e-interditado-para-desinfeccao-apos-funcionario-ser-diagnosticado-com-coronavirus.ghtml
30/03/2020,coronavírus,Supermercado é autuado pelo Procon por descumprir medidas para evitar avanço do novo coronavírus,04/05/2020 17:56,https://g1.globo.com/pe/pernambuco/noticia/2020/05/04/supermercado-e-autuado-pelo-procon-por-descumprir-medidas-para-evitar-avanco-do-novo-coronavirus.ghtml
30/03/2020,coronavírus,Terceirizado de supermercado de São Carlos testa positivo para coronavírus e está na UTI,23/04/2020 11:44,https://g1.globo.com/sp/sao-carlos-regiao/noticia/2020/04/22/terceirizado-de-supermercado-testa-positivo-para-coronavirus-e-e-afastado-em-sao-carlos.ghtml
30/03/2020,aglomeração,Inauguração de supermercado gera aglomeração em Parnaíba; cidade com 203 casos da Covid-19,22/05/2020 16:10,https://g1.globo.com/pi/piaui/noticia/2020/05/22/inauguracao-de-supermercado-gera-aglomeracao-em-parnaiba-cidade-com-203-casos-da-covid-19.ghtml
30/03/2020,covid-19,Supermercado fica fechado em Araraquara após registrar 3 casos de Covid-19 entre funcionários,21/06/2020 13:22,https://g1.globo.com/sp/sao-carlos-regiao/noticia/2020/06/21/supermercado-fica-fechado-em-araraquara-apos-registrar-3-casos-de-covid-19-entre-funcionarios.ghtml
30/03/2020,fila,"Coronavírus: apesar da quarentena, farmácia de alto custo e supermercado têm filas em Campinas",01/04/2020 14:34,https://g1.globo.com/sp/campinas-regiao/noticia/2020/04/01/coronavirus-apesar-da-quarentena-farmacia-de-alto-custo-e-supermercado-tem-filas-em-campinas.ghtml
30/03/2020,termina,"Cliente tenta entrar sem máscara em supermercado de Curitiba, e caso termina em confusão",17/04/2020 21:51,https://g1.globo.com/pr/parana/noticia/2020/04/17/cliente-tenta-entrar-sem-mascara-em-supermercado-de-curitiba-e-caso-termina-em-confusao.ghtml
30/03/2020,compra,"Supermercado em Manaus torna obrigatório uso de máscara durante compras, em prevenção à Covid-19",25/04/2020 19:13,https://g1.globo.com/am/amazonas/noticia/2020/04/25/supermercado-em-manaus-torna-obrigatorio-uso-de-mascara-durante-compras-em-prevencao-a-covid-19.ghtml
30/03/2020,interditado,Supermercado que havia sido interditado por ter funcionários com coronavírus é reaberto em São Leopoldo,05/05/2020 13:35,https://g1.globo.com/rs/rio-grande-do-sul/noticia/2020/05/05/supermercado-que-havia-sido-interditado-por-ter-funcionarios-com-coronavirus-e-reaberto-em-sao-leopoldo.ghtml
30/03/2020,produto,Supermercado que estava vendendo 2 toneladas de produtos impróprios para consumo no AC é autuado,11/06/2020 15:27,https://g1.globo.com/ac/acre/noticia/2020/06/11/supermercado-que-estava-vendendo-2-toneladas-de-produtos-improprios-para-consumo-no-ac-e-autuado.ghtml
29/06/2020,aglomeração,Inauguração de supermercado causa aglomeração na Grande Natal,09/07/2020 19:34,https://g1.globo.com/rn/rio-grande-do-norte/noticia/2020/07/09/inauguracao-de-supermercado-causa-aglomeracao-na-grande-natal.ghtml
29/06/2020,aglomeração,Supermercado é interditado após denúncia de aglomeração em Itatiba,07/07/2020 08:26,https://g1.globo.com/sp/sorocaba-jundiai/noticia/2020/07/06/supermercado-e-interditado-apos-denuncia-de-aglomeracao-em-itatiba.ghtml
29/06/2020,produto,"Supermercado na Serra, ES, é interditado após fiscalização encontrar produtos vencidos",03/07/2020 11:16,https://g1.globo.com/es/espirito-santo/noticia/2020/07/02/supermercado-na-serra-es-e-interditado-apos-fiscalizacao-encontrar-produtos-vencidos.ghtml
29/06/2020,produto,Câmera registra momento em que produtora é enforcada em supermercado; vídeo,10/07/2020 10:06,https://g1.globo.com/sp/sao-jose-do-rio-preto-aracatuba/noticia/2020/07/09/camera-registra-momento-em-que-produtora-musical-e-enforcada-em-supermercado-video.ghtml
29/06/2020,interditado,Supermercado interditado é reaberto antes do prazo previsto em Caxias do Sul,07/07/2020 15:26,https://g1.globo.com/rs/rio-grande-do-sul/noticia/2020/07/07/supermercado-interditado-e-reaberto-antes-do-prazo-previsto-em-caxias-do-sul.ghtml
29/06/2020,termina,Discussão sobre uso de máscara em supermercado termina na delegacia em Campinas,28/07/2020 10:09,https://g1.globo.com/sp/campinas-regiao/noticia/2020/07/28/discussao-sobre-uso-de-mascara-em-supermercado-termina-na-delegacia-em-campinas.ghtml
29/06/2020,chuva,Segurança de supermercado usa o próprio guarda-chuva para proteger cão na Escócia,02/07/2020 19:01,https://g1.globo.com/olha-que-legal/noticia/2020/07/02/seguranca-de-supermercado-usa-o-proprio-guarda-chuva-para-proteger-cao-na-escocia.ghtml
29/06/2020,alimento,Fiscalização apreende mais de 45 quilos de alimentos vencidos em supermercado de Manaus,30/07/2020 09:59,https://g1.globo.com/am/amazonas/noticia/2020/07/30/fiscalizacao-apreende-mais-de-45-quilos-de-alimentos-vencidos-em-supermercado-de-manaus.ghtml
29/06/2020,aumento,Procon Vitória aponta aumento de até 50% em preços de itens de supermercado,07/08/2020 10:51,https://g1.globo.com/es/espirito-santo/noticia/2020/08/06/procon-vitoria-aponta-aumento-de-ate-50percent-em-precos-de-itens-de-supermercado.ghtml
29/06/2020,produto,Procon autua supermercado após clientes denunciarem a venda de produtos apodrecidos e vencidos,11/09/2020 09:45,https://g1.globo.com/ms/mato-grosso-do-sul/noticia/2020/09/11/procon-autua-supermercado-apos-clientes-denunciarem-a-venda-de-produtos-apodrecidos-e-vencidos.ghtml
29/06/2020,produto,"Polícia acha produtos vencidos em supermercado de Campinas e proprietária é presa, diz SSP",15/07/2020 22:02,https://g1.globo.com/sp/campinas-regiao/noticia/2020/07/15/policia-acha-produtos-vencidos-em-supermercado-de-campinas-e-proprietaria-e-presa-diz-ssp.ghtml
29/06/2020,covid-19,Quatro funcionários são afastados de supermercado após testarem positivo para Covid-19 em Matão,15/08/2020 19:58,https://g1.globo.com/sp/sao-carlos-regiao/noticia/2020/08/15/quatro-funcionarios-sao-afastados-de-supermercado-apos-testarem-positivo-para-covid-19-em-matao.ghtml
29/06/2020,compra,Homem tem carro furtado enquanto fazia compras em supermercado de Gurupi; Veículo foi abandonado,19/08/2020 12:54,https://g1.globo.com/to/tocantins/noticia/2020/08/19/homem-tem-carro-furtado-enquanto-fazia-compras-em-supermercado-de-gurupi-veiculo-foi-abandonado.ghtml
29/06/2020,produto,Sete jovens são detidas por furtarem cerca de mil produtos em supermercado de SP,07/08/2020 21:32,https://g1.globo.com/sp/santos-regiao/noticia/2020/08/07/sete-jovens-sao-detidas-por-furtarem-cerca-de-mil-produtos-em-supermercado-de-sp.ghtml
29/06/2020,pânico,Gerente de supermercado relata pânico de funcionários agredidos por cliente que não quis usar máscara,17/09/2020 10:51,https://g1.globo.com/sp/sorocaba-jundiai/noticia/2020/09/17/gerente-de-supermercado-relata-panico-de-funcionarios-agredidos-por-cliente-que-nao-quis-usar-mascara.ghtml
29/06/2020,acaba,"Com mercadorias escondidas em bolsa, homem acaba preso por furto após alarme de supermercado disparar",03/07/2020 15:45,https://g1.globo.com/sp/presidente-prudente-regiao/noticia/2020/07/03/com-mercadorias-escondidas-em-bolsa-homem-acaba-preso-por-furto-apos-alarme-de-supermercado-disparar.ghtml
29/06/2020,interditado,"Supermercado é interditado por não notificar no prazo casos de coronavírus, em Caxias do Sul",01/07/2020 21:43,https://g1.globo.com/rs/rio-grande-do-sul/noticia/2020/07/01/supermercado-e-interditado-por-nao-notificar-no-prazo-casos-de-coronavirus-em-caxias-do-sul.ghtml
29/06/2020,pandemia,Violinista troca ônibus e metrô por apresentações em supermercado para sobreviver na pandemia no Recife,23/07/2020 15:35,https://g1.globo.com/pe/pernambuco/noticia/2020/07/23/violinista-troca-onibus-e-metro-por-apresentacoes-em-supermercado-para-sobreviver-na-pandemia-no-recife.ghtml
29/06/2020,pandemia,"Discoteca gay de Lima, no Peru, reabre como supermercado por causa da pandemia de novo coronavírus",30/06/2020 18:33,https://g1.globo.com/mundo/noticia/2020/06/30/discoteca-gay-de-lima-no-peru-reabre-como-supermercado-por-causa-da-pandemia-de-novo-coronavirus.ghtml
28/09/2020,aglomeração,Supermercado é interditado pela Vigilância Sanitária após registrar aglomeração em Ubatuba,23/12/2020 17:28,https://g1.globo.com/sp/vale-do-paraiba-regiao/noticia/2020/12/23/supermercado-e-interditado-pela-vigilancia-sanitaria-apos-registrar-aglomeracao-em-ubatuba.ghtml
28/09/2020,aglomeração,Aglomeração é registrada durante inauguração de supermercado em Natal; veja vídeo,17/12/2020 13:19,https://g1.globo.com/rn/rio-grande-do-norte/noticia/2020/12/17/aglomeracao-e-registrada-durante-inauguracao-de-supermercado-em-natal-veja-video.ghtml
28/09/2020,prateleira,Polícia investiga causas de desabamento de prateleiras em supermercado em São Luís,04/10/2020 10:36,https://g1.globo.com/ma/maranhao/noticia/2020/10/04/shpp-investiga-causas-de-desabamento-de-prateleiras-em-supermercado-em-sao-luis.ghtml
28/09/2020,produto,Açougueiro é preso em Araraquara após furtar e vender produtos de supermercado,03/12/2020 10:22,https://g1.globo.com/sp/sao-carlos-regiao/noticia/2020/12/03/acougueiro-e-preso-em-araraquara-apos-furtar-e-vender-produtos-de-supermercado.ghtml
28/09/2020,acaba,Suspeito de tentar assaltar supermercado acaba baleado após vítima reagir em Gurupi,29/10/2020 22:23,https://g1.globo.com/to/tocantins/noticia/2020/10/29/suspeito-de-tentar-assaltar-supermercado-acaba-baleado-apos-vitima-reagir-em-gurupi.ghtml
28/09/2020,compra,Escola nos EUA cria supermercado onde produtos podem ser comprados com boas ações,11/12/2020 06:00,https://g1.globo.com/olha-que-legal/noticia/2020/12/11/escola-nos-eua-cria-supermercado-onde-produtos-podem-ser-comprados-com-boas-acoes.ghtml
28/09/2020,prateleira,Vídeo mostra estrutura instável dias antes de prateleira cair em supermercado. Veja imagem,04/10/2020 21:22,https://g1.globo.com/fantastico/noticia/2020/10/04/video-mostra-estrutura-instavel-dias-antes-de-prateleira-cair-em-supermercado-veja-imagem.ghtml
28/09/2020,produto,Grávida quebra perna após produto cair em cima dela em supermercado de Garanhuns,08/12/2020 18:55,https://g1.globo.com/pe/caruaru-regiao/noticia/2020/12/08/gravida-quebra-perna-apos-produto-cair-em-cima-dela-em-supermercado-de-garanhuns.ghtml
28/09/2020,fila,"Homens brigam por causa de distanciamento em fila de supermercado em Santos, SP",06/10/2020 18:45,https://g1.globo.com/sp/santos-regiao/noticia/2020/10/06/homens-brigam-por-causa-de-distanciamento-em-fila-de-supermercado-em-santos-sp.ghtml
28/09/2020,compra,"Aposentada denuncia que teve compras de supermercado furtadas por motorista de aplicativo, em Goiânia",10/11/2020 10:15,https://g1.globo.com/go/goias/noticia/2020/11/06/aposentada-denuncia-que-teve-compras-de-supermercado-furtadas-por-motorista-de-aplicativo-em-goiania.ghtml
28/09/2020,busca,Bombeiros fazem buscas por vítimas de desabamento de prateleiras em supermercado de São Luís,03/10/2020 08:46,https://g1.globo.com/ma/maranhao/noticia/2020/10/03/bombeiros-fazem-buscas-por-vitimas-de-desabamento-de-prateleiras-em-supermercado-de-sao-luis.ghtml
28/09/2020,prateleira,Jovem que morreu em desabamento de prateleiras de supermercado é sepultada em São Luís,05/10/2020 11:09,https://g1.globo.com/ma/maranhao/noticia/2020/10/04/jovem-que-morreu-em-desabamento-de-prateleiras-de-supermercado-e-sepultada-em-sao-luis.ghtml
28/09/2020,vazia,Supermercado obriga casal negro a esvaziar bolsa para revista e encontra Bíblia em SP,30/10/2020 09:52,https://g1.globo.com/sp/sao-paulo/noticia/2020/10/29/supermercado-obriga-casal-negro-a-esvaziar-bolsa-para-revista-e-encontra-biblia-em-sp.ghtml
28/09/2020,compra,VÍDEO: Homem tem carro roubado em estacionamento de supermercado enquanto colocava compras no veículo,30/11/2020 08:10,https://g1.globo.com/ba/bahia/noticia/2020/11/30/video-homem-tem-carro-roubado-em-estacionamento-de-supermercado-enquanto-colocava-compras-no-veiculo.ghtml
28/09/2020,prateleira,MPT-MA irá instaurar inquérito sobre desabamento de prateleiras em supermercado em São Luís,03/10/2020 18:41,https://g1.globo.com/ma/maranhao/noticia/2020/10/03/mpt-ma-instaura-inquerito-sobre-desabamento-de-prateleiras-em-supermercado-em-sao-luis.ghtml
28/09/2020,fila,Fila para vaga em supermercado dá a volta em quarteirão no Centro do Rio,16/11/2020 13:36,https://g1.globo.com/rj/rio-de-janeiro/noticia/2020/11/16/fila-para-vaga-em-supermercado-da-a-volta-em-quarteirao-no-centro-do-rio.ghtml
28/09/2020,prateleira,Desabamento de prateleiras em supermercado deixa um morto e oito feridos em São Luís,03/10/2020 14:30,https://g1.globo.com/ma/maranhao/noticia/2020/10/03/desabamento-de-prateleiras-em-supermercado-deixa-um-morto-e-oito-feridos-em-sao-luis.ghtml
28/12/2020,produto,Startup usa rede de vizinhos para vender produtos de supermercado,28/02/2021 09:24,https://g1.globo.com/economia/pme/pequenas-empresas-grandes-negocios/noticia/2021/02/28/startup-usa-rede-de-vizinhos-para-vender-produtos-de-supermercado.ghtml
28/12/2020,interditado,Supermercado de Mogi das Cruzes é interditado por causa de incêndio,22/03/2021 09:36,https://g1.globo.com/sp/mogi-das-cruzes-suzano/noticia/2021/03/21/supermercado-de-mogi-das-cruzes-e-interditado-por-causa-de-incendio.ghtml
28/12/2020,produto,Procon apreende quase duas toneladas de produtos vencidos em supermercado de Alexânia,11/02/2021 18:31,https://g1.globo.com/go/goias/noticia/2021/02/11/procon-apreende-quase-duas-toneladas-de-produtos-vencidos-em-supermercado-de-alexania.ghtml
28/12/2020,prateleira,"Prateleiras amorteceram queda de telhado de supermercado em Guaíra, SP, diz bombeiro",06/01/2021 20:09,https://g1.globo.com/sp/ribeirao-preto-franca/noticia/2021/01/06/prateleiras-amorteceram-queda-de-telhado-de-supermercado-em-guaira-sp-diz-bombeiro.ghtml
28/12/2020,alimento,Mais de 25 Kg de alimentos são apreendidos em supermercado em Manaus,24/02/2021 09:36,https://g1.globo.com/am/amazonas/noticia/2021/02/24/mais-de-25-kg-de-alimentos-sao-apreendidos-em-supermercado-em-manaus.ghtml
28/12/2020,fila,Candidatos formam fila gigante após supermercado anunciar contratação de 250 funcionários em Fernandópolis,01/03/2021 13:39,https://g1.globo.com/sp/sao-jose-do-rio-preto-aracatuba/noticia/2021/03/01/candidatos-formam-fila-gigante-apos-supermercado-anunciar-contratacao-de-250-funcionarios-em-fernandopolis.ghtml
28/12/2020,produto,Procon apreende 20kg de alimentos e produtos de limpeza em supermercado de Manaus,11/03/2021 13:31,https://g1.globo.com/am/amazonas/noticia/2021/03/11/procon-apreende-20kg-de-alimentos-e-produtos-de-limpeza-em-supermercado-de-manaus.ghtml
28/12/2020,termina,Juíza determina reconstituição do assassinato de João Alberto em supermercado de Porto Alegre,22/02/2021 19:46,https://g1.globo.com/rs/rio-grande-do-sul/noticia/2021/02/22/juiza-determina-reconstituicao-do-assassinato-de-joao-alberto-em-supermercado-de-porto-alegre.ghtml
28/12/2020,aglomeração,Prefeito de Teresina vai a inauguração de supermercado com aglomeração de pessoas; vídeo,05/02/2021 08:48,https://g1.globo.com/pi/piaui/noticia/2021/02/04/prefeito-de-teresina-vai-a-inauguracao-de-supermercado-com-aglomeracao-de-pessoas-video.ghtml
28/12/2020,fila,"Centenas de pessoas formam fila para tentar vagas em rede de supermercado, em Rolândia",26/01/2021 17:33,https://g1.globo.com/pr/norte-noroeste/noticia/2021/01/26/centenas-de-pessoas-formam-fila-para-tentar-vagas-em-rede-de-supermercado-em-rolandia.ghtml
28/12/2020,interditado,Supermercado de Rio Preto é interditado por descumprir normas de prevenção contra a Covid-19,15/01/2021 15:04,https://g1.globo.com/sp/sao-jose-do-rio-preto-aracatuba/noticia/2021/01/15/supermercado-de-rio-preto-e-interditado-por-descumprir-normas-de-prevencao-contra-a-covid-19.ghtml
28/12/2020,compra,Viatura da PM é usada para transportar compras em supermercado de Belém; Veja o vídeo,04/02/2021 09:53,https://g1.globo.com/pa/para/noticia/2021/02/04/viatura-da-pm-e-usada-para-transportar-compras-em-supermercado-de-belem-veja-o-video.ghtml
29/03/2021,compra,Supermercado online em Goiânia: faça suas compras sem sair de casa,11/06/2021 11:16,https://g1.globo.com/go/goias/especial-publicitario/bretas/noticia/2021/06/11/supermercado-online-em-goiania-faca-suas-compras-sem-sair-de-casa.ghtml
29/03/2021,produto,Procon apreende mais de 50 quilos de produtos em supermercado de Manaus,11/06/2021 10:39,https://g1.globo.com/am/amazonas/noticia/2021/06/11/procon-apreende-mais-de-50-quilos-de-produtos-em-supermercado-de-manaus.ghtml
29/03/2021,produto,Produtos vencidos são encontrados à venda pelo Procon em supermercado de Ituiutaba,12/05/2021 19:42,https://g1.globo.com/mg/triangulo-mineiro/noticia/2021/05/12/produtos-vencidos-sao-encontrados-a-venda-pelo-procon-em-supermercado-de-ituiutaba.ghtml
29/03/2021,produto,Mulheres são presas após tentarem furtar produtos de supermercado em Rio Preto,30/04/2021 10:47,https://g1.globo.com/sp/sao-jose-do-rio-preto-aracatuba/noticia/2021/04/30/mulheres-sao-presas-apos-tentarem-furtar-produtos-de-supermercado-em-rio-preto.ghtml
29/03/2021,alimento,Moradores pegam alimentos após incêndio em depósito de supermercado em Boa Vista,05/06/2021 17:52,https://g1.globo.com/rr/roraima/noticia/2021/06/05/moradores-pegam-alimentos-apos-incendio-em-deposito-de-supermercado-em-boa-vista.ghtml
29/03/2021,covid-19,Supermercado suspende atendimento em São Manuel após surto de Covid-19 em funcionários,24/05/2021 11:42,https://g1.globo.com/sp/bauru-marilia/noticia/2021/05/24/supermercado-suspende-atendimento-em-sao-manuel-apos-surto-de-covid-19-em-funcionarios.ghtml
29/03/2021,interditado,Supermercado é interditado em Araraquara após 6 funcionários testarem positivo para Covid-19,24/04/2021 10:22,https://g1.globo.com/sp/sao-carlos-regiao/noticia/2021/04/24/supermercado-e-interditado-em-araraquara-apos-6-funcionarios-testarem-positivo-para-covid-19.ghtml
29/03/2021,covid-19,Supermercado de São Carlos suspende atendimento após 16 casos de Covid-19 entre funcionários,15/06/2021 14:32,https://g1.globo.com/sp/sao-carlos-regiao/noticia/2021/06/11/supermercado-de-sao-carlos-suspende-atendimento-apos-casos-de-covid-19-entre-funcionarios.ghtml
29/03/2021,produto,Mais de 45 quilos de alimentos e produtos de limpeza são apreendidos em supermercado Manaus,12/06/2021 12:25,https://g1.globo.com/am/amazonas/noticia/2021/06/12/mais-de-45-quilos-de-alimentos-e-produtos-de-limpeza-sao-apreendidos-em-supermercado-manaus.ghtml
29/03/2021,produto,Procon apreende mais de 40 Kg de produtos fora da validade em supermercado em Manaus,26/04/2021 20:44,https://g1.globo.com/am/amazonas/noticia/2021/04/26/procon-apreende-mais-de-40-kg-de-produtos-fora-da-validade-em-supermercado-em-manaus.ghtml
29/03/2021,defesa civil,Defesa Civil de Paulínia faz vistoria em supermercado destruído por incêndio e interdita casa vizinha,14/06/2021 13:01,https://g1.globo.com/sp/campinas-regiao/noticia/2021/06/14/defesa-civil-de-paulinia-faz-vistoria-em-supermercado-destruido-por-incendio-e-interdita-casa-vizinha.ghtml
29/03/2021,produto,Procon apreende mais de 50 quilos de alimentos e produtos de limpeza em supermercado de Manaus,21/05/2021 13:34,https://g1.globo.com/am/amazonas/noticia/2021/05/21/procon-apreende-mais-de-50-quilos-de-alimentos-e-produtos-de-limpeza-em-supermercado-de-manaus.ghtml
28/06/2021,prateleira,Mulher encontra cobra em prateleira de supermercado na Austrália,19/08/2021 05:23,https://g1.globo.com/mundo/noticia/2021/08/19/mulher-encontra-cobra-em-prateleira-de-supermercado-na-australia.ghtml
28/06/2021,produto,Produtos impróprios para o consumo são apreendidos em supermercado de Manaus,31/08/2021 14:29,https://g1.globo.com/am/amazonas/noticia/2021/08/31/produtos-improprios-para-o-consumo-sao-apreendidos-em-supermercado-de-manaus.ghtml
28/06/2021,produto,Procon autua supermercado em Uberaba por venda de produtos impróprios para consumo,19/08/2021 15:16,https://g1.globo.com/mg/triangulo-mineiro/noticia/2021/08/19/procon-autua-supermercado-em-uberaba-por-venda-de-produtos-improprios-para-consumo.ghtml
28/06/2021,compra,Supermercado em Goiânia oferece até 50% de desconto em delivery de compras,06/09/2021 15:38,https://g1.globo.com/go/goias/especial-publicitario/supermercado-bretas/noticia/2021/09/06/supermercado-em-goiania-oferece-ate-50percent-de-desconto-em-delivery-de-compras.ghtml
28/06/2021,produto,Procon apreende mais de 100 Kg de produtos em supermercado de Manaus,15/07/2021 10:53,https://g1.globo.com/am/amazonas/noticia/2021/07/15/procon-apreende-mais-de-100-kg-de-produtos-em-supermercado-de-manaus.ghtml
28/06/2021,produto,60 quilos de produtos são apreendidos pelo Procon em supermercado de Manaus,20/08/2021 10:17,https://g1.globo.com/am/amazonas/noticia/2021/08/20/60-quilos-de-produtos-sao-apreendidos-pelo-procon-em-supermercado-de-manaus.ghtml
28/06/2021,alimento,Procon apreende mais de 790 quilos de alimentos em supermercado de Manaus,04/09/2021 13:27,https://g1.globo.com/am/amazonas/noticia/2021/09/04/procon-apreende-mais-de-790-quilos-de-alimentos-em-supermercado-de-manaus.ghtml
28/06/2021,produto,Mais de 50 quilos de produtos são apreendidos em supermercado de shopping em Manaus,29/06/2021 09:12,https://g1.globo.com/am/amazonas/noticia/2021/06/29/mais-de-50-quilos-de-produtos-sao-apreendidos-em-supermercado-de-shopping-em-manaus.ghtml
28/06/2021,interditado,Supermercado de São Carlos é interditado após 10 funcionários testarem positivo para Covid-19,13/07/2021 16:47,https://g1.globo.com/sp/sao-carlos-regiao/noticia/2021/07/13/supermercado-de-sao-carlos-e-interditado-apos-10-funcionarios-testarem-positivo-para-covid-19.ghtml
28/06/2021,falta,"Supermercado é interditado por falta de higiene e outras irregularidades sanitárias em Campos, no RJ",29/07/2021 21:31,https://g1.globo.com/rj/norte-fluminense/noticia/2021/07/29/supermercado-e-interditado-por-falta-de-higiene-e-outras-irregularidades-sanitarias-em-campos-no-rj.ghtml
28/06/2021,produto,Mais de 40 quilos de produtos são apreendidos em supermercado na zona sul de Manaus,24/08/2021 16:21,https://g1.globo.com/am/amazonas/noticia/2021/08/24/mais-de-40-quilos-de-produtos-sao-apreendidos-em-supermercado-na-zona-sul-de-manaus.ghtml
27/09/2021,compra,"Do supermercado à cafeteria, saiba como usar pontos nas suas compras",28/10/2021 18:16,https://g1.globo.com/sp/especial-publicitario/livelo/noticia/2021/10/28/do-supermercado-a-cafeteria-saiba-como-usar-pontos-nas-suas-compras.ghtml
27/09/2021,compra,"Do supermercado à cafeteria, saiba como usar pontos nas suas compras",28/10/2021 18:20,https://g1.globo.com/rs/rio-grande-do-sul/especial-publicitario/livelo/noticia/2021/10/28/do-supermercado-a-cafeteria-saiba-como-usar-pontos-nas-suas-compras.ghtml
27/09/2021,compra,"Do supermercado à cafeteria, saiba como usar pontos nas suas compras",28/10/2021 18:23,https://g1.globo.com/pe/pernambuco/especial-publicitario/livelo/noticia/2021/10/28/do-supermercado-a-cafeteria-saiba-como-usar-pontos-nas-suas-compras.ghtml
27/09/2021,compra,"Do supermercado à cafeteria, saiba como usar pontos nas suas compras",28/10/2021 18:19,https://g1.globo.com/rj/rio-de-janeiro/especial-publicitario/livelo/noticia/2021/10/28/do-supermercado-a-cafeteria-saiba-como-usar-pontos-nas-suas-compras.ghtml
27/09/2021,compra,"Do supermercado à cafeteria, saiba como usar pontos nas suas compras",28/10/2021 18:21,https://g1.globo.com/ba/bahia/especial-publicitario/livelo/noticia/2021/10/28/do-supermercado-a-cafeteria-saiba-como-usar-pontos-nas-suas-compras.ghtml
27/09/2021,limitar,Justiça proíbe supermercado de limitar ida de funcionários ao banheiro em MT,02/12/2021 15:01,https://g1.globo.com/mt/mato-grosso/noticia/2021/12/02/justica-proibe-supermercado-de-limitar-ida-de-funcionarios-ao-banheiro-em-mt.ghtml
27/09/2021,alimento,Procon apreende alimentos vencidos em supermercado e loja de conveniência em Uberaba,29/09/2021 13:09,https://g1.globo.com/mg/triangulo-mineiro/noticia/2021/09/28/procon-apreende-alimentos-vencidos-em-supermercado-e-loja-de-conveniencia-em-uberaba.ghtml
27/09/2021,compra,Globo Comunidade: consumidora dá dicas de como economizar com as compras do supermercado,10/11/2021 15:34,https://g1.globo.com/rj/rio-de-janeiro/noticia/2021/11/07/globo-comunidade-consumidora-da-dicas-de-como-economizar-com-as-compras-do-supermercado.ghtml
27/09/2021,abastecimento,É #FAKE que medidas de isolamento social provocaram desabastecimento em supermercado na Bélgica,13/10/2021 16:06,https://g1.globo.com/fato-ou-fake/coronavirus/noticia/2021/10/13/e-fake-que-medidas-de-isolamento-social-provocaram-desabastecimento-em-supermercado-na-belgica.ghtml
27/09/2021,chuva,VÍDEO: telhado de supermercado desaba durante chuva e ventos fortes em Monte Carmelo,30/09/2021 19:32,https://g1.globo.com/mg/triangulo-mineiro/noticia/2021/09/30/video-telhado-de-supermercado-desaba-durante-chuva-e-ventos-fortes-em-monte-carmelo.ghtml
27/09/2021,alimento,Mais de 500 quilos de alimentos vencidos são apreendidos em supermercado de Manaus,09/11/2021 18:34,https://g1.globo.com/am/amazonas/noticia/2021/11/09/mais-de-500-quilos-de-alimentos-vencidos-sao-apreendidos-em-supermercado-de-manaus.ghtml
27/09/2021,produto,VÍDEO: Homem furta produtos de supermercado duas vezes em um dia em Garanhuns,02/12/2021 09:31,https://g1.globo.com/pe/caruaru-regiao/noticia/2021/12/02/video-homem-furta-produtos-de-supermercado-duas-vezes-em-um-dia-em-garanhuns.ghtml
27/09/2021,produto,Procon apreende 169 Kg de produtos fora da validade em supermercado de Manaus,15/12/2021 14:07,https://g1.globo.com/am/amazonas/noticia/2021/12/14/procon-apreende-169-kg-de-produtos-fora-da-validade-em-supermercado-de-manaus.ghtml
27/09/2021,termina,Assalto em supermercado termina com cliente baleado em Macapá; criminosos fugiram a pé,06/10/2021 12:10,https://g1.globo.com/ap/amapa/noticia/2021/10/06/assalto-em-supermercado-termina-com-cliente-baleado-em-macapa-criminosos-fugiram-a-pe.ghtml
27/09/2021,preço,Preço do mesmo produto varia até 300% de um supermercado para outro em Vitória,08/10/2021 08:00,https://g1.globo.com/es/espirito-santo/noticia/2021/10/07/preco-do-mesmo-produto-pode-variar-ate-300percent-de-um-supermercado-para-outro-em-vitoria.ghtml
27/09/2021,produto,Procon apreende mais de 70 Kg de produtos em supermercado na Zona Leste de Manaus,13/10/2021 18:03,https://g1.globo.com/am/amazonas/noticia/2021/10/13/procon-apreende-mais-de-70-kg-de-produtos-em-supermercado-na-zona-leste-de-manaus.ghtml
27/09/2021,acaba,PM reage a assalto em supermercado e dois suspeitos acabam mortos em Cruzeiro do Sul,11/12/2021 15:16,https://g1.globo.com/ac/acre/noticia/2021/12/11/pm-reage-a-assalto-em-supermercado-e-adolescente-de-17-anos-acaba-morto-em-cruzeiro-do-sul.ghtml
27/12/2021,deslizamento,"Deslizamento de terra atinge supermercado em Aperibé, RJ; VÍDEO",09/02/2022 12:55,https://g1.globo.com/rj/norte-fluminense/noticia/2022/02/09/deslizamento-de-terra-atinge-supermercado-em-aperibe-rj-video.ghtml
27/12/2021,produto,VÍDEO: Bandido invade supermercado pelo teto e rouba produtos em Caruaru,18/02/2022 11:14,https://g1.globo.com/pe/caruaru-regiao/noticia/2022/02/18/video-bandido-invade-supermercado-pelo-teto-e-rouba-produtos-em-caruaru.ghtml
27/12/2021,defesa civil,"Supermercado que pegou fogo em Florianópolis tem estrutura totalmente comprometida, diz Defesa Civil",27/12/2021 18:07,https://g1.globo.com/sc/santa-catarina/noticia/2021/12/27/estrutura-de-supermercado-que-pegou-fogo-em-florianopolis-foi-totalmente-comprometida-diz-defesa-civil.ghtml
27/12/2021,termina,Discussão em caixa de supermercado de Mococa termina com tiro acidental e agressões,27/02/2022 12:40,https://g1.globo.com/sp/sao-carlos-regiao/noticia/2022/02/27/discussao-em-caixa-de-supermercado-de-mococa-termina-com-tiro-acidental-e-agressoes.ghtml
27/12/2021,produto,Guarda Municipal recupera R$ 4 mil e produtos furtados de supermercado em Capivari,10/03/2022 15:31,https://g1.globo.com/sp/piracicaba-regiao/noticia/2022/03/10/guarda-municipal-recupera-r-4-mil-e-produtos-furtados-de-supermercado-em-capivari.ghtml
27/12/2021,alimento,"Moradores recolhem alimentos em escombros de supermercado destruído por incêndio, em João Pessoa",07/01/2022 10:57,https://g1.globo.com/pb/paraiba/noticia/2022/01/07/moradores-recolhem-alimentos-em-escombros-de-supermercado-destruido-por-incendio-em-joao-pessoa.ghtml
27/12/2021,produto,"Vídeo: criminosos arrombam loja em supermercado e furtam produtos eletrônicos na Serra, ES",04/03/2022 07:50,https://g1.globo.com/es/espirito-santo/noticia/2022/03/03/video-criminosos-arrombam-loja-em-supermercado-e-furtam-produtos-eletronicos-na-serra-es.ghtml
27/12/2021,produto,Fiscalização apreende produtos vencidos e 170 kg de carne em supermercado no sul de Palmas,15/02/2022 18:21,https://g1.globo.com/to/tocantins/noticia/2022/02/15/fiscalizacao-apreende-produtos-vencidos-e-170-kg-de-carne-em-supermercado-no-sul-de-palmas.ghtml
27/12/2021,compra,Polícia investiga abordagem a menino negro expulso de supermercado em Porto Alegre enquanto fazia compras,23/02/2022 21:23,https://g1.globo.com/rs/rio-grande-do-sul/noticia/2022/02/23/policia-investiga-abordagem-a-menino-negro-expulso-de-supermercado-em-porto-alegre-enquanto-fazia-compras.ghtml
27/12/2021,compra,"Homem enche carrinho de compras e sai do supermercado sem pagar, em Aparecida de Goiânia; vídeo",25/03/2022 10:58,https://g1.globo.com/go/goias/noticia/2022/03/25/homem-enche-carrinho-de-compras-e-sai-do-supermercado-sem-pagar-em-aparecida-de-goiania-video.ghtml
27/12/2021,comida,PM é preso após furtar R$ 1 mil em comida e bebida em supermercado no DF,09/01/2022 17:05,https://g1.globo.com/df/distrito-federal/noticia/2022/01/09/pm-e-preso-apos-furtar-r-1-mil-em-comida-e-bebida-em-supermercado-no-df.ghtml
27/12/2021,falta,"Micro-ônibus bate em poste, atinge muro de supermercado e provoca falta de energia, em Fortaleza",29/01/2022 11:05,https://g1.globo.com/ce/ceara/noticia/2022/01/29/micro-onibus-bate-em-poste-atinge-muro-de-supermercado-e-provoca-falta-de-energia-em-fortaleza.ghtml
28/03/2022,alimento,Como identificar se um alimento é orgânico no supermercado?,12/04/2022 20:37,https://g1.globo.com/economia/agronegocios/noticia/2022/02/16/como-identificar-se-um-alimento-e-organico-no-supermercado.ghtml
28/03/2022,produto,Jovem é preso furtando diversos produtos em supermercado de Barra Mansa,19/06/2022 13:39,https://g1.globo.com/rj/sul-do-rio-costa-verde/noticia/2022/06/19/homem-e-preso-furtando-diversos-produtos-em-supermercado-de-barra-mansa.ghtml
28/03/2022,produto,Trio suspeito de furtar produtos de supermercado é detido em Gravatá,14/05/2022 13:11,https://g1.globo.com/pe/caruaru-regiao/noticia/2022/05/14/trio-suspeito-de-furtar-produtos-de-supermercado-e-detido-em-gravata.ghtml
28/03/2022,produto,Mulher é presa por furtar diversos produtos em supermercado em Valença,20/05/2022 16:53,https://g1.globo.com/rj/sul-do-rio-costa-verde/noticia/2022/05/20/idosa-e-presa-por-furtar-diversos-produtos-em-supermercado-em-valenca.ghtml
28/03/2022,termina,Tiroteio em supermercado termina com caixa assassinada e vigilante ferido no ES,29/04/2022 15:24,https://g1.globo.com/es/espirito-santo/noticia/2022/01/15/criminosos-voltam-para-se-vingar-de-seguranca-e-caixa-de-supermercado-e-assassinada-no-es.ghtml
28/03/2022,tumulto,"VÍDEO: cebola a R$ 0,99 o quilo gera tumulto em supermercado do DF",02/05/2022 21:23,https://g1.globo.com/df/distrito-federal/noticia/2022/05/02/video-cebola-a-r-099-o-quilo-gera-tumulto-em-supermercado-do-df.ghtml
28/03/2022,produto,Idoso é preso com diversos produtos furtados de supermercado em Barra do Piraí,29/05/2022 10:21,https://g1.globo.com/rj/sul-do-rio-costa-verde/noticia/2022/05/29/idoso-e-preso-com-diversos-produtos-furtados-de-supermercado-em-barra-do-pirai.ghtml
28/03/2022,acaba,Suspeito de furtar supermercado rasga camisa de segurança e acaba preso em Presidente Prudente,30/05/2022 12:22,https://g1.globo.com/sp/presidente-prudente-regiao/noticia/2022/05/30/suspeito-de-furtar-supermercado-rasga-camisa-de-seguranca-e-acaba-preso-em-presidente-prudente.ghtml
28/03/2022,produto,Alimentos e produtos de limpeza vencidos são apreendidos pelo Procon em supermercado de Manaus,25/04/2022 19:05,https://g1.globo.com/am/amazonas/noticia/2022/04/25/alimentos-e-produtos-de-limpeza-vencidos-sao-apreendidos-pelo-procon-em-supermercado-de-manaus.ghtml
28/03/2022,produto,Alimentos e produtos de limpeza vencidos são apreendidos em supermercado da Zona Leste de Manaus,24/05/2022 09:33,https://g1.globo.com/am/amazonas/noticia/2022/05/24/alimentos-e-produtos-de-limpeza-vencidos-sao-apreendidos-em-supermercado-da-zona-leste-de-manaus.ghtml
28/03/2022,pânico,Vizinha relata momentos de pânico durante assalto de quadrilha mascarada a supermercado: 'Cena de filme',06/04/2022 10:25,https://g1.globo.com/sp/sorocaba-jundiai/noticia/2022/04/06/vizinha-relata-momentos-de-panico-durante-assalto-de-quadrilha-mascarada-a-supermercado-cena-de-filme.ghtml
27/06/2022,alimento,Supermercado de Uberaba é flagrado com 40 kg de alimentos vencidos,29/06/2022 07:28,https://g1.globo.com/mg/triangulo-mineiro/noticia/2022/06/28/supermercado-de-uberaba-e-flagrado-com-40-kg-de-alimentos-vencidos.ghtml
27/06/2022,compra,Carrinho inteligente calcula valor da compra e recebe pagamentos em supermercado de Campinas; entenda,20/07/2022 13:57,https://g1.globo.com/sp/campinas-regiao/noticia/2022/07/20/carrinho-inteligente-calcula-valor-da-compra-e-recebe-pagamentos-em-supermercado-de-campinas-entenda.ghtml
27/06/2022,alimento,Suspeito de furtar alimentos em supermercado e repassar para empresário é preso no recôncavo,28/07/2022 15:25,https://g1.globo.com/ba/bahia/noticia/2022/07/28/suspeito-de-furtar-alimentos-em-supermercado-e-repassar-para-empresario-e-preso-no-reconcavo.ghtml
27/06/2022,produto,Mulher é presa após furtar produtos de higiene e alimentos em supermercado em Dracena,02/08/2022 19:00,https://g1.globo.com/sp/presidente-prudente-regiao/noticia/2022/08/02/mulher-e-presa-apos-furtar-produtos-de-higiene-e-alimentos-em-supermercado-em-dracena.ghtml
27/06/2022,fila,Mutirão para vagas de emprego em supermercado forma longas filas em Juiz de Fora,30/08/2022 11:51,https://g1.globo.com/mg/zona-da-mata/concursos-e-emprego/noticia/2022/08/30/mutirao-para-vagas-de-emprego-em-supermercado-forma-longas-filas-em-juiz-de-fora.ghtml
27/06/2022,fila,Homem filma por baixo da saia de cliente em fila de supermercado em Anápolis; vídeo,07/07/2022 15:55,https://g1.globo.com/go/goias/noticia/2022/07/07/homem-e-suspeito-de-filmar-por-baixo-da-saia-de-cliente-de-supermercado-em-anapolis-video.ghtml
26/09/2022,alimento,Procon apreende quase meia tonelada de alimentos vencidos em supermercado de Goiânia,18/10/2022 10:34,https://g1.globo.com/go/goias/noticia/2022/10/18/procon-apreende-quase-meia-tonelada-de-alimentos-vencidos-em-supermercado-de-goiania.ghtml
26/09/2022,lotam,"VÍDEO: Ladrões invadem supermercado e lotam Kombi com carnes, bebidas e perfumes",21/10/2022 10:38,https://g1.globo.com/pr/norte-noroeste/noticia/2022/10/21/video-video-ladroes-invadem-supermercado-e-lotam-kombi-com-carnes-bebidas-e-perfumes.ghtml
26/09/2022,compra,Donos de supermercado são indiciados por comprarem carga furtada de ração de cachorro,24/10/2022 17:58,https://g1.globo.com/mt/mato-grosso/noticia/2022/10/24/donos-de-supermercado-sao-indiciados-por-comprar-carga-furtada-de-racao-de-cachorro.ghtml
26/09/2022,alimento,"Três pessoas são detidas após protesto por alimentos, em supermercado de João Pessoa",17/12/2022 18:55,https://g1.globo.com/pb/paraiba/noticia/2022/12/17/tres-pessoas-sao-detidas-apos-protesto-por-alimentos-em-supermercado-de-joao-pessoa.ghtml
26/09/2022,estoque,Supermercado é multado por armazenar pescado sem declaração de estoque durante piracema em Quatá,09/11/2022 19:19,https://g1.globo.com/sp/bauru-marilia/noticia/2022/11/09/supermercado-e-multado-por-armazenar-pescado-sem-declaracao-de-estoque-durante-piracema-em-quata.ghtml
26/09/2022,abastecer,"Supermercado é suspeito de furtar energia suficiente para abastecer 2 mil casas, no DF",17/11/2022 09:51,https://g1.globo.com/df/distrito-federal/noticia/2022/11/17/supermercado-e-suspeito-de-furtar-energia-suficiente-para-abastecer-2-mil-casas-no-df.ghtml
26/09/2022,abastecimento,Supermercado limita quantidade de produtos de hortifruti para evitar desabastecimento: 'Três quilos por CPF',02/11/2022 17:54,https://g1.globo.com/sp/bauru-marilia/noticia/2022/11/02/supermercado-limita-quantidade-de-produtos-de-hortifruti-para-evitar-desabastecimento-tres-quilos-por-cpf.ghtml
26/09/2022,produto,Bancário acusa funcionários de supermercado de racismo e diz ter sido acusado de furtar produtos,08/10/2022 13:20,https://g1.globo.com/rj/rio-de-janeiro/noticia/2022/10/08/bancario-acusa-funcionarios-de-supermercado-de-racismo.ghtml
26/09/2022,termina,Sequestro de dono de supermercado termina com dois homens presos em Santo Antônio do Caiuá,18/12/2022 15:05,https://g1.globo.com/pr/norte-noroeste/noticia/2022/12/18/sequestro-de-dono-de-supermercado-termina-com-dois-homens-presos-em-santo-antonio-do-caiua.ghtml
26/12/2022,compra,"Cachorro 'furta' compras de supermercado em Miguelópolis, SP; veja vídeo",22/02/2023 11:50,https://g1.globo.com/sp/ribeirao-preto-franca/noticia/2023/02/22/cachorro-furta-compras-de-supermercado-em-miguelopolis-sp-veja-video.ghtml
26/12/2022,interditado,Prefeitura de Suzano libera supermercado atingido por incêndio; galpão segue interditado,04/01/2023 15:18,https://g1.globo.com/sp/mogi-das-cruzes-suzano/noticia/2023/01/04/prefeitura-de-suzano-libera-supermercado-atingido-por-incendio-galpao-segue-interditado.ghtml
26/12/2022,chuva,Parte de teto de supermercado desaba após chuva em Cândido Mota,15/03/2023 19:13,https://g1.globo.com/sp/bauru-marilia/noticia/2023/03/15/parte-de-teto-de-supermercado-desaba-apos-chuva-em-candido-mota.ghtml
26/12/2022,produto,Fiscalização encontra mais de 500 produtos vencidos sendo comercializados em supermercado,06/01/2023 09:17,https://g1.globo.com/to/tocantins/noticia/2023/01/06/fiscalizacao-encontra-mais-de-500-produtos-vencidos-sendo-comercializados-em-supermercado.ghtml
26/12/2022,produto,Produtos vencidos são apreendidos e supermercado de Cuiabá é notificado pelo Procon,22/03/2023 10:34,https://g1.globo.com/mt/mato-grosso/noticia/2023/03/22/produtos-vencidos-sao-apreendidos-e-supermercado-de-cuiaba-e-notificado-pelo-procon.ghtml
26/12/2022,temporal,"Bebedouro, SP, tem enxurradas, motoristas ilhados e supermercado alagado durante temporal; VÍDEO",10/03/2023 20:12,https://g1.globo.com/sp/ribeirao-preto-franca/noticia/2023/03/10/chuva-alaga-ruas-e-deixa-motoristas-ilhados-em-bebedouro-sp.ghtml
26/12/2022,interditado,Supermercado é interditado pela Polícia e Vigilância Sanitária por crime contra o consumidor,02/03/2023 12:10,https://g1.globo.com/pa/santarem-regiao/noticia/2023/03/02/supermercado-e-interditado-pela-policia-e-vigilancia-sanitaria-por-crime-contra-o-consumidor.ghtml
26/12/2022,compra,Homem joga carrinho de compras em mulher dentro de supermercado em Goiás; vídeo,23/02/2023 16:39,https://g1.globo.com/go/goias/noticia/2023/02/23/homem-joga-carrinho-de-compras-em-mulher-dentro-de-supermercado-em-goias-video.ghtml
26/12/2022,isolado,VÍDEO: cliente flagra rato em supermercado de São Carlos; unidade vê 'incidente isolado',04/03/2023 14:06,https://g1.globo.com/sp/sao-carlos-regiao/noticia/2023/03/03/video-cliente-flagra-rato-em-supermercado-de-sao-carlos-unidade-ve-incidente-isolado.ghtml
26/12/2022,abastecer,Supermercado é flagrado desviando energia suficiente para abastecer 150 casas por um mês,17/01/2023 18:51,https://g1.globo.com/pe/pernambuco/noticia/2023/01/17/supermercado-e-flagrado-desviando-energia-suficiente-para-abastecer-150-casas-por-um-mes.ghtml
26/12/2022,alimento,Homem é preso após furtar alimentos de supermercado onde era gerente em Divinolândia de Minas,23/03/2023 15:34,https://g1.globo.com/mg/vales-mg/noticia/2023/03/23/homem-e-preso-apos-furtar-alimentos-de-supermercado-onde-era-gerente-em-divinolandia-de-minas.ghtml
26/12/2022,produto,Quatro pessoas são presas suspeitas de furtar cerca de 380 produtos de supermercado em Aracaju,22/01/2023 14:25,https://g1.globo.com/se/sergipe/noticia/2023/01/22/quatro-pessoas-sao-presas-suspeitas-de-furtar-cerca-de-380-produtos-de-supermercado-em-aracaju.ghtml
26/12/2022,interditado,"Após avaliação da Defesa Civil, supermercado do Centro de Suzano atingido por um incêndio é interditado",04/01/2023 15:42,https://g1.globo.com/sp/mogi-das-cruzes-suzano/noticia/2023/01/03/apos-avaliacao-da-defesa-civil-supermercado-do-centro-de-suzano-atingido-por-um-incendio-e-interditado.ghtml
27/03/2023,compra,Iniciativa pioneira: “Carrinhos inteligentes” agilizam compra em supermercado catarinense,15/06/2023 11:29,https://g1.globo.com/sc/santa-catarina/especial-publicitario/supermercado-brasao/noticia/2023/06/15/iniciativa-pioneira-carrinhos-inteligentes-agilizam-compra-em-supermercado-catarinense.ghtml
27/03/2023,produto,MP investiga supermercado do DF por venda de produtos vencidos,12/04/2023 11:32,https://g1.globo.com/df/distrito-federal/noticia/2023/04/11/mp-investiga-supermercado-do-df-por-venda-de-produtos-vencidos.ghtml
27/03/2023,alimento,Polícia Civil apreende alimentos vencidos em supermercado de Ponta Grossa,04/04/2023 14:32,https://g1.globo.com/pr/campos-gerais-sul/noticia/2023/04/04/policia-civil-apreende-alimentos-vencidos-em-supermercado-de-ponta-grossa.ghtml
27/03/2023,fila,Homem leva tiro na barriga dentro de supermercado durante briga por causa de fila,30/04/2023 18:10,https://g1.globo.com/pe/pernambuco/noticia/2023/04/30/homem-leva-tiro-dentro-de-supermercado-durante-briga-por-causa-de-fila.ghtml
27/03/2023,termina,Justiça determina paralisação de obra de supermercado no Urbanova em São José dos Campos,16/06/2023 11:59,https://g1.globo.com/sp/vale-do-paraiba-regiao/noticia/2023/06/16/justica-determina-paralisacao-de-obra-de-supermercado-no-urbanova-em-sao-jose-dos-campos.ghtml
27/03/2023,acaba,"Homem furta supermercado, é encontrado em fazenda da prefeita de Mucajaí e acaba preso",06/04/2023 15:30,https://g1.globo.com/rr/roraima/noticia/2023/04/06/homem-furta-supermercado-e-encontrado-em-fazenda-da-prefeita-de-mucajai-e-acaba-preso.ghtml
27/03/2023,acaba,"Discussão em frente a supermercado acaba com um homem morto na Estrutural, no DF",27/04/2023 20:15,https://g1.globo.com/df/distrito-federal/noticia/2023/04/27/discussao-em-frente-a-supermercado-acaba-com-um-homem-morto-na-estrutural-no-df.ghtml
27/03/2023,interditado,Supermercado atacadista é interditado após fiscais encontrarem sujeira e até fezes de animais em depósito,30/05/2023 09:38,https://g1.globo.com/to/tocantins/noticia/2023/05/29/supermercado-atacadista-e-interditado-apos-fiscais-encontrarem-sujeira-e-ate-fezes-de-animais-em-deposito.ghtml
27/03/2023,termina,Justiça determina internação de adolescente suspeita de cortar pescoço de mulher em banheiro de supermercado,18/04/2023 18:04,https://g1.globo.com/to/tocantins/noticia/2023/04/18/justica-determina-internacao-de-adolescente-suspeita-de-cortar-pescoco-de-mulher-em-banheiro-de-supermercado.ghtml
27/03/2023,compra,"Homem que jogou carrinho de compras em mulher dentro de supermercado é preso, diz polícia",15/04/2023 12:51,https://g1.globo.com/go/goias/noticia/2023/04/15/homem-que-jogou-carrinho-de-compras-em-mulher-dentro-de-supermercado-e-preso-diz-policia.ghtml
27/03/2023,produto,Grávida e dois homens são presos após roubarem R$ 10 mil em produtos em supermercado,23/04/2023 13:05,https://g1.globo.com/pe/pernambuco/noticia/2023/04/23/gravida-e-dois-homens-sao-presos-apos-praticarem-furtos-em-supermercado.ghtml
27/03/2023,compra,Mulher aplica golpe do PIX em supermercado e é presa em flagrante enquanto recebia compras,31/05/2023 16:14,https://g1.globo.com/mg/grande-minas/noticia/2023/05/31/mulher-aplica-golpe-do-pix-em-supermercado-e-e-presa-em-flagrante-enquanto-recebia-compras.ghtml
26/06/2023,produto,Produtos explodiram e foram arremessados durante incêndio em supermercado; VÍDEO,29/07/2023 19:46,https://g1.globo.com/to/tocantins/noticia/2023/07/29/produtos-explodiram-e-foram-arremessados-durante-incendio-em-supermercado-video.ghtml
26/06/2023,produto,Consumidores procuram produtos perto do vencimento como alternativa para baratear supermercado,08/08/2023 14:42,https://g1.globo.com/jornal-hoje/noticia/2023/08/08/consumidores-procuram-produtos-perto-do-vencimento-como-alternativa-para-baratear-supermercado.ghtml
26/06/2023,crise,Crise econômica na Argentina gera 'turismo de supermercado' de países vizinhos,14/07/2023 08:38,https://g1.globo.com/mundo/noticia/2023/07/13/crise-economica-na-argentina-gera-turismo-de-supermercado-de-paises-vizinhos.ghtml
26/06/2023,preço,Preço da carne continua caindo mais no campo do que no supermercado,14/09/2023 11:44,https://g1.globo.com/economia/agronegocios/noticia/2023/09/12/preco-da-carne-continua-caindo-mais-no-campo-do-que-no-supermercado.ghtml
26/06/2023,produto,Gerente de supermercado é preso após vender produtos vencidos e estragados em Indaiatuba,29/06/2023 12:53,https://g1.globo.com/sp/campinas-regiao/noticia/2023/06/29/gerente-de-supermercado-e-preso-apos-vender-produtos-vencidos-e-estragados-em-indaiatuba.ghtml
26/06/2023,produto,VÍDEO: Pombos aparecem voando e bicando produtos em corredores de supermercado dentro de shopping no ES,31/07/2023 12:04,https://g1.globo.com/es/espirito-santo/noticia/2023/07/31/video-pombos-aparecem-voando-e-bicando-produtos-em-corredores-de-supermercado-dentro-de-shopping-no-es.ghtml
26/06/2023,estoque,"Refletor aquece, queima estoque de papel higiênico e destrói parte de depósito de supermercado em MG",19/09/2023 09:48,https://g1.globo.com/mg/vales-mg/noticia/2023/09/19/refletor-aquece-queima-estoque-de-papel-higienico-e-destroi-parte-de-deposito-de-supermercado-em-mg.ghtml
25/09/2023,produto,Supermercado investe em mix variado de produtos para pets,21/11/2023 15:03,https://g1.globo.com/sp/campinas-regiao/especial-publicitario/covabra/noticia/2023/03/14/supermercado-investe-em-mix-variado-de-produtos-para-pets.ghtml
25/09/2023,compra,Suspeito de fraudar sistema de pontos de supermercado para não pagar compras é preso,20/12/2023 08:36,https://g1.globo.com/rj/sul-do-rio-costa-verde/noticia/2023/12/20/suspeito-de-fraudar-sistema-de-pontos-de-supermercado-para-nao-pagar-compras-e-preso.ghtml
25/09/2023,compra,É #FAKE vídeo em que carrinho de compras 'fantasma' anda sozinho na madrugada em supermercado,20/10/2023 12:43,https://g1.globo.com/fato-ou-fake/noticia/2023/10/20/e-fake-video-em-que-carrinho-de-compras-fantasma-anda-sozinho-na-madrugada-em-supermercado.ghtml
25/09/2023,acaba,"Tentativa de assalto em supermercado acaba em tiroteio e mulher baleada em Ananindeua, na Grande Belém",18/10/2023 16:34,https://g1.globo.com/pa/para/noticia/2023/10/18/tentativa-de-assalto-em-supermercado-acaba-em-tiroteio-e-mulher-baleada-em-ananindeua-na-grande-belem.ghtml
25/09/2023,termina,"Roubo a supermercado termina com perseguição, troca de tiros e mais de R$ 14 mil recuperados",27/11/2023 12:14,https://g1.globo.com/mg/triangulo-mineiro/noticia/2023/11/27/roubo-a-supermercado-termina-com-perseguicao-troca-de-tiros-e-mais-de-r-14-mil-recuperados.ghtml
25/09/2023,compra,"Gerente é suspeito de desviar quase R$ 500 mil de supermercado e comprar casa, diz polícia",17/11/2023 12:55,https://g1.globo.com/to/tocantins/noticia/2023/11/16/gerente-e-suspeito-de-desviar-quase-r-500-mil-de-supermercado-e-comprar-casa-diz-policia.ghtml
25/09/2023,alimento,"Após denúncias de infestação de ratos e alimentos estragados, supermercado é interditado em São José de Ribamar",01/11/2023 18:43,https://g1.globo.com/ma/maranhao/noticia/2023/11/01/apos-denuncias-de-infestacao-de-ratos-e-alimentos-estragados-supermercado-e-interditado-em-sao-jose-de-ribamar.ghtml
25/09/2023,produto,"Entregador furta carnes, pizzas e cervejas de carrinho de supermercado, se arrepende e devolve produtos em Araçatuba",02/11/2023 15:26,https://g1.globo.com/sp/sao-jose-do-rio-preto-aracatuba/noticia/2023/11/02/entregador-furta-carnes-pizzas-e-cervejas-de-carrinho-de-supermercado-se-arrepende-e-devolve-produtos-em-aracatuba.ghtml
25/09/2023,chuva,"Chuva com ventos fortes na região de Campinas derruba telhado e árvores, danifica supermercado e deixa família ferida",07/10/2023 20:17,https://g1.globo.com/sp/campinas-regiao/noticia/2023/10/07/chuva-com-rajadas-de-vento-provoca-alagamentos-em-cidades-da-regiao-de-campinas.ghtml
25/09/2023,produto,"Casal é preso em Cabo Frio após sair de supermercado, sem pagar, com mais de R$ 500 em produtos",23/10/2023 18:20,https://g1.globo.com/rj/regiao-dos-lagos/noticia/2023/10/23/casal-e-preso-em-cabo-frio-apos-sair-de-supermercado-sem-pagar-com-mais-de-r-500-em-produtos.ghtml
25/12/2023,estoque,Incêndio atinge estoque de supermercado no Grande Recife; VÍDEO,08/01/2024 14:26,https://g1.globo.com/pe/pernambuco/noticia/2024/01/08/incendio-atinge-estoque-de-supermercado-no-grande-recife-video.ghtml
25/12/2023,produto,É possível ter uma alimentação saudável e natural com produtos do supermercado?,20/02/2024 13:29,https://g1.globo.com/sc/santa-catarina/especial-publicitario/bistek-supermercados/noticia/2024/02/20/e-possivel-ter-uma-alimentacao-saudavel-e-natural-com-produtos-do-supermercado.ghtml
25/12/2023,termina,Briga em supermercado termina em agressão e prisão por racismo no RJ,19/02/2024 15:19,https://g1.globo.com/rj/rio-de-janeiro/noticia/2024/02/19/briga-em-supermercado-termina-em-agressao-e-prisao-por-racismo-no-rj.ghtml
25/12/2023,aumento,"Com queda nos preços de produtos básicos, consumo das famílias no supermercado aumentou em 2023",24/01/2024 21:22,https://g1.globo.com/jornal-nacional/noticia/2024/01/24/com-queda-nos-precos-de-produtos-basicos-consumo-das-familias-no-supermercado-aumentou-em-2023.ghtml
25/12/2023,alimento,"Cerca de 300 kg de alimentos são apreendidos em supermercado de Manacapuru, interior do AM",12/02/2024 15:28,https://g1.globo.com/am/amazonas/noticia/2024/02/12/cerca-de-300-kg-de-alimentos-sao-apreendidos-em-supermercado-de-manacapuru-interior-do-am.ghtml
25/12/2023,preço,"Barra do Ceará, Vila Velha e Carlito Pamplona têm os menores preços no supermercado em Fortaleza",01/02/2024 17:52,https://g1.globo.com/ce/ceara/noticia/2024/02/01/barra-do-ceara-vila-velha-e-carlito-pamplona-tem-os-menores-precos-de-supermercado-em-fortaleza.ghtml
25/12/2023,alagamento,Único supermercado de Monteiro Lobato (SP) perde mercadorias após alagamento: 'Depois da tempestade vem a bonança',02/03/2024 13:42,https://g1.globo.com/sp/vale-do-paraiba-regiao/noticia/2024/03/02/unico-supermercado-de-monteiro-lobato-sp-perde-mercadorias-apos-alagamento-depois-da-tempestade-vem-a-bonanca.ghtml
25/12/2023,acaba,VÍDEO: Homem passa a mão nas nádegas de vizinha em supermercado e acaba preso por importunação sexual,21/03/2024 14:47,https://g1.globo.com/mg/triangulo-mineiro/noticia/2024/03/21/video-homem-passa-a-mao-nas-nadegas-de-vizinha-em-supermercado-e-acaba-preso-por-importunacao-sexual.ghtml
25/12/2023,compra,Vídeo mostra carro oficial de prefeitura sendo usado para levar compras de supermercado; município apura o caso,27/12/2023 13:29,https://g1.globo.com/sp/santos-regiao/noticia/2023/12/27/video-mostra-carro-oficial-de-prefeitura-sendo-usado-para-levar-compras-de-supermercado-municipio-apura-o-caso.ghtml
25/03/2024,fila,Homem é golpeado com canivete durante discussão em fila de supermercado,19/04/2024 16:01,https://g1.globo.com/sp/santos-regiao/noticia/2024/04/19/homem-e-golpeado-com-canivete-durante-discussao-em-fila-de-supermercado.ghtml
25/03/2024,isolado,"Após incêndio, supermercado em Salinas, é isolado pelo Corpo de Bombeiros",14/04/2024 14:50,https://g1.globo.com/mg/grande-minas/noticia/2024/04/14/apos-incendio-supermercado-em-salinas-e-isolado-pelo-corpo-de-bombeiros.ghtml
25/03/2024,preço,Preço nas alturas: Azeite ganha lacre antifurto em supermercado de Vitória,17/04/2024 16:37,https://g1.globo.com/es/espirito-santo/noticia/2024/04/17/preco-nas-alturas-azeite-ganha-lacre-antifurto-em-supermercado-de-vitoria.ghtml
25/03/2024,abastecimento,Medo do desabastecimento faz supermercado de Caruaru limitar venda de arroz,16/05/2024 12:25,https://g1.globo.com/pe/caruaru-regiao/noticia/2024/05/16/medo-do-desabastecimento-faz-supermercado-de-caruaru-limitar-venda-de-arroz.ghtml
25/03/2024,acaba,"Adolescentes matam aula, furtam whisky em supermercado e acabam apreendidos em MG",16/04/2024 09:56,https://g1.globo.com/mg/triangulo-mineiro/noticia/2024/04/16/adolescentes-matam-aula-furtam-whisky-em-supermercado-e-acabam-apreendidos-em-mg.ghtml
25/03/2024,alimento,Procon apreende 70 quilos de alimentos vencidos em supermercado na Grande Natal,12/06/2024 07:54,https://g1.globo.com/rn/rio-grande-do-norte/noticia/2024/06/12/procon-apreende-70-quilos-de-alimentos-vencidos-em-supermercado-na-grande-natal.ghtml
25/03/2024,fila,"VÍDEO: Polícia Civil apura suspeita de importunação sexual contra mulher em fila de supermercado, em MG",23/04/2024 13:26,https://g1.globo.com/mg/sul-de-minas/noticia/2024/04/23/video-policia-civil-apura-suspeita-de-importunacao-sexual-contra-mulher-em-fila-de-supermercado-em-mg.ghtml
25/03/2024,interditado,VÍDEO: cliente flagra rato em meio a frigorífico de supermercado no MA; estabelecimento é parcialmente interditado,29/04/2024 17:43,https://g1.globo.com/ma/maranhao/noticia/2024/04/29/video-cliente-flagra-rato-em-meio-a-frigorifico-de-supermercado-no-ma-estabelecimento-e-parcialmente-interditado.ghtml
25/03/2024,fila,Polícia confirma que homem investigado por importunação sexual se masturbou em fila de supermercado em MG,25/04/2024 14:55,https://g1.globo.com/mg/sul-de-minas/noticia/2024/04/25/policia-confirma-que-homem-investigado-por-importunacao-sexual-se-masturbou-em-fila-de-supermercado-em-mg.ghtml
25/03/2024,termina,"Operação contra suspeitos de atacar segurança em supermercado termina em 4 mortos em Balsas, no MA",05/04/2024 09:45,https://g1.globo.com/ma/maranhao/noticia/2024/04/05/operacao-contra-suspeitos-de-atacar-seguranca-em-supermercado-termina-em-4-mortos-em-balsas-no-maranhao.ghtml
25/03/2024,preço,"Preço da cesta básica em Piracicaba varia até 52,6% conforme o supermercado ou atacarejo, diz Esalq",30/03/2024 21:12,https://g1.globo.com/sp/piracicaba-regiao/noticia/2024/03/30/preco-da-cesta-basica-em-piracicaba-varia-ate-526percent-conforme-o-supermercado-ou-atacarejo-diz-esalq.ghtml
25/03/2024,fila,"Polícia Civil prende homem investigado por importunação sexual contra mulher em fila de supermercado, em MG",24/04/2024 19:31,https://g1.globo.com/mg/sul-de-minas/noticia/2024/04/24/policia-civil-prende-homem-investigado-por-importunacao-sexual-contra-mulher-em-fila-de-supermercado-em-mg.ghtml
25/03/2024,acaba,Homem de 20 anos com 81 anotações criminais é preso por furto a supermercado em Copacabana,03/04/2024 12:42,https://g1.globo.com/rj/rio-de-janeiro/noticia/2024/04/03/homem-e-preso-por-furto-a-supermercado-em-copacabana.ghtml
25/03/2024,corrida,Aplicativo de corrida mostra 'boca de fumo' em terreno baldio e 'nascimento de tartaruga' em supermercado no ES,07/05/2024 18:43,https://g1.globo.com/es/espirito-santo/noticia/2024/05/07/aplicativo-de-corrida-mostra-boca-de-fumo-em-terreno-baldio-e-nascimento-de-tartaruga-em-supermercado-no-es.ghtml
24/06/2024,compra,"Cliente compra bombons com larvas em supermercado de Senador Canedo, diz Procon",02/08/2024 10:37,https://g1.globo.com/go/goias/noticia/2024/08/02/cliente-compra-bombons-com-larvas-em-supermercado-de-senador-canedo-diz-procon.ghtml
24/06/2024,alimento,Supermercado é autuado por comercializar 40 quilos de alimentos impróprios para consumo,05/07/2024 12:19,https://g1.globo.com/am/amazonas/noticia/2024/07/05/supermercado-e-autuado-por-comercializar-40-quilos-de-alimentos-improprios-para-consumo.ghtml
24/06/2024,compra,Aposentado desaparece após deixar compras de supermercado em casa no litoral de SP,14/07/2024 15:02,https://g1.globo.com/sp/santos-regiao/noticia/2024/07/14/aposentado-desaparece-apos-deixar-compras-de-supermercado-em-casa-no-litoral-de-sp.ghtml
24/06/2024,produto,Quase 100 kg de produtos impróprios para uso são apreendidos em supermercado de Manaus,03/09/2024 13:00,https://g1.globo.com/am/amazonas/noticia/2024/09/03/quase-100-kg-de-alimentos-improprios-para-consumo-sao-apreendidos-em-supermercado-de-manaus.ghtml
24/06/2024,termina,Roubo a supermercado em MG termina em troca de tiros e criminoso morto no RJ,17/09/2024 11:58,https://g1.globo.com/mg/zona-da-mata/noticia/2024/09/17/roubo-a-supermercado-em-mg-termina-em-troca-de-tiros-e-criminoso-morto-no-rj.ghtml
24/06/2024,estoque,Gerente de estoque é preso em rodovia de Itápolis suspeito de furtar supermercado onde trabalha,07/09/2024 11:49,https://g1.globo.com/sp/bauru-marilia/noticia/2024/09/07/gerente-de-estoque-e-preso-em-rodovia-de-itapolis-suspeito-de-furtar-supermercado-onde-trabalha.ghtml
24/06/2024,termina,"Termina nesta terça prazo para candidatura em 300 vagas de emprego em supermercado, em Caraguatatuba",17/09/2024 10:08,https://g1.globo.com/sp/vale-do-paraiba-regiao/noticia/2024/09/17/termina-nesta-terca-prazo-para-candidatura-em-300-vagas-de-emprego-em-supermercado-em-caraguatatuba.ghtml
24/06/2024,acaba,Jovem tenta furtar 53 barras de chocolate após invadir supermercado e acaba preso em Presidente Prudente,26/07/2024 11:23,https://g1.globo.com/sp/presidente-prudente-regiao/noticia/2024/07/26/jovem-tenta-furtar-53-barras-de-chocolate-apos-invadir-supermercado-e-acaba-preso-em-presidente-prudente.ghtml
24/06/2024,acaba,"Homem esconde quase 4 kg de picanha furtada de supermercado dentro da bermuda, mas acaba preso em MG",28/08/2024 10:03,https://g1.globo.com/mg/zona-da-mata/noticia/2024/08/28/homem-esconde-quase-4-kg-de-picanha-furtada-de-supermercado-dentro-da-bermuda-mas-acaba-preso-em-mg.ghtml
24/06/2024,produto,Blitze flagram produtos e carnes vencidos e até com insetos em supermercados no ES,20/07/2024 15:59,https://g1.globo.com/es/espirito-santo/sul-es/noticia/2024/07/20/blitze-flagra-produtos-e-carnes-vencidos-e-ate-com-insetos-em-supermercados-no-es.ghtml
24/06/2024,preço,"Levantamento de preços aponta que cesta básica fica 4,57% mais barata nos supermercados de Presidente Prudente",16/07/2024 17:02,https://g1.globo.com/sp/presidente-prudente-regiao/noticia/2024/07/16/levantamento-de-precos-aponta-que-cesta-basica-fica-457percent-mais-barata-nos-supermercados-de-presidente-prudente.ghtml
23/09/2024,interditado,Supermercado é interditado por risco de desabamento,29/11/2024 10:48,https://g1.globo.com/ce/ceara/noticia/2024/11/29/supermercado-e-interditado-por-risco-de-desabamento.ghtml
23/09/2024,estoque,Incêndio atinge estoque de supermercado em Santos; VÍDEO,24/09/2024 18:32,https://g1.globo.com/sp/santos-regiao/noticia/2024/09/24/incendio-atinge-estoque-de-supermercado-em-santos-video.ghtml
23/09/2024,chuva,"Estrutura de supermercado desaba sobre 26 veículos estacionados durante forte chuva, em Presidente Venceslau",08/11/2024 10:16,https://g1.globo.com/sp/presidente-prudente-regiao/noticia/2024/11/08/estrutura-de-supermercado-desaba-sobre-veiculos-estacionados-durante-forte-chuva-em-presidente-venceslau.ghtml
23/09/2024,comida,"Gerente de supermercado levava comida para suspeito de matá-la mesmo após separação, diz delegado",20/11/2024 06:32,https://g1.globo.com/go/goias/noticia/2024/11/20/gerente-de-supermercado-levava-comida-para-suspeito-de-mata-la-mesmo-apos-separacao-diz-delegado.ghtml
23/09/2024,compra,"Carro desgovernado atinge sete motocicletas, três automóveis e dois carrinhos de compras em supermercado na Bahia",08/10/2024 16:44,https://g1.globo.com/ba/bahia/noticia/2024/10/07/carro-desgovernado-atinge-veiculos-em-juazeiro.ghtml
23/09/2024,produto,"Latas de cerveja, refrigerante e doces: suspeito de furtar produtos em supermercado é detido em Divinópolis",02/12/2024 17:05,https://g1.globo.com/mg/centro-oeste/noticia/2024/12/02/latas-de-cerveja-refrigerante-e-doces-suspeito-de-furtar-produtos-em-supermercado-e-detido-em-divinopolis.ghtml
23/09/2024,termina,"Tentativa de assalto a supermercado termina em troca de tiros, suspeito morto e vigilante ferido, em Belém",22/10/2024 22:26,https://g1.globo.com/pa/para/noticia/2024/10/22/tentativa-de-assalto-a-supermercado-termina-em-troca-de-tiros-em-belem.ghtml
23/09/2024,prateleira,"Homem invade supermercado, derruba várias prateleiras e causa prejuízo de quase R$ 10 mil em MG; VÍDEO",11/11/2024 11:32,https://g1.globo.com/mg/zona-da-mata/noticia/2024/11/11/homem-invade-supermercado-derruba-varias-prateleiras-e-causa-prejuizo-de-quase-r-10-mil-em-mg-video.ghtml
23/09/2024,produto,"Energéticos, sucos e refrigerantes: homem é preso após tentar furtar R$ 2 mil em produtos de supermercado em Divinópolis",22/10/2024 12:16,https://g1.globo.com/mg/centro-oeste/noticia/2024/10/22/energeticos-sucos-e-refrigerantes-homem-e-preso-apos-tentar-furtar-r-2-mil-em-produtos-de-supermercado-em-divinopolis.ghtml
23/09/2024,compra,VÍDEO: Estudante montado a cavalo faz compras em supermercado e até para em caixa junto com o animal para pagar,10/12/2024 12:48,https://g1.globo.com/go/goias/noticia/2024/12/10/video-estudante-montado-a-cavalo-faz-compras-em-supermercado-e-ate-para-em-caixa-junto-com-o-animal-para-pagar.ghtml
23/09/2024,fila,Jovem de 23 anos denuncia injúria racial em fila de supermercado em Salvador: 'como chama uma pessoa de macaco na Bahia?',02/10/2024 12:31,https://g1.globo.com/ba/bahia/noticia/2024/10/02/denuncia-racismo-mercado-salvador.ghtml
23/09/2024,compra,Polícia identifica grupo suspeito de invadir sistema de supermercado e criar 'vouchers' para compras; prejuízo é de cerca de R$ 300 mil,28/10/2024 20:11,https://g1.globo.com/rn/rio-grande-do-norte/noticia/2024/10/28/policia-identifica-grupo-suspeito-de-invadir-sistema-de-supermercado-e-criar-vouchers-para-compras-prejuizo-e-de-cerca-de-r-300-mil.ghtml
23/12/2024,compra,Funcionárias de supermercado atacadista são presas por 'falsa compra' em Cuiabá,27/02/2025 11:28,https://g1.globo.com/mt/mato-grosso/noticia/2025/02/27/funcionarias-de-supermercado-atacadista-sao-presas-por-falsa-compra-em-cuiaba.ghtml
23/12/2024,produto,Mais de 20 produtos impróprios para consumo são apreendidos em supermercado de Manaus,14/01/2025 10:48,https://g1.globo.com/am/amazonas/noticia/2025/01/14/mais-de-20-produtos-improprios-para-consumo-sao-apreendidos-em-supermercado-de-manaus.ghtml
23/12/2024,chuva,VÍDEO: parte de teto de supermercado desaba durante chuva com granizo em Barueri,30/12/2024 21:38,https://g1.globo.com/sp/sao-paulo/noticia/2024/12/30/parte-de-teto-de-supermercado-desaba-durante-chuva-com-granizo-em-barueri-grande-sp.ghtml
23/12/2024,alimento,"Ratos, baratas e armazenamento inadequado de alimentos: MPDFT investiga irregularidades sanitárias do supermercado Tatico",12/02/2025 19:09,https://g1.globo.com/df/distrito-federal/noticia/2025/02/12/ratos-baratas-e-armazenamento-inadequado-de-alimentos-mpdft-investiga-irregularidades-sanitarias-do-supermercado-tatico.ghtml
23/12/2024,falta,Homem agride com pá gerente de supermercado em MT: veja o que se sabe e o que falta saber,20/01/2025 10:44,https://g1.globo.com/mt/mato-grosso/noticia/2025/01/20/homem-agride-com-pa-gerente-de-supermercado-em-mt-veja-o-que-se-sabe-e-o-que-falta-saber.ghtml
23/12/2024,chuva,"Por conta das fortes chuvas, marquise de supermercado cai na Zona Oeste do Rio; bolsões d'água afetam toda a cidade",09/01/2025 19:58,https://g1.globo.com/rj/rio-de-janeiro/noticia/2025/01/09/por-conta-das-fortes-chuvas-marquise-de-supermercado-cai-na-zona-oeste-do-rio-bolsoes-dagua-afetam-toda-a-cidade.ghtml
23/12/2024,preço,Por que o preço dos ovos nos EUA disparou e até os supermercados estão racionando suas compras,24/02/2025 17:14,https://g1.globo.com/economia/agronegocios/noticia/2025/02/20/por-que-o-preco-dos-ovos-nos-eua-disparou-e-ate-os-supermercados-estao-racionando-suas-compras.ghtml
23/12/2024,chuva,"VÍDEO: granizo toma conta de ruas de Barueri, Grande SP, após forte chuva",30/12/2024 18:00,https://g1.globo.com/sp/sao-paulo/noticia/2024/12/30/video-granizo-toma-conta-de-ruas-de-barueri-grande-sp-apos-forte-chuva.ghtml
23/12/2024,preço,"Preço dos ovos deverá continuar alto por mais dois meses, dizem produtores",18/02/2025 19:26,https://g1.globo.com/economia/agronegocios/noticia/2025/02/18/preco-dos-ovos-devera-continuar-alto-por-mais-dois-meses-estima-associacao.ghtml
23/12/2024,compra,"'Café fake': saiba diferenciar café e pó sabor café na prateleira, para não errar nas compras",13/02/2025 12:33,https://g1.globo.com/economia/agronegocios/noticia/2025/02/13/cafe-fake-saiba-diferenciar-cafe-e-po-sabor-cafe-na-prateleira-para-nao-errar-nas-compras.ghtml
23/12/2024,produto,"Canadá, México e China anunciam tarifas sobre produtos americanos, uma retaliação às sobretaxas impostas pelos EUA",04/03/2025 20:14,https://g1.globo.com/jornal-nacional/noticia/2025/03/04/canada-mexico-e-china-anunciam-tarifas-sobre-produtos-americanos-uma-retaliacao-as-sobretaxas-impostas-pelos-eua.ghtml
23/12/2024,crise,"Em meio à 'crise dos ovos', americanos adotam criação de galinhas como alternativa",14/02/2025 03:00,https://g1.globo.com/economia/agronegocios/noticia/2025/02/14/em-meio-a-crise-dos-ovos-americanos-adotam-criacao-de-galinhas-como-alternativa.ghtml
23/12/2024,produto,Lula diz que caixa de ovo por R$ 40 é um 'absurdo' e que cobrará de empresários que não falte produto dentro do Brasil,20/02/2025 09:25,https://g1.globo.com/politica/noticia/2025/02/20/lula-atribui-alta-dos-alimentos-a-problemas-climaticos-e-diz-que-tera-reuniao-com-empresarios-sobre-valor-no-mercado-interno.ghtml
23/12/2024,preço,Frutas para a ceia: veja o que esperar dos preços,02/01/2025 14:39,https://g1.globo.com/economia/agronegocios/noticia/2021/12/10/frutas-para-a-ceia-veja-o-que-esperar-dos-precos.ghtml
23/12/2024,compra,Ladrão atrai dono de disk bebidas para emboscada e compra bitcoins com dinheiro da vítima em Uberaba,07/01/2025 09:27,https://g1.globo.com/mg/triangulo-mineiro/noticia/2025/01/07/ladrao-atrai-dono-de-disk-bebidas-para-emboscada-e-compra-bitcoins-com-dinheiro-da-vitima-em-uberaba.ghtml
23/12/2024,alimento,"Rui Costa, ministro da Casa Civil, fala em redução de imposto de importação de alimentos para controlar a inflação",24/01/2025 21:19,https://g1.globo.com/jornal-nacional/noticia/2025/01/24/rui-costa-ministro-da-casa-civil-fala-em-reducao-de-imposto-de-importacao-de-alimentos-para-controlar-a-inflacao.ghtml
23/12/2024,alagamento,Chuva forte com ventania e queda de granizo deixa parte da cidade de SP em atenção para alagamentos; mais de 40 mil ainda estão sem luz,08/01/2025 12:00,https://g1.globo.com/sp/sao-paulo/noticia/2025/01/07/chuva-forte-com-ventania-e-queda-de-granizo-deixa-parte-da-cidade-de-sp-em-atencao-para-alagamentos-479-mil-imoveis-estao-sem-luz.ghtml
23/12/2024,produto,Lula fala em 'educar' população para trocar produtos caros por similares: 'Povo não pode ser extorquido',06/02/2025 12:04,https://g1.globo.com/politica/noticia/2025/02/06/lula-fala-em-educar-populacao-para-trocar-produtos-caros-por-similares-o-povo-nao-pode-ser-extorquido.ghtml
23/12/2024,preço,Governo federal reúne ministros e empresários para discutir preço dos alimentos nesta quinta,06/03/2025 08:26,https://g1.globo.com/politica/noticia/2025/03/06/governo-federal-reune-ministros-e-empresarios-para-discutir-preco-dos-alimentos-nesta-quinta.ghtml
23/12/2024,dispara,Exportações de ovos brasileiros disparam em meio a crise de gripe aviária nos EUA,12/03/2025 17:42,https://g1.globo.com/economia/agronegocios/noticia/2025/03/12/exportacoes-de-ovos-brasileiros-disparam-em-meio-a-crise-de-gripe-aviaria-nos-eua.ghtml
23/12/2024,chuva,Capital paulista e cidades da Região Metropolitana contabilizam estragos deixados pela chuva forte e vendaval,08/01/2025 12:02,https://g1.globo.com/sp/sao-paulo/noticia/2025/01/08/capital-paulista-e-cidades-da-regiao-metropolitana-contabilizam-estragos-deixados-pela-chuva-forte-e-vendaval.ghtml
24/03/2025,produto,"Mulher é presa em flagrante por furtar quase R$ 4,5 mil em produtos de supermercado em Nova Iguaçu",02/04/2025 17:15,https://g1.globo.com/rj/rio-de-janeiro/noticia/2025/04/02/mulher-e-presa-em-flagrante-por-furtar-produtos-de-supermercado-em-nova-iguacu.ghtml
24/03/2025,aumento,Aumento nas exportações faz o preço da carne subir nos supermercados do Brasil,29/04/2025 21:16,https://g1.globo.com/jornal-nacional/noticia/2025/04/29/aumento-nas-exportacoes-faz-o-preco-da-carne-subir-nos-supermercados-do-brasil.ghtml
24/03/2025,compra,Rede de supermercados compra parte de campus da Unimep em Piracicaba por R$ 20 milhões,06/05/2025 20:27,https://g1.globo.com/sp/piracicaba-regiao/noticia/2025/05/05/rede-de-supermercados-compra-parte-do-campus-da-unimep-em-piracicaba-por-r-20-milhoes.ghtml
24/03/2025,aumento,Preço de produtos teve aumento de quase 19% em supermercados de Manaus; veja o que está mais caro,07/04/2025 07:00,https://g1.globo.com/am/amazonas/noticia/2025/04/07/preco-de-produtos-teve-aumento-de-quase-19percent-em-supermercados-de-manaus-veja-o-que-esta-mais-caro.ghtml
24/03/2025,compra,Campanha Semanas Premiadas do Condor sorteia carro 0 km para quem também faz as compras em casa,19/05/2025 10:18,https://g1.globo.com/pr/parana/especial-publicitario/condor/noticia/2025/05/19/campanha-semanas-premiadas-do-condor-sorteia-carro-0-km-para-quem-tambem-faz-as-compras-em-casa.ghtml
24/03/2025,termina,Briga entre torcedores do Flamengo e do Vasco termina em tiros na Zona Oeste,08/05/2025 07:37,https://g1.globo.com/rj/rio-de-janeiro/noticia/2025/05/08/briga-entre-torcedores-do-flamengo-e-do-vasco-na-zona-oeste.ghtml
24/03/2025,produto,Tarifaço de Trump provoca boicote internacional a produtos dos EUA,11/04/2025 09:47,https://g1.globo.com/economia/noticia/2025/04/11/tarifaco-de-trump-provoca-boicote-internacional-a-produtos-dos-eua.ghtml
24/03/2025,preço,"Pesquisa aponta variação de até 229,33% no preço de produtos de Páscoa, em São Luís",15/04/2025 11:38,https://g1.globo.com/ma/maranhao/noticia/2025/04/15/pesquisa-aponta-variacao-de-ate-22933percent-no-preco-de-produtos-de-pascoa-em-sao-luis.ghtml
24/03/2025,preço,"'Preço de azeite, mas não é': valor do óleo de bagaço de oliva gera revolta nas redes sociais",29/03/2025 02:00,https://g1.globo.com/economia/agronegocios/noticia/2025/03/29/preco-de-azeite-mas-nao-e-valor-do-oleo-de-bagaco-de-oliva-gera-revolta-nas-redes-sociais.ghtml
24/03/2025,alimento,Prefeitura de Atibaia garante acesso a alimentos nutritivos para vulneráveis,28/03/2025 18:19,https://g1.globo.com/sp/vale-do-paraiba-regiao/especial-publicitario/prefeitura-de-atibaia/noticias-de-atibaia/noticia/2025/03/28/prefeitura-de-atibaia-garante-acesso-a-alimentos-nutritivos-para-vulneraveis.ghtml
24/03/2025,produto,Guerra comercial entre Canadá e EUA: canadenses boicotam produtos americanos em resposta a tarifas de Trump,24/03/2025 10:07,https://g1.globo.com/fantastico/noticia/2025/03/23/guerra-comercial-entre-canada-e-eua-canadenses-boicotam-produtos-americanos-em-resposta-a-tarifas-de-trump.ghtml
24/03/2025,aumento,Resumão diário do JN: PF acusa três dirigentes no INSS de embolsar milhões de reais para manter fraudes; aumento na exportação para Ásia faz preço da carne subir no Brasil,29/04/2025 21:48,https://g1.globo.com/podcast/resumao-diario/noticia/2025/04/29/resumao-diario-do-jn-pf-acusa-tres-dirigentes-no-inss-de-embolsar-milhoes-de-reais-para-manter-fraudes-aumento-na-exportacao-para-asia-faz-preco-da-carne-subir-no-brasil.ghtml
23/06/2025,compra,Por que consumidores na América Latina têm comprado menos Coca-Cola e Pepsi no supermercado,15/08/2025 07:56,https://g1.globo.com/economia/noticia/2025/08/15/por-que-consumidores-na-america-latina-tem-comprado-menos-coca-cola-e-pepsi-no-supermercado.ghtml
23/06/2025,produto,Dono de espetinho é suspeito de furtar produtos de supermercado para revender no próprio comércio; vídeo,18/09/2025 10:23,https://g1.globo.com/ce/ceara/noticia/2025/09/18/dono-de-espetinho-e-suspeito-de-furtar-produtos-de-supermercado-para-revender-no-proprio-comercio-video.ghtml
23/06/2025,prateleira,"Homem entra em supermercado na Zona Norte do Rio, sobe em prateleiras, se pendura em luminária e é retirado pela PM",27/07/2025 13:35,https://g1.globo.com/rj/rio-de-janeiro/noticia/2025/07/27/homem-supermercado-na-zona-norte-do-rio-retirado-pela-pm.ghtml
23/06/2025,alimento,Procon apreende meia tonelada de alimentos em supermercados de Araruama,14/08/2025 14:27,https://g1.globo.com/rj/regiao-dos-lagos/noticia/2025/08/13/procon-apreende-meia-tonelada-de-alimentos-em-supermercados-de-araruama.ghtml
23/06/2025,preço,"Preço do café sobe 81% ao consumidor em um ano, mas começa a cair no campo",26/06/2025 15:42,https://g1.globo.com/economia/agronegocios/noticia/2025/06/26/preco-do-cafe-sobe-ao-consumidor-mas-comeca-a-cair-no-campo.ghtml
23/06/2025,terminou,'Deu um mata-leão': depoimentos revelam detalhes da perseguição que terminou com morte de jovem suspeito de tentar furtar chocolate,08/07/2025 00:00,https://g1.globo.com/fantastico/noticia/2025/07/08/deu-um-mata-leao-depoimentos-revelam-detalhes-da-perseguicao-que-terminou-com-morte-de-jovem-suspeito-de-tentar-furtar-chocolate.ghtml
22/09/2025,estoque,Incêndio atinge estoque de supermercado e mobiliza bombeiros em Caraguatatuba,13/12/2025 08:52,https://g1.globo.com/sp/vale-do-paraiba-regiao/noticia/2025/07/25/incendio-atinge-estoque-de-supermercado-e-mobiliza-bombeiros-em-caraguatatuba.ghtml
22/09/2025,alimento,Supermercado na Ponta Verde é autuado por vender alimentos estragados,28/09/2025 12:17,https://g1.globo.com/al/alagoas/arquivo/noticia/2024/08/28/supermercado-na-ponta-verde-e-autuado-por-vender-alimentos-estragados.ghtml
22/09/2025,tumulto,Promoção de ovos gera tumulto em supermercado de Fortaleza; veja vídeo,13/12/2025 03:13,https://g1.globo.com/ce/ceara/noticia/2025/03/30/promocao-de-ovos-gera-tumulto-em-supermercado-de-fortaleza-veja-video.ghtml
22/09/2025,alimento,Vigilância fecha açougue de supermercado após flagrar alimentos vencidos em Americana,28/11/2025 10:26,https://g1.globo.com/sp/campinas-regiao/noticia/2025/11/28/vigilancia-fecha-acougue-de-supermercado-apos-flagrar-alimentos-vencidos-em-americana.ghtml
22/09/2025,tumulto,Tumulto durante promoção de ovo deixa feridos em supermercado em Fortaleza; vídeo,13/12/2025 03:17,https://g1.globo.com/ce/ceara/noticia/2025/04/01/dona-de-casa-fica-ferida-em-tumulto-durante-promocao-de-ovos-em-supermercado-de-fortaleza-video.ghtml
22/09/2025,produto,Gerente é detido após polícia encontrar produtos vencidos em supermercado de Campinas,12/12/2025 21:14,https://g1.globo.com/sp/campinas-regiao/noticia/2024/12/19/gerente-e-detido-apos-vigilancia-encontrar-produtos-vencidos-em-supermercado-de-campinas.ghtml
22/09/2025,alimento,Incêndio destrói depósito de alimentos e câmaras frias de supermercado em MG,23/11/2025 21:39,https://g1.globo.com/mg/zona-da-mata/noticia/2025/11/23/incendio-destroi-deposito-de-alimentos-e-camaras-frias-de-supermercado-em-mg.ghtml
22/12/2025,termina,'Furada' de fila em açougue de supermercado termina em pancadaria generalizada em SP; VÍDEO,28/12/2025 06:18,https://g1.globo.com/sp/santos-regiao/noticia/2025/12/28/furada-de-fila-em-acougue-de-supermercado-termina-em-pancadaria-generalizada-em-sp-video.ghtml
22/12/2025,acaba,Advogada é presa em flagrante por furto de champanhe francês em supermercado de Copacabana,30/12/2025 19:43,https://g1.globo.com/rj/rio-de-janeiro/noticia/2025/12/30/advogada-e-presa-em-flagrante-por-furto-de-champanhe-frances-em-supermercado-de-copacabana.ghtml
22/12/2025,produto,"Homem é preso após invadir supermercado, furtar mercadorias e revender os produtos em Imperatriz",30/12/2025 07:57,https://g1.globo.com/ma/maranhao/noticia/2025/12/30/homem-e-preso-apos-invadir-supermercado-furtar-mercadorias-e-revender-os-produtos-em-imperatriz.ghtml
22/12/2025,quantidade,Mais esquecidos: quantidade de itens deixados em estações e trens da ViaMobilidade cresce 21% em 2025,25/12/2025 05:00,https://g1.globo.com/sp/sao-paulo/noticia/2025/12/25/mais-esquecidos-quantidade-de-itens-deixados-em-estacoes-e-trens-da-viamobilidade-cresce-21percent-em-2025.ghtml
22/12/2025,preço,Variação de preços na ceia de Natal chega a 175% em Imperatriz e passa de 100% em São Luís,23/12/2025 10:54,https://g1.globo.com/ma/maranhao/noticia/2025/12/23/variacao-de-precos-na-ceia-de-natal-chega-a-175percent-em-imperatriz-e-passa-de-100percent-em-sao-luis.ghtml
22/12/2025,termina,"Estacionamento irregular termina em confusão entre casal e policiais, resistência à abordagem e suspeita de embriaguez ao volante",29/12/2025 18:25,https://g1.globo.com/sp/sao-jose-do-rio-preto-aracatuba/noticia/2025/12/29/estacionamento-irregular-termina-em-confusao-entre-casal-e-policiais-resistencia-a-abordagem-e-suspeita-de-embriaguez-ao-volante.ghtml
22/12/2025,falta,O que se sabe e o que falta esclarecer sobre afogamento de dois irmãos na piscina de chácara no interior de SP,22/12/2025 14:48,https://g1.globo.com/sp/presidente-prudente-e-regiao/noticia/2025/12/22/o-que-se-sabe-e-o-que-falta-esclarecer-sobre-afogamento-de-irmaos-de-4-anos-na-piscina-de-chacara-no-interior-de-sp.ghtml
22/12/2025,produto,Clima deixa produtores otimistas com safra de maçã em SP,24/12/2025 14:07,https://g1.globo.com/sp/sorocaba-jundiai/nosso-campo/noticia/2025/12/07/clima-deixa-produtores-otimistas-com-safra-de-maca-em-sp.ghtml
