Periodo,Problema,Título,Data,Link
2018-01-01,produto,Adolescente é flagrada furtando produtos em supermercado de Mogi,27/03/2018 13:43,https://g1.globo.com/sp/mogi-das-cruzes-suzano/noticia/adolescente-e-flagrada-furtando-produtos-em-supermercado-de-mogi.ghtml
2018-01-01,preço,"Preço do quilo do feijão preto varia até 133,51% em João Pessoa, diz Procon-PB",23/02/2018 17:36,https://g1.globo.com/pb/paraiba/noticia/preco-do-quilo-do-feijao-varia-ate-13351-em-joao-pessoa-diz-procon-pb.ghtml
2018-01-01,produto,"Produtos consumidos na Páscoa têm variação de até 150% em Fortaleza, diz Procon",27/03/2018 14:55,https://g1.globo.com/ce/ceara/noticia/produtos-consumidos-na-pascoa-tem-variacao-de-ate-150-em-fortaleza-diz-procon.ghtml
2018-01-01,preço,"Banana tem queda de preço de quase 20% em Belém, aponta Dieese",22/01/2018 11:07,https://g1.globo.com/pa/para/noticia/banana-tem-queda-de-preco-de-quase-20-em-belem-aponta-dieese.ghtml
2018-01-01,rumor,Ações da Via Varejo e GPA sobem com rumores de possível parceria entre Casino e Amazon no Brasil,27/03/2018 13:30,https://g1.globo.com/economia/noticia/acoes-da-via-varejo-e-gpa-sobem-com-rumores-de-possivel-parceria-entre-casino-e-amazon.ghtml
2018-01-01,preço,"Preços dos ovos de Páscoa variam mais de 60% em Curitiba, indica pesquisa",12/03/2018 17:31,https://g1.globo.com/pr/parana/noticia/precos-dos-ovos-de-pascoa-variam-mais-de-60-em-curitiba-indica-pesquisa.ghtml
2018-01-01,preço,Ovos de Páscoa têm preços com variação de até 80% em Palmas,28/03/2018 20:08,https://g1.globo.com/to/tocantins/noticia/ovos-de-pascoa-tem-precos-com-variacao-de-ate-80-em-palmas.ghtml
2018-01-01,preço,Procon divulga pesquisa de preços de 15 tipos peixes comercializados em Uberaba,18/03/2018 09:33,https://g1.globo.com/mg/triangulo-mineiro/noticia/procon-divulga-pesquisa-de-precos-de-15-tipos-peixes-comercializados-em-uberaba.ghtml
2018-01-01,preço,"Preço do ovo de Páscoa pode variar mais de 80% em Divinópolis, aponta Nupec",23/03/2018 16:22,https://g1.globo.com/mg/centro-oeste/noticia/preco-do-ovo-de-pascoa-pode-variar-mais-de-80-em-divinopolis-aponta-nupec.ghtml
2018-01-01,alimento,Alimentos feitos de insetos fazem sucesso na Suíça com apelo à sustentabilidade,06/02/2018 16:07,https://g1.globo.com/natureza/noticia/alimentos-feitos-de-insetos-fazem-sucesso-na-suica-com-apelo-a-sustentabilidade.ghtml
2018-01-01,preço,"Atoleiro na BR-163 faz subir preço de produtos alimentícios em Santarém, PA",15/02/2018 13:38,https://g1.globo.com/pa/santarem-regiao/noticia/atoleiro-na-br-163-faz-subir-preco-de-produtos-alimenticios-em-santarem-pa.ghtml
2018-01-01,preço,"Preço do ovo de chocolate varia até 78% em João Pessoa, diz pesquisa do Procon-PB",14/03/2018 17:58,https://g1.globo.com/pb/paraiba/noticia/preco-do-ovo-de-chocolate-varia-ate-78-em-joao-pessoa-diz-pesquisa-do-procon-pb.ghtml
2018-01-01,preço,"Preço de produtos usados em torta capixaba varia até 200% em Vitória, aponta Procon",28/03/2018 08:19,https://g1.globo.com/es/espirito-santo/noticia/preco-de-produtos-usados-em-torta-capixaba-varia-ate-200-em-vitoria-aponta-procon.ghtml
2018-01-01,preço,Instituto aponta diferença de 230% nos preços de itens de Carnaval no Maranhão,06/02/2018 10:12,https://g1.globo.com/ma/maranhao/noticia/instituto-aponta-diferenca-de-230-nos-precos-de-itens-de-carnaval-no-maranhao.ghtml
2018-01-01,alimento,Loja de alimentos kosher é incendiada perto de Paris,09/01/2018 08:59,https://g1.globo.com/mundo/noticia/loja-de-alimentos-kosher-e-incendiada-perto-de-paris.ghtml
2018-01-01,falta,Brasileiros encaram frio na Irlanda e brincam com falta de pão; veja vídeo,04/03/2018 15:27,https://g1.globo.com/mg/sul-de-minas/noticia/brasileiros-encaram-frio-na-irlanda-e-brincam-com-falta-de-pao-veja-video.ghtml
2018-01-01,preço,"Diferença de preços em produtos de higiene e limpeza em Criciúma chega a 484%, diz Procon",03/01/2018 17:48,https://g1.globo.com/sc/santa-catarina/noticia/diferenca-de-precos-em-produtos-de-higiene-e-limpeza-em-criciuma-chega-a-484-diz-procon.ghtml
2018-01-01,preço,"Preço de ovos de páscoa em supermercados de Manaus chega a R$ 61, aponta Procon AM",28/03/2018 15:13,https://g1.globo.com/am/amazonas/noticia/preco-de-ovos-de-pascoa-em-supermercados-de-manaus-chega-a-r-61-aponta-procon-am.ghtml
2018-01-01,preço,Pesquisa de preços aponta queda de 10% no valor da cesta básica em Presidente Prudente,10/02/2018 11:12,https://g1.globo.com/sp/presidente-prudente-regiao/noticia/pesquisa-de-precos-aponta-queda-de-10-no-valor-da-cesta-basica-em-presidente-prudente.ghtml
2018-01-01,produto,Quatro supermercados de Santos são autuados pela venda de produtos com peso incorreto,08/02/2018 12:01,https://g1.globo.com/sp/santos-regiao/noticia/quatro-supermercados-de-santos-sao-autuados-pela-venda-de-produtos-com-peso-incorreto.ghtml
2018-01-01,preço,Batata e tomate ajudam a inflacionar preço da cesta básica nos supermercados em Presidente Prudente,23/01/2018 15:38,https://g1.globo.com/sp/presidente-prudente-regiao/noticia/batata-e-tomate-ajudam-a-inflacionar-preco-da-cesta-basica-nos-supermercados-em-presidente-prudente.ghtml
2018-01-01,chuva,Chuva e vento derrubam estrutura de outdoor em supermercado de Assis,16/02/2018 19:17,https://g1.globo.com/sp/bauru-marilia/noticia/temporal-relampago-derruba-estrutura-de-outdoor-em-supermercado-de-assis.ghtml
2018-01-01,acaba,"Homem furta produtos de supermercado em Boa Vista, é flagrado e acaba detido",04/03/2018 13:04,https://g1.globo.com/rr/roraima/noticia/homem-furta-produtos-de-supermercado-em-boa-vista-e-flagrado-e-acaba-detido.ghtml
2018-01-01,termina,Briga entre cliente e segurança de supermercado termina na delegacia em Campo Grande,31/03/2018 18:47,https://g1.globo.com/ms/mato-grosso-do-sul/noticia/briga-entre-cliente-e-seguranca-de-supermercado-termina-na-delegacia-em-campo-grande.ghtml
2018-01-01,produto,Mulher é presa por furtar produtos de supermercado no Centro de João Pessoa,01/03/2018 18:11,https://g1.globo.com/pb/paraiba/noticia/mulher-e-presa-por-furtar-produtos-de-supermercado-no-centro-de-joao-pessoa.ghtml
2018-01-01,acaba,Homem acaba preso após furtar peças de queijo e salame em supermercado de Presidente Prudente,15/03/2018 16:05,https://g1.globo.com/sp/presidente-prudente-regiao/noticia/homem-acaba-preso-apos-furtar-pecas-de-queijo-e-salame-em-supermercado-de-presidente-prudente.ghtml
2018-01-01,acaba,Dois suspeitos de furto são flagrados por segurança de supermercado e acabam presos em Boa Vista,14/03/2018 21:43,https://g1.globo.com/rr/roraima/noticia/dois-suspeitos-de-furto-sao-flagrados-por-seguranca-de-supermercado-e-acabam-presos-em-boa-vista.ghtml
2018-01-01,preço,Supermercado britânico é acusado de sexismo por diferença de preço em cartão para Dia dos Namorados,11/02/2018 21:01,https://g1.globo.com/mundo/noticia/supermercado-britanico-e-acusado-de-sexismo-por-diferenca-de-preco-em-cartao-para-dia-dos-namorados.ghtml
2018-01-01,termina,"Campanha contra dengue alerta moradores em praias, terminais e supermercado de Vila Velha, ES",06/01/2018 10:47,https://g1.globo.com/es/espirito-santo/noticia/campanha-contra-dengue-alerta-moradores-em-praias-terminais-e-supermercado-de-vila-velha-es.ghtml
2018-01-01,produto,PM e mais três pessoas são detidos por furtar produtos avaliados em R$ 2 mil em supermercado no Recife,10/01/2018 13:13,https://g1.globo.com/pe/pernambuco/noticia/pm-e-mais-tres-pessoas-sao-detidos-por-furtar-produtos-avaliados-em-r-2-mil-em-supermercado-no-recife.ghtml
2018-01-01,preço,"Diferença de preços chega a 300% em supermercados de Natal, segundo Procon",09/02/2018 18:32,https://g1.globo.com/rn/rio-grande-do-norte/noticia/diferenca-de-precos-chega-a-300-em-supermercados-de-natal-segundo-procon.ghtml
2018-01-01,produto,Supermercados de São Carlos fazem promoções dos produtos típicos de Natal,02/01/2018 20:14,https://g1.globo.com/sp/sao-carlos-regiao/noticia/supermercados-de-sao-carlos-fazem-promocoes-dos-produtos-tipicos-de-natal.ghtml
2018-01-01,preço,"Supermercados de Fortaleza tiveram redução de preços em março, aponta Procon",21/03/2018 14:43,https://g1.globo.com/ce/ceara/noticia/supermercados-de-fortaleza-tiveram-reducao-de-precos-em-marco-aponta-procon.ghtml
2018-01-01,preço,"Preço de ovo de Páscoa varia 44% em supermercados de Vitória, aponta Procon",27/03/2018 10:35,https://g1.globo.com/es/espirito-santo/noticia/preco-de-ovo-de-pascoa-varia-44-em-supermercados-de-vitoria-aponta-procon.ghtml
2018-01-01,preço,Procon de Araguari divulga pesquisa com preços de produtos em supermercados,07/02/2018 18:17,https://g1.globo.com/mg/triangulo-mineiro/noticia/procon-de-araguari-divulga-pesquisa-com-precos-de-produtos-em-supermercados.ghtml
2018-01-01,preço,Preços dos peixes variam até 134% nos supermercados de Palmas,28/03/2018 08:55,https://g1.globo.com/to/tocantins/noticia/precos-dos-peixes-variam-ate-134-nos-supermercados-de-palmas.ghtml
2018-01-01,preço,Supermercados da Venezuela são cercados após governo obrigar corte de preços,06/01/2018 17:02,https://g1.globo.com/mundo/noticia/supermercados-da-venezuela-sao-cercados-apos-governo-obrigar-corte-de-precos.ghtml
2018-04-02,paralisação,Sete pontos de interdições parciais nas rodovias do Pará marcam quarto dia de paralisação dos caminhoneiros,24/05/2018 18:46,https://g1.globo.com/pa/para/noticia/cinco-pontos-de-interdicoes-parciais-nas-rodovias-do-para-marcam-quarto-dia-de-paralisacao-dos-caminhoneiros.ghtml
2018-04-02,corrida,"Sem combustível, taxistas recorrem a álcool etílico para fazer corridas em MG",24/05/2018 20:19,https://g1.globo.com/mg/sul-de-minas/noticia/sem-combustivel-taxistas-recorrem-a-alcool-etilico-para-fazer-corridas-em-mg.ghtml
2018-04-02,aumento,Festas Juninas movimentam setores e comércio espera aumento de 5% nas vendas em Cuiabá,16/06/2018 18:56,https://g1.globo.com/mt/mato-grosso/noticia/festas-juninas-movimentam-setores-e-comercio-espera-aumento-de-5-nas-vendas-em-cuiaba.ghtml
2018-04-02,abastecimento,Carrefour orienta lojas a restringir compra a cinco unidades de cada produto para prevenir desabastecimento,24/05/2018 18:05,https://g1.globo.com/mg/minas-gerais/noticia/carrefour-restringe-compra-a-cinco-unidades-de-cada-produto-para-prevenir-desabastecimento.ghtml
2018-04-02,termina,Perseguição com troca de tiros termina com viatura da PM e carro tombados em ribanceira,05/05/2018 18:05,https://g1.globo.com/pe/pernambuco/noticia/perseguicao-com-troca-de-tiros-termina-com-viatura-da-pm-e-carro-tombados-em-ribanceira.ghtml
2018-04-02,preço,Greve dos caminhoneiros provoca elevação de preços de hortifruti em Santarém,28/05/2018 18:12,https://g1.globo.com/pa/santarem-regiao/noticia/greve-dos-caminhoneiros-provoca-elevacao-de-precos-de-hortifruti-em-santarem.ghtml
2018-04-02,greve,Caminhoneiros mantêm greve e paralisação chega ao 5º dia em rodovias do Sul de MG,25/05/2018 13:38,https://g1.globo.com/mg/sul-de-minas/noticia/caminhoneiros-mantem-greve-e-paralisacao-chega-ao-5-dia-em-rodovias-do-sul-de-mg.ghtml
2018-04-02,distribuição,"Greve de caminhoneiros afeta 5 rodovias, porto e distribuição de alimentos no ES",24/05/2018 21:58,https://g1.globo.com/es/espirito-santo/noticia/caminhoneiros-bloqueiam-entrada-de-produtores-na-ceasa-na-br-262-no-es.ghtml
2018-04-02,alimento,Fundo Social de Rio Claro faz campanha de arrecadação de alimentos neste sábado,12/05/2018 12:32,https://g1.globo.com/sp/sao-carlos-regiao/noticia/fundo-social-de-rio-claro-faz-campanha-de-arrecadacao-de-alimentos-neste-sabado.ghtml
2018-04-02,estoque,Apas prevê 20 dias para normalização de estoques em supermercados da região de Ribeirão Preto,29/05/2018 15:17,https://g1.globo.com/sp/ribeirao-preto-franca/noticia/apas-preve-20-dias-para-normalizacao-de-estoques-em-supermercados-da-regiao-de-ribeirao-preto.ghtml
2018-04-02,alimento,Cubatão arrecada alimentos e oferece benefícios para a população,05/04/2018 08:45,https://g1.globo.com/sp/santos-regiao/noticia/cubatao-arrecada-alimentos-e-oferece-beneficios-para-a-populacao.ghtml
2018-04-02,produto,"Supermercados e Ceasa ainda têm maioria dos produtos, mas situação preocupa para os próximos dias no RS",24/05/2018 20:31,https://g1.globo.com/rs/rio-grande-do-sul/noticia/supermercados-e-ceasa-ainda-tem-maioria-dos-produtos-mas-situacao-preocupa-para-os-proximos-dias-no-rs.ghtml
2018-04-02,preço,Denúncia falando de ratos a preços abusivos leva força-tarefa a vistoria em supermercados de MS,28/05/2018 18:13,https://g1.globo.com/ms/mato-grosso-do-sul/noticia/denuncia-falando-de-ratos-a-precos-abusivos-leva-forca-tarefa-a-vistoria-em-hipermercados-de-ms.ghtml
2018-04-02,limite,Greve de caminhoneiros afeta entrega de alimentos e supermercados do ES trabalham com estoque no limite,24/05/2018 22:44,https://g1.globo.com/es/espirito-santo/noticia/greve-de-caminhoneiros-afeta-entrega-de-alimentos-e-supermercados-do-es-trabalham-com-estoque-no-limite.ghtml
2018-04-02,vazia,Bloqueios de caminhoneiros elevam preços de verduras e esvaziam prateleiras de supermercados no interior de Goiás,25/05/2018 14:54,https://g1.globo.com/go/goias/noticia/supermercados-de-goias-tem-falta-de-frios-e-verduras-por-causa-dos-bloqueios-de-caminhoneiros-em-rodovias.ghtml
2018-04-02,greve,"Supermercados de Salvador têm queda de 30% no faturamento com greve de caminhoneiros, estima associação",29/05/2018 22:59,https://g1.globo.com/ba/bahia/noticia/supermercados-de-salvador-tem-queda-de-30-no-faturamento-com-greve-de-caminhoneiros-estima-associacao.ghtml
2018-04-02,alimento,Supermercados pedem ajuda do governo de SP para liberar caminhões de alimentos parados nas estradas,29/05/2018 19:36,https://g1.globo.com/sp/sao-paulo/noticia/supermercados-pedem-ajuda-do-governo-de-sp-para-liberar-alimentos-parados-nas-estradas.ghtml
2018-04-02,abastecimento,Consumidores reclamam de preços altos após problema com abastecimento,01/06/2018 15:36,https://g1.globo.com/ma/maranhao/noticia/consumidores-reclamam-de-precos-altos-apos-problema-com-abastecimento.ghtml
2018-04-02,alimento,Alimentos começam a chegar em maior número na Ceasa,31/05/2018 10:25,https://g1.globo.com/se/sergipe/noticia/alimentos-comecam-a-chegar-em-maior-numero-na-ceasa.ghtml
2018-04-02,preço,"Preço do milho verde em Natal diminui em relação a 2017, diz Procon",19/06/2018 18:04,https://g1.globo.com/rn/rio-grande-do-norte/noticia/preco-do-milho-verde-diminuiu-em-relacao-ao-ano-passado-diz-procon-natal.ghtml
2018-04-02,estoque,Pelo menos 12 distribuidoras de gás ficam sem estoque após greve dos caminhoneiros,24/05/2018 18:37,https://g1.globo.com/to/tocantins/noticia/pelo-menos-12-distribuidoras-de-gas-ficam-sem-estoque-apos-greve-dos-caminhoneiros.ghtml
2018-04-02,produto,Estabelecimentos são interditados e produtos apreendidos durante fiscalização em Miracema do Tocantins,12/05/2018 15:59,https://g1.globo.com/to/tocantins/noticia/estabelecimentos-sao-interditados-e-produtos-apreendidos-durante-fiscalizacao-em-miracema-do-tocantins.ghtml
2018-04-02,estoque,"‘Estoquem comida, abasteçam seus carros’: notícias falsas alimentam pânico em meio à greve de caminhoneiros",24/05/2018 20:02,https://g1.globo.com/economia/noticia/estoquem-comida-abastecam-seus-carros-noticias-falsas-alimentam-panico-em-meio-a-greve-de-caminhoneiros.ghtml
2018-04-02,abastecimento,"Sem bloqueios em estradas, Rio tem reabastecimento de alimentos e poucas filas em posto de gasolina",31/05/2018 12:41,https://g1.globo.com/rj/rio-de-janeiro/noticia/rio-amanhece-sem-bloqueios-em-estradas-e-com-poucas-filas-em-postos-de-gasolina.ghtml
2018-04-02,greve,"Greve dos caminhoneiros completa 10 dias e deixa Goiás sem gás, com pouco combustível e menos ônibus",30/05/2018 19:27,https://g1.globo.com/go/goias/noticia/greve-dos-caminhoneiros-completa-10-dias-e-deixa-goias-sem-gas-com-pouco-combustivel-e-menos-onibus.ghtml
2018-04-02,preço,Comerciantes da Ceagesp em Ribeirão Preto estimam alimentos até 30% mais caros: 'mamão a preço de ouro',24/05/2018 16:18,https://g1.globo.com/sp/ribeirao-preto-franca/noticia/comerciantes-da-ceagesp-em-ribeirao-preto-estimam-alimentos-ate-30-mais-caros-mamao-a-preco-de-ouro.ghtml
2018-04-02,abastecimento,"Alimentos, gás, transporte: Ribeirão Preto encerra semana com retomada gradativa de abastecimento e serviços",01/06/2018 21:25,https://g1.globo.com/sp/ribeirao-preto-franca/noticia/alimentos-gas-transporte-ribeirao-preto-encerra-semana-com-retomada-gradativa-de-abastecimento-e-servicos.ghtml
2018-04-02,alimento,"Sem gás e alimentos, bares e restaurantes de Goiânia só têm material para funcionar por dois dias, diz Abrasel",29/05/2018 15:17,https://g1.globo.com/go/goias/noticia/sem-gas-e-alimentos-bares-e-restaurantes-de-goiania-so-tem-material-para-funcionar-por-dois-dias-diz-abrasel.ghtml
2018-04-02,falta,Gasolina só no dinheiro e falta de verduras já são reflexos da greve dos caminhoneiros em MS,23/05/2018 12:00,https://g1.globo.com/ms/mato-grosso-do-sul/noticia/gasolina-so-no-dinheiro-e-falta-de-verduras-empresarios-ja-sentem-reflexo-da-greve-dos-caminhoneiros.ghtml
2018-04-02,greve,"Moradores ficam sem combustível e sem gás de cozinha em Sales Oliveira, SP, por causa da greve dos caminhoneiros",26/05/2018 20:04,https://g1.globo.com/sp/ribeirao-preto-franca/noticia/moradores-ficam-sem-combustivel-e-sem-gas-de-cozinha-em-sales-oliveira-sp-por-causa-da-greve-dos-caminhoneiros.ghtml
2018-04-02,greve,"Greve de caminhoneiros paralisa mais da metade da produção de carne suína e de aves, diz associação",23/05/2018 19:21,https://g1.globo.com/economia/noticia/protesto-de-caminhoneiros-paralisa-mais-da-metade-da-producao-de-carne-suina-e-de-aves-diz-associacao.ghtml
2018-04-02,compra,Carrefour limita compras a 5 unidades por produto devido à paralisação dos caminhoneiros,24/05/2018 14:40,https://g1.globo.com/df/distrito-federal/noticia/carrefour-limita-clientes-a-comprar-ate-5-unidades-por-produto.ghtml
2018-04-02,dispara,Aumentos nos preços da batata e do tomate fazem inflação disparar em Presidente Prudente,07/06/2018 11:17,https://g1.globo.com/sp/presidente-prudente-regiao/noticia/aumentos-nos-precos-da-batata-e-do-tomate-fazem-inflacao-disparar-em-presidente-prudente.ghtml
2018-04-02,compra,Carrefour no DF limita compras a 5 unidades por produto devido à paralisação dos caminhoneiros,24/05/2018 16:44,https://g1.globo.com/df/distrito-federal/noticia/carrefour-no-df-limita-compras-a-5-unidades-por-produto-devido-a-paralisacao-dos-caminhoneiros.ghtml
2018-04-02,paralisação,Paralisação completa quatro dias e deixa quase todos os postos sem gasolina em Palmas,24/05/2018 17:29,https://g1.globo.com/to/tocantins/noticia/de-50-postos-pelo-menos-34-estao-sem-gasolina-em-palmas.ghtml
2018-04-02,alimento,Quase 700 kg de alimentos são recolhidos em Florianópolis após fiscalização,20/04/2018 16:39,https://g1.globo.com/sc/santa-catarina/noticia/quase-700-kg-de-alimentos-sao-recolhidos-em-florianopolis-apos-fiscalizacao.ghtml
2018-04-02,produto,Entenda as funções de cada produto de limpeza e como usá-los de maneira correta,26/04/2018 10:53,https://g1.globo.com/sp/itapetininga-regiao/especial-publicitario/um/troque-todos-por-um/noticia/entenda-as-funcoes-de-cada-produto-de-limpeza-e-como-usa-los-de-maneira-correta.ghtml
2018-04-02,estoque,"Após greve, Minaspetro e gabinete de gestão de crise esperam normalização de estoques em Montes Claros em até 5 dias",31/05/2018 15:09,https://g1.globo.com/mg/grande-minas/noticia/apos-greve-minaspetro-e-gabinete-de-gestao-de-crise-esperam-normalizacao-de-estoques-em-montes-claros-em-ate-5-dias.ghtml
2018-04-02,alimento,Carrefour passa a vender eletrônicos e alimentos no mesmo site,24/04/2018 15:30,https://g1.globo.com/economia/noticia/carrefour-passa-a-vender-eletronicos-e-alimentos-no-mesmo-site.ghtml
2018-04-02,preço,Delegacia do Consumidor e Procon fazem operação em MT contra preços abusivos durante greve dos caminhoneiros,28/05/2018 15:54,https://g1.globo.com/mt/mato-grosso/noticia/delegacia-do-consumidor-e-procon-fazem-operacao-em-mt-contra-precos-abusivos-durante-greve-dos-caminhoneiros.ghtml
2018-04-02,aumento,Procon monitora redes sociais para coibir aumento de preços em postos de combustíveis em Divinópolis,29/05/2018 14:36,https://g1.globo.com/mg/centro-oeste/noticia/procon-monitora-redes-sociais-para-coibir-aumento-de-precos-em-postos-de-combustiveis-em-divinopolis.ghtml
2018-04-02,estoque,"Greve de caminhoneiros reflete em postos, atendimento de ambulâncias, produção de fábrica e estoque de supermercados",24/05/2018 21:23,https://g1.globo.com/sp/sao-carlos-regiao/noticia/greve-de-caminhoneiros-reflete-em-postos-atendimento-de-ambulancias-producao-de-fabrica-e-estoque-de-supermercados.ghtml
2018-04-02,dispara,Preço da batata dispara e ajuda a puxar inflação nos supermercados em Presidente Prudente,11/04/2018 11:45,https://g1.globo.com/sp/presidente-prudente-regiao/noticia/preco-da-batata-dispara-e-ajuda-a-puxar-inflacao-nos-supermercados-em-presidente-prudente.ghtml
2018-04-02,abastecido,Supermercados do Pará ficam desabastecidos devido a protestos de caminhoneiros; mais serviços são prejudicados,23/05/2018 12:12,https://g1.globo.com/pa/para/noticia/supermercados-do-para-ficam-desabastecidos-devido-a-protestos-de-caminhoneiros-mais-servicos-sao-prejudicados.ghtml
2018-04-02,abastecimento,"Abastecimento de combustível é normalizado, mas faltam produtos nos supermercados de Ubatuba",01/06/2018 16:56,https://g1.globo.com/sp/vale-do-paraiba-regiao/noticia/abastecimento-de-combustivel-e-normalizado-mas-faltam-produtos-nos-supermercados-de-ubatuba.ghtml
2018-04-02,alimento,Fiscalização apreende 950 kg de alimentos em supermercados em Florianópolis,27/04/2018 18:16,https://g1.globo.com/sc/santa-catarina/noticia/fiscalizacao-apreende-950-kg-de-alimentos-em-supermercados-em-florianopolis.ghtml
2018-04-02,falta,Falta de produtos aumenta 21% nos supermercados com a greve,28/05/2018 21:40,https://g1.globo.com/jornal-nacional/noticia/2018/05/falta-de-produtos-aumenta-21-nos-supermercados-com-greve.html
2018-04-02,quantidade,"Supermercados voltam a receber alimentos, mas em pouca quantidade",29/05/2018 21:18,https://g1.globo.com/jornal-nacional/noticia/2018/05/supermercados-voltam-receber-alimentos-mas-em-pouca-quantidade.html
2018-04-02,falta,Falta carne em supermercados do interior do ES,28/05/2018 20:55,https://g1.globo.com/es/espirito-santo/noticia/falta-carne-em-supermercados-do-interior-do-es.ghtml
2018-04-02,produto,Denúncias de clientes levaram  polícia a supermercado com produtos vencidos; dona é multada em R$ 15 mil,22/05/2018 15:39,https://g1.globo.com/ms/mato-grosso-do-sul/noticia/denuncias-de-clientes-levaram-policia-a-supermercado-com-produtos-vencidos-dona-e-multada-em-r-15-mil.ghtml
2018-04-02,acaba,Venezuelano é flagrado furtando biscoito e doces de supermercado em RR e acaba preso; ‘estava com fome’,28/04/2018 16:56,https://g1.globo.com/rr/roraima/noticia/venezuelano-e-flagrado-furtando-biscoito-e-doces-de-supermercado-em-rr-e-acaba-preso-estava-com-fome.ghtml
2018-04-02,alimento,"Duas pessoas são presas e mais de 10 toneladas de alimentos, apreendidas em supermercado de Guaíba",10/04/2018 23:15,https://g1.globo.com/rs/rio-grande-do-sul/noticia/duas-pessoas-sao-presas-e-mais-de-10-toneladas-de-alimentos-apreendidas-em-supermercado-de-guaiba.ghtml
2018-04-02,abastecimento,Supermercados do RS estimam normalização total do abastecimento em duas semanas,04/06/2018 21:34,https://g1.globo.com/rs/rio-grande-do-sul/noticia/supermercados-do-rs-estimam-normalizacao-total-do-abastecimento-em-duas-semanas.ghtml
2018-04-02,estoque,"Supermercados têm estoque médio de 15 dias para produtos não perecíveis, diz Abras",25/05/2018 19:43,https://g1.globo.com/economia/noticia/supermercados-podem-levar-ate-10-dias-para-normalizar-abastecimento-diz-abras.ghtml
2018-04-02,produto,Fiscalização apreende mais de 80 produtos vencidos em supermercado na Zona Centro-Oeste de Manaus,19/06/2018 16:58,https://g1.globo.com/am/amazonas/noticia/fiscalizacao-apreende-mais-de-80-produtos-vencidos-em-supermercado-na-zona-centro-oeste-de-manaus.ghtml
2018-04-02,produto,Gerente de supermercado em MS é presa por adulterar data de validade de produtos,22/05/2018 09:36,https://g1.globo.com/ms/mato-grosso-do-sul/noticia/gerente-de-supermercado-em-ms-e-presa-por-adulterar-data-de-validade-de-produtos.ghtml
2018-04-02,termina,Justiça determina que supermercado em Uberlândia indenize cliente por furto de moto em estacionamento,14/05/2018 20:11,https://g1.globo.com/mg/triangulo-mineiro/noticia/justica-determina-que-supermercado-em-uberlandia-indenize-cliente-por-furto-de-moto-em-estacionamento.ghtml
2018-04-02,fila,Vagas em supermercado atraem centenas e fila dobra quarteirão em São Carlos,16/05/2018 20:01,https://g1.globo.com/sp/sao-carlos-regiao/noticia/vagas-em-supermercado-atraem-centenas-e-fila-dobra-quarteirao-em-sao-carlos.ghtml
2018-04-02,alimento,Vigilância sanitária apreende 175 kg de alimentos impróprios em supermercado de Manaus,23/04/2018 21:24,https://g1.globo.com/am/amazonas/noticia/vigilancia-sanitaria-apreende-175-kg-de-alimentos-improprios-em-supermercado-de-manaus.ghtml
2018-04-02,limite,Supermercado impõe limite de produto após corrida por estoque de comida,24/05/2018 11:27,https://g1.globo.com/sp/vale-do-paraiba-regiao/noticia/supermercado-impoe-limite-de-produto-por-cliente-apos-corrida-por-estoque-de-comida.ghtml
2018-04-02,paralisação,Supermercado online dobra lucro com paralisação de caminhões em João Pessoa,28/05/2018 15:25,https://g1.globo.com/pb/paraiba/noticia/supermercado-online-dobra-lucro-com-paralisacao-de-caminhoes-em-joao-pessoa.ghtml
2018-04-02,abastecimento,Supermercado em Manaus restringe compra de produtos para prevenir desabastecimento,25/05/2018 17:40,https://g1.globo.com/am/amazonas/noticia/supermercado-em-manaus-restringe-compra-de-produto-para-prevenir-desabastecimento.ghtml
2018-04-02,falta,Com falta de combustível em Porto Velho morador abastece moto com álcool comprado em supermercado,26/05/2018 14:49,https://g1.globo.com/ro/rondonia/noticia/com-falta-de-combustivel-em-porto-velho-morador-abastece-moto-com-alcool-comprado-em-supermercado.ghtml
2018-04-02,limitar,Prefeito de Maringá confirma que vai limitar abertura de supermercados aos domingos,14/05/2018 16:37,https://g1.globo.com/pr/norte-noroeste/noticia/prefeito-de-maringa-confirma-que-vai-limitar-abertura-de-supermercados-aos-domingos.ghtml
2018-04-02,produto,Dono de supermercado mostra produto erótico para cliente e caso vai parar na polícia em Uberaba,10/04/2018 11:40,https://g1.globo.com/mg/triangulo-mineiro/noticia/dono-de-supermercado-mostra-produto-erotico-para-cliente-e-caso-vai-parar-na-policia-em-uberaba.ghtml
2018-04-02,dispara,Preços de frutas e verduras disparam em supermercados e feiras no ES,26/05/2018 11:13,https://g1.globo.com/es/espirito-santo/noticia/preco-das-frutas-e-verduras-disparam-em-supermercados-e-feiras-no-es.ghtml
2018-04-02,abastecimento,Greve dos caminhoneiros afeta abastecimento em supermercados e paralisa produção de frigoríficos,24/05/2018 20:05,https://g1.globo.com/economia/noticia/greve-dos-caminhoneiros-afeta-abastecimento-de-pereciveis-em-supermercados-e-paralisa-producao-de-frigorificos.ghtml
2018-04-02,falta,"Falta de produtos faz preços dispararem na Ceasa, supermercados e feiras no ES",25/05/2018 17:25,https://g1.globo.com/es/espirito-santo/noticia/falta-de-produtos-faz-precos-dispararem-na-ceasa-supermercados-e-feiras-livres-do-es.ghtml
2018-04-02,abastecimento,"Paralisação de caminhoneiros afeta supermercados, órgãos públicos, e abastecimento de combustível no Pará",24/05/2018 17:21,https://g1.globo.com/pa/para/noticia/paralisacao-de-caminhoneiros-afeta-supermercados-orgao-publicos-e-abastecimento-de-combustivel-no-para.ghtml
2018-04-02,abastecido,"Mercado municipal e supermercados voltam a ser abastecidos em Poços de Caldas, MG",31/05/2018 14:30,https://g1.globo.com/mg/sul-de-minas/noticia/mercado-municipal-e-supermercados-voltam-a-ser-abastecidos-em-pocos-de-caldas-mg.ghtml
2018-04-02,abastecimento,Supermercados e revendas do Sul de MG sofrem desabastecimento de produtos com protestos em rodovias,23/05/2018 20:11,https://g1.globo.com/mg/sul-de-minas/noticia/supermercados-e-revendas-do-sul-de-mg-sofrem-desabastecimento-de-produtos-com-protestos-em-rodovias.ghtml
2018-04-02,limitam,"Com greve de caminhoneiros, grandes supermercados limitam vendas de produtos a clientes na BA",25/05/2018 17:48,https://g1.globo.com/ba/bahia/noticia/com-greve-de-caminhoneiros-grandes-supermercados-limitam-vendas-de-produtos-a-clientes-na-ba.ghtml
2018-04-02,restrição,"Câmara de Maringá aprova, em 1ª discussão, restrição à abertura de supermercados aos domingos",20/04/2018 16:46,https://g1.globo.com/pr/norte-noroeste/noticia/camara-de-maringa-aprova-em-1-discussao-restricao-de-supermercados-aos-domingos.ghtml
2018-04-02,estoque,Estoques dos supermercados por atacado em Rondônia estão comprometidos devido aos bloqueios das estradas,25/05/2018 16:17,https://g1.globo.com/ro/rondonia/noticia/estoques-dos-supermercados-por-atacado-em-rondonia-estao-comprometidos-devido-aos-bloqueios-das-estradas.ghtml
2018-04-02,compra,Rede de supermercados é condenada a indenizar jovens negros abordados por seguranças após compra,30/04/2018 17:57,https://g1.globo.com/rs/rio-grande-do-sul/noticia/rede-de-supermercados-e-condenada-a-indenizar-jovens-negros-abordados-por-segurancas-apos-compra.ghtml
2018-04-02,itens,Procon autua três supermercados em Manaus e recolhe itens com validade vencida,24/04/2018 16:55,https://g1.globo.com/am/amazonas/noticia/procon-autua-tres-supermercados-em-manaus-e-recolhe-itens-com-validade-vencida.ghtml
2018-04-02,abastecimento,"Feiras livres, supermercados e Ceasa continuam com problemas de abastecimento no Rio",28/05/2018 13:46,https://g1.globo.com/rj/rio-de-janeiro/noticia/feiras-livres-supermercados-e-ceasa-continuam-com-problemas-de-abastecimento-no-rio.ghtml
2018-04-02,limitam,Supermercados limitam compras de produtos para não zerar estoque no Piauí,26/05/2018 19:07,https://g1.globo.com/pi/piaui/noticia/supermercados-limitam-compras-de-produtos-de-hortifruti-para-nao-zerar-estoque-no-piaui.ghtml
2018-04-02,greve,"Mesmo com greve dos caminhoneiros, vendas nos supermercados crescem em maio, diz associação",29/06/2018 16:39,https://g1.globo.com/economia/noticia/mesmo-com-greve-dos-caminhoneiros-vendas-nos-supermercados-crescem-em-maio-diz-associacao.ghtml
2018-04-02,limite,Supermercados com limite de produtos por cliente são alvo do Procon em RO,25/05/2018 16:10,https://g1.globo.com/ro/rondonia/noticia/supermercados-com-limite-de-produtos-por-cliente-sao-alvo-do-procon-em-ro.ghtml
2018-04-02,limitar,Procon de SC autoriza supermercados a limitarem quantidade de produtos por cliente,24/05/2018 21:57,https://g1.globo.com/sc/santa-catarina/noticia/procon-de-sc-autoriza-supermercados-a-limitarem-quantidade-de-produtos-por-cliente.ghtml
2018-04-02,preço,"Diferença de preços entre supermercados de Fortaleza chega a 430%, diz Procon",30/05/2018 19:37,https://g1.globo.com/ce/ceara/noticia/diferenca-de-precos-entre-supermercados-de-fortaleza-chega-a-430-diz-procon.ghtml
2018-04-02,falta,Consumidores usam a criatividade para adequar cardápio por falta de alimentos em supermercados,31/05/2018 12:00,https://g1.globo.com/to/tocantins/noticia/consumidores-usam-a-criatividade-para-adequar-cardapio-por-falta-de-alimentos-em-supermercados.ghtml
2018-04-02,aumento,Preço do pão francês sofre aumento em supermercados e padarias de Petrolina,27/06/2018 11:35,https://g1.globo.com/pe/petrolina-regiao/noticia/preco-do-pao-frances-sofre-aumento-em-supermercados-e-padarias-de-petrolina.ghtml
2018-07-02,preço,"Com queda de 30%, preço da cebola ajuda a provocar deflação na cesta básica em Presidente Prudente",21/08/2018 13:45,https://g1.globo.com/sp/presidente-prudente-regiao/noticia/2018/08/21/com-queda-de-30-preco-da-cebola-ajuda-a-provocar-deflacao-na-cesta-basica-em-presidente-prudente.ghtml
2018-07-02,aumentar,Carrefour e Tesco se unem para reduzir custo e aumentar poder de compra,02/07/2018 10:10,https://g1.globo.com/economia/noticia/carrefour-e-tesco-se-unem-para-reduzir-custo-e-aumentar-poder-de-compra.ghtml
2018-07-02,alimento,Pão de Açúcar incentiva o consumo de alimentos orgânicos,31/07/2018 21:54,https://g1.globo.com/especial-publicitario/pao-de-acucar/noticia/2018/07/31/pao-de-acucar-incentiva-o-consumo-de-alimentos-organicos.ghtml
2018-07-02,preço,Preço da cesta básica tem redução de 18% no mês de junho em Londrina,02/07/2018 20:57,https://g1.globo.com/pr/norte-noroeste/noticia/preco-da-cesta-basica-tem-reducao-de-18-no-mes-de-junho-em-londrina.ghtml
2018-07-02,termina,Lei determina que supermercados ofereçam carrinhos de compras adaptados às pessoas com deficiência em Juiz de Fora,17/09/2018 18:55,https://g1.globo.com/mg/zona-da-mata/noticia/2018/09/17/lei-determina-que-supermercados-oferecam-carrinhos-de-compras-adaptados-as-pessoas-com-deficiencia-em-juiz-de-fora.ghtml
2018-07-02,produto,Greve dos caminhoneiros leva à maior inflação mensal entre os produtos nos supermercados de SP; veja as maiores altas,17/07/2018 13:50,https://g1.globo.com/economia/educacao-financeira/noticia/greve-dos-caminhoneiros-leva-a-maior-inflacao-mensal-entre-os-produtos-nos-supermercados-de-sp-veja-os-que-mais-subiram.ghtml
2018-07-02,preço,Pesquisa aponta variação de quase 300% no preço da batata em Presidente Prudente,07/09/2018 10:55,https://g1.globo.com/sp/presidente-prudente-regiao/noticia/2018/09/07/pesquisa-aponta-variacao-de-quase-300-no-preco-da-batata-em-presidente-prudente.ghtml
2018-07-02,produto,Projeto de lei que tramita na Câmara proíbe venda de produtos orgânicos em supermercados? Não é verdade!,04/07/2018 19:56,https://g1.globo.com/e-ou-nao-e/noticia/projeto-de-lei-que-tramita-na-camara-proibe-venda-de-produtos-organicos-em-supermercados-nao-e-verdade.ghtml
2018-07-02,preço,"Regional VI tem os preços mais caros de Fortaleza, diz Procon",19/09/2018 14:02,https://g1.globo.com/ce/ceara/noticia/2018/09/19/regional-vi-tem-os-precos-mais-caros-de-fortaleza-diz-procon.ghtml
2018-07-02,preço,Preço do feijão está 47% mais barato revela estudo do Dieese-Pa,28/08/2018 23:08,https://g1.globo.com/pa/para/noticia/2018/08/28/preco-do-feijao-esta-47-mais-barato-revela-estudo-do-dieese-pa.ghtml
2018-07-02,preço,Preço do feijão tem queda de quase 14% aponta Dieese,17/08/2018 13:04,https://g1.globo.com/pa/para/noticia/2018/08/17/preco-do-feijao-tem-queda-de-quase-14-aponta-dieese.ghtml
2018-07-02,produto,Empório Dom Olívio inaugura em Jundiaí com atendimento 24h e produtos premium,20/09/2018 18:41,https://g1.globo.com/sp/sorocaba-jundiai/especial-publicitario/emporio-dom-olivio/noticia/2018/09/20/emporio-dom-olivio-inaugura-em-jundiai-com-atendimento-24h-e-produtos-premium.ghtml
2018-07-02,alimento,"Cerca de 10% dos alimentos à base de açaí no PA e RJ apresentaram DNA do parasito que transmite Chagas, diz Fiocruz",29/08/2018 16:14,https://g1.globo.com/pa/para/noticia/2018/08/29/cerca-de-10-dos-alimentos-a-base-de-acai-no-pa-e-rj-apresentaram-dna-do-parasito-que-transmite-chagas-diz-fiocruz.ghtml
2018-07-02,alimento,Cerca de 1 tonelada de alimentos impróprios é recolhida em Dois Irmãos,24/07/2018 18:13,https://g1.globo.com/rs/rio-grande-do-sul/noticia/2018/07/24/cerca-de-1-tonelada-de-alimentos-improprios-e-recolhida-em-dois-irmaos.ghtml
2018-07-02,fila,Desempregado pedala 20 km e passa 12 horas em fila para concorrer a emprego no interior de SP,23/07/2018 14:54,https://g1.globo.com/sp/bauru-marilia/noticia/2018/07/23/desempregado-pedala-20-km-e-passa-12-horas-em-fila-para-concorrer-a-emprego-no-interior-de-sp.ghtml
2018-07-02,preço,"Preço da cesta básica recua pelo 2º mês consecutivo no Vale em agosto, diz Nupes",10/09/2018 16:10,https://g1.globo.com/sp/vale-do-paraiba-regiao/noticia/2018/09/10/preco-da-cesta-basica-recua-pelo-2o-mes-consecutivo-no-vale-em-agosto-diz-nupes.ghtml
2018-07-02,fila,"Sob frio de 6ºC, centenas de pessoas esperam em fila de emprego em Arapongas",10/08/2018 09:46,https://g1.globo.com/pr/norte-noroeste/noticia/2018/08/10/centenas-de-pessoas-aguardam-em-fila-de-emprego-em-mercado-de-arapongas-ha-250-vagas-disponiveis.ghtml
2018-07-02,fila,Centenas de pessoas enfrentam frio e chuva em fila para vagas de emprego no RJ,07/08/2018 09:49,https://g1.globo.com/rj/rio-de-janeiro/noticia/2018/08/07/centenas-de-pessoas-enfrentam-frio-e-chuva-em-fila-para-vagas-de-emprego-no-rj.ghtml
2018-07-02,alimento,"Guarda localiza carga com 1,7 tonelada de alimentos roubada em Sumaré; dupla foge com caminhão",07/08/2018 16:08,https://g1.globo.com/sp/campinas-regiao/noticia/2018/08/07/guarda-localiza-carga-com-17-tonelada-de-alimentos-roubada-em-sumare-dupla-foge-com-caminhao.ghtml
2018-07-02,acaba,"Fiscalização flagra furto de energia em 9 imóveis e homem acaba preso, na Zona Oeste de Manaus",19/07/2018 20:32,https://g1.globo.com/am/amazonas/noticia/2018/07/19/fiscalizacao-flagra-furto-de-energia-em-9-imoveis-e-homem-acaba-preso-na-zona-oeste-de-manaus.ghtml
2018-07-02,preço,"Preço do quilo do frango congelado em supermercados de Maringá varia 117%, aponta pesquisa",31/08/2018 12:28,https://g1.globo.com/pr/norte-noroeste/noticia/2018/08/31/preco-do-quilo-do-frango-congelado-em-supermercados-de-maringa-varia-117-aponta-pesquisa.ghtml
2018-07-02,preço,Preços de produtos para festas julinas têm variação de mais de 500% em Campo Grande,09/07/2018 16:34,https://g1.globo.com/ms/mato-grosso-do-sul/noticia/precos-de-produtos-para-festas-julinas-tem-variacao-de-mais-de-500-em-campo-grande.ghtml
2018-07-02,dispara,"Vendas de cerveja e carne nos supermercados disparam durante jogos do Brasil, diz Apas",04/07/2018 11:58,https://g1.globo.com/economia/noticia/vendas-de-cerveja-e-carne-nos-supermercados-disparam-durante-jogos-do-brasil-diz-apas.ghtml
2018-07-02,pânico,Brasileiros relatam pânico na espera pelo furacão que atingirá os Estados Unidos,13/09/2018 18:13,https://g1.globo.com/sp/santos-regiao/noticia/2018/09/13/brasileiros-relatam-panico-na-espera-pelo-furacao-que-atingira-os-estados-unidos.ghtml
2018-07-02,produto,Lei obriga supermercados da PB a fixar informações em braille sobre produtos,07/09/2018 13:08,https://g1.globo.com/pb/paraiba/noticia/2018/09/07/lei-obriga-supermercados-da-pb-a-fixar-informacoes-em-braille-sobre-produtos.ghtml
2018-07-02,produto,Assaltantes estouram parede e furtam produtos e dinheiro de supermercado,14/07/2018 15:41,https://g1.globo.com/sp/sao-carlos-regiao/noticia/assaltantes-estouram-parede-e-furtam-produtos-e-dinheiro-de-supermercado.ghtml
2018-07-02,interditada,"Casas próximas a supermercado destruído em incêndio seguem interditadas, em Manaus",17/09/2018 18:50,https://g1.globo.com/am/amazonas/noticia/2018/09/17/casas-proximas-a-supermercado-destruido-em-incendio-seguem-interditadas-em-manaus.ghtml
2018-07-02,busca,Capivara ferida busca refúgio em estacionamento de supermercado de Campo Grande,26/09/2018 12:39,https://g1.globo.com/ms/mato-grosso-do-sul/noticia/2018/09/26/capivara-ferida-busca-refugiu-em-estacionamento-de-supermercado-de-campo-grande.ghtml
2018-07-02,preço,"Pesquisa aponta deflação de 4,51% nos preços em supermercados de Presidente Prudente",07/08/2018 12:06,https://g1.globo.com/sp/presidente-prudente-regiao/noticia/2018/08/07/pesquisa-aponta-deflacao-de-451-nos-precos-em-supermercados-de-presidente-prudente.ghtml
2018-07-02,defesa civil,Defesa Civil interdita casas vizinhas ao supermercado destruído por incêndio em Manaus,09/09/2018 16:30,https://g1.globo.com/am/amazonas/noticia/2018/09/09/defesa-civil-interdita-casas-vizinhas-ao-supermercado-destruido-por-incendio-em-manaus.ghtml
2018-07-02,fila,"Morre delegado baleado em 2015, na PB, após discussão em fila de supermercado",12/08/2018 14:42,https://g1.globo.com/pb/paraiba/noticia/2018/08/12/morre-delegado-baleado-em-2015-na-pb-apos-discussao-em-fila-de-supermercado.ghtml
2018-07-02,dispara,Arma dispara após assaltante tropeçar durante roubo a caixa de supermercado em Cuiabá,20/08/2018 09:16,https://g1.globo.com/mt/mato-grosso/noticia/2018/08/20/arma-dispara-apos-assaltante-tropecar-durante-roubo-a-caixa-de-supermercado-em-cuiaba.ghtml
2018-07-02,produto,Vigilância Sanitária de Suzano interdita supermercado suspeito de vender produtos vencidos no distrito de Palmeiras,20/09/2018 20:35,https://g1.globo.com/sp/mogi-das-cruzes-suzano/noticia/2018/09/20/vigilancia-sanitaria-de-suzano-interdita-supermercado-suspeito-de-vender-produtos-vencidos-no-distrito-de-palmeiras.ghtml
2018-07-02,termina,Tentativa de roubo a supermercado termina em troca de tiros na Zona Leste de SP,08/08/2018 08:01,https://g1.globo.com/sp/sao-paulo/noticia/2018/08/08/tentativa-de-roubo-a-supermercado-termina-em-troca-de-tiros-na-zona-leste-de-sp.ghtml
2018-07-02,fila,Candidatos esperam até 12 horas na fila por 200 vagas em supermercado em Ribeirão Preto,03/09/2018 13:01,https://g1.globo.com/sp/ribeirao-preto-franca/noticia/2018/09/03/candidatos-esperam-ate-12-horas-na-fila-por-200-vagas-em-supermercado-em-ribeirao-preto.ghtml
2018-07-02,produto,"Suspeita de furtar produtos em supermercado de Campos, RJ, se joga em canal para tentar fugir",18/07/2018 08:13,https://g1.globo.com/rj/norte-fluminense/noticia/2018/07/18/suspeita-de-furtar-produtos-em-supermercado-de-campos-rj-se-joga-em-canal-para-tentar-fugir.ghtml
2018-07-02,fila,Esperança de emprego em supermercado leva 3 mil pessoas a megafila Bauru,23/07/2018 20:56,https://g1.globo.com/sp/bauru-marilia/noticia/2018/07/23/esperanca-de-emprego-em-supermercado-leva-3-mil-pessoas-a-megafila-bauru.ghtml
2018-07-02,produto,Operação prende 8 suspeitos de invadir supermercado em Cuiabá e levar R$ 500 mil em produtos eletrônicos,25/09/2018 10:37,https://g1.globo.com/mt/mato-grosso/noticia/2018/09/25/operacao-prende-8-suspeitos-de-invadir-supermercado-em-cuiaba-e-levar-r-500-mil-em-produtos-eletronicos.ghtml
2018-07-02,acaba,"Ladrões armados assaltam supermercado em Indiana, usam moto para fugir, mas acabam presos em Regente Feijó",01/08/2018 19:17,https://g1.globo.com/sp/presidente-prudente-regiao/noticia/2018/08/01/ladroes-armados-assaltam-supermercado-em-indiana-usam-moto-para-fugir-mas-acabam-presos-em-regente-feijo.ghtml
2018-07-02,preço,Preços nos supermercados podem variar até 40% entre as regionais de Fortaleza,03/07/2018 13:33,https://g1.globo.com/ce/ceara/noticia/precos-nos-supermercados-podem-variar-ate-40-entre-as-regionais-de-fortaleza.ghtml
2018-07-02,preço,Aplicativo do Procon Fortaleza compara preços de 60 produtos em supermercados,11/09/2018 12:57,https://g1.globo.com/ce/ceara/noticia/2018/09/11/aplicativo-do-procon-fortaleza-compara-precos-de-produtos-de-60-supermercados.ghtml
2018-07-02,compra,Amazon compra participação em rede de supermercados na Índia,21/09/2018 15:32,https://g1.globo.com/economia/tecnologia/noticia/2018/09/21/amazon-compra-participacao-em-rede-de-supermercados-na-india.ghtml
2018-07-02,aumento,Venezuela prende 34 gerentes de supermercados por aumento de preços,21/09/2018 08:35,https://g1.globo.com/economia/noticia/2018/09/21/venezuela-prende-34-gerentes-de-supermercados.ghtml
2018-07-02,produto,"Quadrilha usa armas para roubar produtos de supermercado em Curvelo; entre os itens havia sorvete, tinta, chocolate e fraldas",16/08/2018 16:40,https://g1.globo.com/mg/grande-minas/noticia/2018/08/16/quadrilha-usa-armas-para-roubar-produtos-de-supermercado-em-curvelo-entre-os-itens-havia-sorvete-tinta-chocolate-e-fraldas.ghtml
2018-07-02,aumento,Família quer aumento da pena de homem que matou delegado na PB em briga por fila de supermercado,13/08/2018 14:49,https://g1.globo.com/ce/ceara/noticia/2018/08/13/familia-quer-aumento-da-pena-de-homem-que-matou-delegado-na-pb-em-briga-por-fila-de-supermercado.ghtml
2018-07-02,falta,"Corpo de Bombeiros notifica unidades do supermercado Extra, em Petrópolis, RJ, por falta de certificado contra incêndio",24/07/2018 20:24,https://g1.globo.com/rj/regiao-serrana/noticia/2018/07/24/corpo-de-bombeiros-notifica-unidades-do-supermercado-extra-em-petropolis-rj-por-falta-de-certificado-contra-incendio.ghtml
2018-07-02,produto,Jovem esconde produtos de supermercado em carrinho do próprio filho e é detida em flagrante em RR,26/07/2018 20:16,https://g1.globo.com/rr/roraima/noticia/2018/07/26/jovem-esconde-produtos-de-supermercado-em-carrinho-do-proprio-filho-e-e-detida-em-flagrante-em-rr.ghtml
2018-07-02,compra,Mês dos Pais: promoção do Norte Sul Plaza sorteia viagem com tudo pago e um ano de compras no supermercado,21/08/2018 11:21,https://g1.globo.com/ms/mato-grosso-do-sul/especial-publicitario/norte-sul-plaza/noticia/2018/08/21/mes-dos-pais-promocao-do-norte-sul-plaza-sorteia-viagem-com-tudo-pago-e-um-ano-de-compras-no-supermercado.ghtml
2018-10-01,preço,Variação de preço dos produtos da ceia de Natal chega a 196% nos supermercados,19/12/2018 17:45,https://g1.globo.com/to/tocantins/noticia/2018/12/19/variacao-de-preco-dos-produtos-da-ceia-de-natal-chega-a-190-nos-supermercados.ghtml
2018-10-01,aumento,Donos de supermercados de Macapá preveem aumento de até 10% nas vendas de fim de ano,20/12/2018 20:30,https://g1.globo.com/ap/amapa/noticia/2018/12/20/donos-de-supermercados-de-macapa-preveem-aumento-de-ate-10-nas-vendas-de-fim-de-ano.ghtml
2018-10-01,preço,Diferença de preços nos produtos de Natal chega a 150% nos supermercados de Piracicaba,22/12/2018 19:27,https://g1.globo.com/sp/piracicaba-regiao/noticia/2018/12/22/diferenca-de-precos-nos-produtos-de-natal-chega-a-150-nos-supermercados-de-piracicaba.ghtml
2018-10-01,fila,"Na véspera do Natal, açougues e supermercados ficam lotados e com filas em Araraquara",24/12/2018 20:07,https://g1.globo.com/sp/sao-carlos-regiao/noticia/2018/12/24/na-vespera-do-natal-acougues-e-supermercados-ficam-lotados-e-com-filas-em-araraquara.ghtml
2018-10-01,produto,Procon de São Carlos autua oito supermercados por produtos fora do prazo de validade,24/10/2018 21:36,https://g1.globo.com/sp/sao-carlos-regiao/noticia/2018/10/24/procon-de-sao-carlos-autua-oito-supermercados-por-produtos-fora-do-prazo-de-validade.ghtml
2018-10-01,produto,MP aciona supermercados por venda de produtos com resíduos de agrotóxicos na BA: 'Consumidores em perigo',23/10/2018 23:00,https://g1.globo.com/ba/bahia/noticia/2018/10/23/nove-redes-de-supermercados-sao-acionadas-por-vender-produtos-com-residuos-de-agrotoxicos-na-ba-consumidores-em-perigo.ghtml
2018-10-01,dispara,Preço do quilo do tomate dispara e chega a R$ 7 em feiras e supermercados de Goiânia,19/10/2018 09:49,https://g1.globo.com/go/goias/noticia/2018/10/19/preco-do-quilo-do-tomate-dispara-e-chega-a-r-7-em-feiras-e-supermercados-de-goiania.ghtml
2018-10-01,acaba,"Jovem rouba e agride idoso, tenta fugir pulando em córrego e acaba preso em Ribeirão Preto",06/10/2018 12:16,https://g1.globo.com/sp/ribeirao-preto-franca/noticia/2018/10/06/jovem-rouba-e-agride-idoso-tenta-fugir-pulando-em-corrego-e-acaba-preso-em-ribeirao-preto.ghtml
2018-10-01,produto,Beneficiado em saidinha é preso ao tentar furtar produtos para 'fazer ceia' em Araraquara,24/12/2018 18:18,https://g1.globo.com/sp/sao-carlos-regiao/noticia/2018/12/24/beneficiado-em-saidinha-e-preso-ao-tentar-furtar-produtos-para-fazer-ceia-em-araraquara.ghtml
2018-10-01,preço,"Preço do alho, banana e cenoura varia mais de 200% em Fortaleza",12/11/2018 16:27,https://g1.globo.com/ce/ceara/noticia/2018/11/12/preco-do-alho-banana-e-cenoura-varia-mais-de-200-em-fortaleza.ghtml
2018-10-01,compra,Motorista de aplicativo e passageiro são mortos durante negociação para compra de arma em Fortaleza,19/12/2018 08:25,https://g1.globo.com/ce/ceara/noticia/2018/12/18/motorista-de-aplicativo-e-passageiro-sao-alvejados-em-estacionamento-de-supermercado-em-fortaleza.ghtml
2018-10-01,compra,Especialista dá dicas de como evitar desperdício de alimentos com cuidados na compra e armazenamento dos produtos,04/11/2018 07:05,https://g1.globo.com/pr/parana/caminhos-do-campo/noticia/2018/11/04/especialista-da-dicas-de-como-evitar-desperdicio-de-alimentos-com-cuidados-na-compra-e-armazenamento-dos-produtos.ghtml
2018-10-01,preço,Prefeitura de Juiz de Fora divulga terceiro guia com preços de produtos natalinos,13/12/2018 18:21,https://g1.globo.com/mg/zona-da-mata/noticia/2018/12/13/prefeitura-de-juiz-de-fora-divulga-terceiro-guia-com-precos-de-produtos-natalinos.ghtml
2018-10-01,compra,'Olha o bolso': pesquisa ajuda a economizar nas compras em supermercados do Rio,18/10/2018 09:29,https://g1.globo.com/rj/rio-de-janeiro/noticia/2018/10/18/olha-o-bolso-pesquisa-ajuda-a-economizar-nas-compras-em-supermercados-do-rio.ghtml
2018-10-01,busca,"Desempregados fazem grande fila em busca de trabalho em Petrópolis, no RJ",13/11/2018 16:13,https://g1.globo.com/rj/regiao-serrana/noticia/2018/11/13/desempregados-fazem-grande-fila-em-busca-de-trabalho-em-petropolis-no-rj.ghtml
2018-10-01,preço,"Pesquisa de preços constata deflação de 3,06% nos supermercados em Presidente Prudente",22/11/2018 13:00,https://g1.globo.com/sp/presidente-prudente-regiao/noticia/2018/11/22/pesquisa-de-precos-constata-deflacao-de-306-nos-supermercados-em-presidente-prudente.ghtml
2018-10-01,preço,"Pesquisa de preços aponta inflação de 1,02% nos supermercados em Presidente Prudente",23/10/2018 12:28,https://g1.globo.com/sp/presidente-prudente-regiao/noticia/2018/10/23/pesquisa-de-precos-aponta-inflacao-de-102-nos-supermercados-em-presidente-prudente.ghtml
2018-10-01,preço,"Preços subiram 3,76% em dezembro nos supermercados de Fortaleza, diz Procon",10/12/2018 14:42,https://g1.globo.com/ce/ceara/noticia/2018/12/10/precos-subiram-376-em-dezembro-nos-supermercados-de-fortaleza-diz-procon.ghtml
2018-10-01,produto,Supermercados de Juiz de Fora já disponibilizam produtos típicos do Natal,15/11/2018 20:00,https://g1.globo.com/mg/zona-da-mata/noticia/2018/11/15/supermercados-de-juiz-de-fora-ja-disponibilizam-produtos-tipicos-do-natal.ghtml
2018-10-01,produto,Procon Manaus apreende produtos vencidos em supermercado na Zona Sul,09/11/2018 22:01,https://g1.globo.com/am/amazonas/noticia/2018/11/09/procon-manaus-apreende-produtos-vencidos-em-supermercado-na-zona-sul.ghtml
2018-10-01,produto,Dupla é presa por tentar furtar produtos de supermercado em Tatuí,02/10/2018 11:38,https://g1.globo.com/sp/itapetininga-regiao/noticia/2018/10/02/dupla-e-presa-por-tentar-furtar-produtos-de-supermercado-em-tatui.ghtml
2018-10-01,produto,Procon encontra produtos vencidos em supermercado da capital após denúncias de clientes,20/11/2018 10:36,https://g1.globo.com/ms/mato-grosso-do-sul/noticia/2018/11/19/procon-encontra-produtos-vencidos-em-supermercado-da-capital-apos-denuncias-de-clientes.ghtml
2018-10-01,chuva,"Dois dias após inauguração, muro de supermercado de Fortaleza cai com fortes chuvas",30/11/2018 18:28,https://g1.globo.com/ce/ceara/noticia/2018/11/30/dois-dias-apos-inauguracao-muro-de-supermercado-de-fortaleza-cai-com-fortes-chuvas.ghtml
2018-10-01,chuva,"Temporal assusta clientes de supermercado atingido por chuva em Nova Friburgo, no RJ",01/12/2018 14:10,https://g1.globo.com/rj/regiao-serrana/noticia/2018/12/01/temporal-assusta-clientes-de-supermercado-atingido-por-chuva-em-nova-friburgo-no-rj.ghtml
2018-10-01,acaba,"Ladrão acaba pelado ao invadir supermercado pela janela, em Aparecida de Goiânia; vídeo",29/11/2018 16:40,https://g1.globo.com/go/goias/noticia/2018/11/29/ladrao-fica-pelado-ao-invadir-supermercado-pela-janela-para-furtar-video.ghtml
2018-10-01,fila,Clientes enfrentam tumulto e filas no aniversário do Supermercado Guanabara no RJ; fotos,19/10/2018 16:19,https://g1.globo.com/rj/rio-de-janeiro/noticia/2018/10/19/clientes-enfrentam-tumulto-e-filas-em-rede-de-supermercados-no-rj.ghtml
2018-10-01,alimento,Vigilância Sanitária apreende 800 kg de alimentos vencidos em supermercado de SP,22/10/2018 18:28,https://g1.globo.com/sp/santos-regiao/noticia/2018/10/22/vigilancia-sanitaria-apreende-800-kg-de-alimentos-vencidos-em-supermercado-de-sp.ghtml
2018-10-01,compra,"Homem é preso após roubar R$ 2,3 mil de supermercado em que guarda municipal fazia compras",11/10/2018 14:07,https://g1.globo.com/sp/piracicaba-regiao/noticia/2018/10/11/homem-rouba-r-23-mil-de-supermercado-e-e-preso-em-limeira-video.ghtml
2018-10-01,produto,Polícia abre inquérito ao achar 213 produtos vencidos em supermercado da área nobre de Campo Grande,06/12/2018 16:32,https://g1.globo.com/ms/mato-grosso-do-sul/noticia/2018/12/06/policia-abre-inquerito-ao-achar-213-produtos-vencidos-em-supermercado-da-area-nobre-de-campo-grande.ghtml
2018-10-01,termina,Briga por carrinho de compras em supermercado termina com homem perfurado por chave de carro em MS,12/11/2018 19:00,https://g1.globo.com/ms/mato-grosso-do-sul/noticia/2018/11/12/briga-por-carrinho-de-compras-em-supermercado-termina-com-homem-perfurado-por-chave-de-carro-em-ms.ghtml
2018-10-01,preço,Preço do café continua em queda nos supermercados de Belém,22/11/2018 12:13,https://g1.globo.com/pa/para/noticia/2018/11/22/preco-do-cafe-continua-em-queda-nos-supermercados-de-belem.ghtml
2018-10-01,preço,"Supermercados da Regional VI têm preços mais elevados, mostra Procon",24/10/2018 14:13,https://g1.globo.com/ce/ceara/noticia/2018/10/24/supermercados-da-regional-vi-tem-precos-mais-elevados-mostra-procon.ghtml
2018-10-01,produto,Startup cria aplicativo para conferir produtos nas gôndolas dos supermercados,25/11/2018 07:22,https://g1.globo.com/economia/pme/pequenas-empresas-grandes-negocios/noticia/2018/11/25/startup-cria-aplicativo-para-conferir-produtos-nas-gondolas-dos-supermercados.ghtml
2018-10-01,termina,Justiça determina prisão preventiva de grupo que fez 40 reféns em supermercado no AP,27/11/2018 19:50,https://g1.globo.com/ap/amapa/noticia/2018/11/27/justica-determina-prisao-preventiva-de-grupo-que-fez-40-refens-em-supermercado-no-ap.ghtml
2018-12-31,termina,Lojas de shoppings de Salvador abrem neste domingo após determinação da Justiça,10/02/2019 14:13,https://g1.globo.com/ba/bahia/noticia/2019/02/10/lojas-de-shoppings-de-salvador-abrem-neste-domingo-apos-determinacao-da-justica.ghtml
2018-12-31,produto,De carnes nobres a produtos veganos: Empório Dom Olívio é um espaço para todos,23/01/2019 10:36,https://g1.globo.com/sp/sorocaba-jundiai/especial-publicitario/emporio-dom-olivio/noticia/2019/01/23/de-carnes-nobres-a-produtos-veganos-emporio-dom-olivio-e-um-espaco-para-todos.ghtml
2018-12-31,alagamento,Tempestade em Marília causa alagamento e estragos,24/01/2019 23:06,https://g1.globo.com/sp/bauru-marilia/noticia/2019/01/24/tempestade-em-marilia-causa-alagamento-e-estragos.ghtml
2018-12-31,preço,"Pesquisa aponta queda de 3,61% nos preços dos produtos da cesta básica, em Presidente Prudente",08/02/2019 12:52,https://g1.globo.com/sp/presidente-prudente-regiao/noticia/2019/02/08/pesquisa-aponta-queda-de-361-nos-precos-dos-produtos-da-cesta-basica-em-presidente-prudente.ghtml
2018-12-31,preço,MPF investiga Carrefour por vender combustível abaixo do preço de mercado na Paraíba,26/02/2019 18:06,https://g1.globo.com/pb/paraiba/noticia/2019/02/26/mpf-investiga-carrefour-por-vender-combustivel-abaixo-do-preco-de-mercado-na-paraiba.ghtml
2018-12-31,compra,"‘Ovo vegano’, café para comer e compras sem caixa são novidades em feira de supermercados no Rio",20/03/2019 11:51,https://g1.globo.com/rj/rio-de-janeiro/noticia/2019/03/20/ovo-vegano-cafe-para-comer-e-compras-sem-caixa-sao-novidades-em-feira-de-supermercados-no-rio.ghtml
2018-12-31,fila,Anúncio de 60 vagas de emprego para operador de loja causa fila em Campinas,01/03/2019 13:14,https://g1.globo.com/sp/campinas-regiao/concursos-e-emprego/noticia/2019/03/01/anuncio-de-60-vagas-de-emprego-para-operador-de-loja-causa-fila-em-campinas.ghtml
2018-12-31,produto,Produtores paranaenses investem na pitaia,13/01/2019 07:05,https://g1.globo.com/pr/parana/caminhos-do-campo/noticia/2019/01/13/produtores-paranaenses-investem-na-pitaia.ghtml
2018-12-31,preço,"Preço do quilo da batata inglesa chega até R$6 nos supermercados e feiras de Petrolina, PE",16/03/2019 12:24,https://g1.globo.com/pe/petrolina-regiao/noticia/2019/03/16/preco-do-quilo-da-batata-inglesa-chega-ate-r6-nos-supermercados-e-feiras-de-petrolina-pe.ghtml
2018-12-31,dispara,Produtores de feijão no Sul de MG reduzem área plantada e preço dispara nos supermercados,23/02/2019 20:01,https://g1.globo.com/mg/sul-de-minas/noticia/2019/02/23/produtores-de-feijao-no-sul-de-mg-reduzem-area-plantada-e-preco-dispara-nos-supermercados.ghtml
2018-12-31,alagamento,Chuva provoca alagamentos no Ipiranga e em cidades do ABC Paulista,18/01/2019 19:59,https://g1.globo.com/sp/sao-paulo/noticia/2019/01/18/chuva-deixa-regioes-de-sp-em-estado-de-atencao-para-alagamento.ghtml
2018-12-31,preço,Pesquisa do Procon aponta diferença nos preços de produtos da cesta básica em supermercados de Valadares,13/03/2019 15:55,https://g1.globo.com/mg/vales-mg/noticia/2019/03/13/pesquisa-do-procon-aponta-diferenca-nos-precos-de-produtos-da-cesta-basica-em-supermercados-de-valadares.ghtml
2018-12-31,alimento,Feira no Rio mostra novidades tecnológicas no setor de alimentos,20/03/2019 20:51,https://g1.globo.com/jornal-nacional/noticia/2019/03/20/feira-no-rio-mostra-novidades-tecnologicas-no-setor-de-alimentos.ghtml
2018-12-31,aumento,"Preço do feijão tem aumento recorde, aponta Dieese",10/02/2019 19:41,https://g1.globo.com/pa/para/noticia/2019/02/10/preco-do-feijao-tem-aumento-recorde-aponta-dieese.ghtml
2018-12-31,medo,"Britânicos estocam de papel higiênico a analgésicos por medo do Brexit, diz varejista",13/03/2019 09:52,https://g1.globo.com/economia/noticia/2019/03/13/britanicos-estocam-de-papel-higienico-a-analgesicos-por-medo-do-brexit-varejista.ghtml
2018-12-31,chuva,"Chuva alaga ruas e deixa moradores ilhados em Atibaia, SP",05/01/2019 14:56,https://g1.globo.com/sp/vale-do-paraiba-regiao/noticia/2019/01/05/chuva-alaga-ruas-e-deixa-moradores-ilhados-em-atibaia-sp.ghtml
2018-12-31,aumento,"Preço da cesta básica tem aumento de 4,64% em fevereiro; feijão é o item com maior alta",08/03/2019 13:36,https://g1.globo.com/ro/rondonia/noticia/2019/03/08/preco-da-cesta-basica-tem-aumento-de-464-em-fevereiro-feijao-e-o-item-com-maior-alta.ghtml
2018-12-31,produto,Chocolate e outros produtos dos ovos de Páscoa estão até 20% mais caros em relação a 2018,28/03/2019 08:46,https://g1.globo.com/sp/sorocaba-jundiai/noticia/2019/03/28/chocolate-e-outros-produtos-dos-ovos-de-pascoa-estao-ate-20percent-mais-caros-em-relacao-a-2018.ghtml
2018-12-31,produto,Especialista em consumo de Mogi orienta sobre cuidados com validade dos produtos,29/01/2019 18:51,https://g1.globo.com/sp/mogi-das-cruzes-suzano/noticia/2019/01/29/especialista-em-consumo-de-mogi-orienta-sobre-cuidados-com-validade-dos-produtos.ghtml
2018-12-31,aumento,Epidemia de dengue provoca aumento na venda de repelentes em Bauru,28/01/2019 10:41,https://g1.globo.com/sp/bauru-marilia/noticia/2019/01/28/epidemia-de-dengue-provoca-aumento-na-venda-de-repelentes-em-bauru.ghtml
2018-12-31,preço,Feijão tem alta de mais de 50% desde janeiro e consumidores de Petrolina reclamam do preço,08/02/2019 08:43,https://g1.globo.com/pe/petrolina-regiao/noticia/2019/02/01/feijao-tem-alta-de-mais-de-50-desde-janeiro-e-consumidores-de-petrolina-reclamam-do-preco-do-alimento.ghtml
2018-12-31,preço,"Preço do quilo do pão francês varia mais de R$ 5 em João Pessoa, diz Procon",18/03/2019 17:44,https://g1.globo.com/pb/paraiba/noticia/2019/03/18/preco-do-quilo-do-pao-frances-varia-mais-de-r-5-em-joao-pessoa-diz-procon.ghtml
2018-12-31,preço,"Preço da carne varia 94% em João Pessoa, de acordo com o Procon",22/03/2019 17:08,https://g1.globo.com/pb/paraiba/noticia/2019/03/22/preco-da-carne-varia-94percent-em-joao-pessoa-de-acordo-com-o-procon.ghtml
2018-12-31,acaba,"Após furtar, homem dorme na rua, é roubado por outro ladrão e acaba preso em RR: 'estava cansado'",09/02/2019 15:03,https://g1.globo.com/rr/roraima/noticia/2019/02/09/apos-furtar-homem-dorme-na-rua-e-roubado-por-outro-ladrao-e-acaba-preso-em-rr-estava-cansado.ghtml
2018-12-31,pânico,Cobra provoca pânico após invadir mercado em horário de pico em SP,25/03/2019 07:16,https://g1.globo.com/sp/santos-regiao/noticia/2019/03/25/cobra-provoca-panico-apos-invadir-mercado-em-horario-de-pico-em-sp.ghtml
2018-12-31,preço,"Presidente Prudente abre 2019 com inflação de 0,18% nos supermercados, aponta pesquisa de preços",25/01/2019 11:13,https://g1.globo.com/sp/presidente-prudente-regiao/noticia/2019/01/25/presidente-prudente-abre-2019-com-inflacao-de-018-nos-supermercados-aponta-pesquisa-de-precos.ghtml
2018-12-31,aumentam,"Vendas aumentam em mercados da região de Itapetininga, aponta Abras",04/03/2019 07:48,https://g1.globo.com/sp/itapetininga-regiao/noticia/2019/03/04/vendas-aumentam-em-mercados-da-regiao-de-itapetininga-aponta-abras.ghtml
2018-12-31,aumento,Supermercados no AP estimam aumento de até 7% na venda de ovos de Páscoa,23/03/2019 16:18,https://g1.globo.com/ap/amapa/noticia/2019/03/23/supermercados-no-ap-estimam-aumento-de-ate-7percent-na-venda-de-ovos-de-pascoa.ghtml
2018-12-31,epidemia,Epidemia de dengue em Araraquara gera número alto de atestados no comércio,08/02/2019 14:56,https://g1.globo.com/sp/sao-carlos-regiao/noticia/2019/02/08/epidemia-de-dengue-em-araraquara-gera-numero-alto-de-atestados-no-comercio.ghtml
2018-12-31,aumento,"Preço da cesta básica tem aumento de 4,67% em supermercados de Presidente Prudente",02/03/2019 10:20,https://g1.globo.com/sp/presidente-prudente-regiao/noticia/2019/03/02/preco-da-cesta-basica-tem-aumento-de-467-em-supermercados-de-presidente-prudente.ghtml
2018-12-31,aumento,"Preços nos supermercados de Fortaleza têm maior aumento no ano, diz Procon",28/03/2019 15:15,https://g1.globo.com/ce/ceara/noticia/2019/03/28/precos-nos-supermercados-de-fortaleza-tem-maior-aumento-no-ano-diz-procon.ghtml
2018-12-31,compra,Mogianos lotam supermercado na compra da ceia de Ano-Novo,31/12/2018 20:12,https://g1.globo.com/sp/mogi-das-cruzes-suzano/noticia/2018/12/31/mogianos-lotam-supermercado-na-compra-da-ceia-de-ano-novo.ghtml
2018-12-31,fila,"No DF, anúncio de emprego em supermercado provoca fila gigantesca",09/01/2019 21:34,https://g1.globo.com/jornal-nacional/noticia/2019/01/09/anuncio-de-emprego-em-supermercado-no-df-provoca-fila-gigantesca.ghtml
2018-12-31,chuva,Chuva forte deixa ruas alagadas e invade supermercado em Tupã,14/03/2019 21:19,https://g1.globo.com/sp/bauru-marilia/noticia/2019/03/14/chuva-forte-deixa-ruas-alagadas-e-invade-mercado-em-tupa.ghtml
2018-12-31,produto,Produtos impróprios para consumo são apreendidos em supermercado em Uberaba,12/02/2019 12:56,https://g1.globo.com/mg/triangulo-mineiro/noticia/2019/02/12/produtos-improprios-para-consumo-sao-apreendidos-em-supermercado-em-uberaba.ghtml
2018-12-31,comida,Alemãs são condenadas por retirar comida de lixo de supermercado,31/01/2019 10:10,https://g1.globo.com/mundo/noticia/2019/01/31/alemas-sao-condenadas-por-retirar-comida-de-lixo-de-supermercado.ghtml
2018-12-31,alagamento,"Chuva causa alagamentos e derruba teto de supermercado em Praia Grande, SP",18/01/2019 19:22,https://g1.globo.com/sp/santos-regiao/noticia/2019/01/18/chuva-causa-alagamentos-e-derruba-teto-de-supermercado-em-praia-grande-sp.ghtml
2018-12-31,pânico,Vídeo registra tiroteio e pânico em supermercado durante tentativa de roubo em SP,18/01/2019 05:19,https://g1.globo.com/sp/santos-regiao/noticia/2019/01/18/video-registra-tiroteio-e-panico-em-supermercado-durante-tentativa-de-roubo-em-sp.ghtml
2018-12-31,alimento,"Gerente de supermercado em Petrópolis, RJ é detido após ação flagrar alimentos vencidos",15/03/2019 12:32,https://g1.globo.com/rj/regiao-serrana/noticia/2019/03/15/gerente-de-supermercado-em-petropolis-rj-e-detido-apos-acao-flagrar-alimentos-vencidos.ghtml
2018-12-31,compra,Quem é você na hora de fazer compras no supermercado? Faça o teste!,28/03/2019 16:05,https://g1.globo.com/como-sera/interatividade/quiz/quem-e-voce-na-hora-de-fazer-compras-no-supermercado-faca-o-teste.ghtml
2018-12-31,fila,Anúncio de vaga em supermercado do DF gera fila com centenas de pessoas,09/01/2019 11:26,https://g1.globo.com/df/distrito-federal/noticia/2019/01/09/anuncio-de-vaga-em-supermercado-do-df-gera-fila-com-centenas-de-pessoas.ghtml
2018-12-31,fila,"Anúncio de emprego em supermercado gera fila de mil pessoas em Ceilândia, no DF",25/03/2019 16:36,https://g1.globo.com/df/distrito-federal/noticia/2019/03/25/anuncio-de-emprego-em-supermercado-gera-fila-de-mil-pessoas-em-ceilandia-no-df.ghtml
2018-12-31,produto,Funcionários de supermercado são socorridos após sofrerem queimaduras com produto químico em Campo Grande,23/02/2019 17:53,https://g1.globo.com/ms/mato-grosso-do-sul/noticia/2019/02/23/funcionarios-de-supermercado-sao-socorridos-apos-sofrerem-queimaduras-com-produto-quimico-em-campo-grande.ghtml
2018-12-31,dispara,Bandidos assaltam supermercado e disparam contra funcionários em Timóteo,10/03/2019 10:08,https://g1.globo.com/mg/vales-mg/noticia/2019/03/10/bandidos-assaltam-supermercado-e-disparam-contra-funcionarios-em-timoteo.ghtml
2018-12-31,produto,Mulher é presa ao furtar R$ 460 em produtos de supermercado em São Carlos,18/01/2019 10:15,https://g1.globo.com/sp/sao-carlos-regiao/noticia/2019/01/18/mulher-e-presa-ao-furtar-r-460-em-produtos-de-um-supermercado-em-sao-carlos.ghtml
2018-12-31,interditado,Supermercado de São Carlos é interditado por usar água de poço artesiano sem tratamento,26/02/2019 19:54,https://g1.globo.com/sp/sao-carlos-regiao/noticia/2019/02/26/supermercado-de-sao-carlos-e-interditado-por-usar-agua-de-poco-artesiano-sem-tratamento.ghtml
2018-12-31,produto,Vigilância flagra produtos vencidos em fábrica de rede de supermercados de Boa Vista,29/03/2019 13:13,https://g1.globo.com/rr/roraima/noticia/2019/03/29/vigilancia-flagra-produtos-vencidos-em-fabrica-de-rede-de-supermercados-de-boa-vista.ghtml
2018-12-31,compra,Projeto de Lei proíbe supermercados de conferir compras após o pagamento em Uberlândia,14/03/2019 19:19,https://g1.globo.com/mg/triangulo-mineiro/noticia/2019/03/14/projeto-de-lei-proibe-supermercados-de-conferir-compras-apos-o-pagamento-em-uberlandia.ghtml
2018-12-31,produto,"Mais de 1,5 mil produtos vencidos são apreendidos pelo Procon em supermercados",18/03/2019 14:57,https://g1.globo.com/to/tocantins/noticia/2019/03/18/mais-de-15-mil-produtos-vencidos-sao-apreendidos-pelo-procon-em-supermercados.ghtml
2018-12-31,preço,"Preços caem nos supermercados de Fortaleza, aponta pesquisa do Procon",12/02/2019 14:48,https://g1.globo.com/ce/ceara/noticia/2019/02/12/precos-caem-nos-supermercados-de-fortaleza-aponta-pesquisa-do-procon.ghtml
2018-12-31,preço,Preço das frutas cai até 50% nos supermercados de Gurupi,27/01/2019 14:26,https://g1.globo.com/to/tocantins/noticia/2019/01/27/preco-das-frutas-cai-ate-50-nos-supermercados-de-gurupi.ghtml
2018-12-31,medo,"'Fiquei com medo de os assaltantes levarem minha esposa', diz idoso vítima de roubo em supermercado de Uberlândia",19/03/2019 13:26,https://g1.globo.com/mg/triangulo-mineiro/noticia/2019/03/19/fiquei-com-medo-de-os-assaltantes-levarem-minha-esposa-diz-idoso-vitima-de-roubo-em-supermercado-de-uberlandia.ghtml
2018-12-31,fila,"Oferta de emprego em supermercado forma fila de cerca de 3 mil pessoas, em Araucária",28/03/2019 10:49,https://g1.globo.com/pr/parana/noticia/2019/03/28/oferta-de-emprego-em-supermercado-forma-fila-de-cerca-de-3-mil-pessoas-em-araucaria.ghtml
2018-12-31,alimento,"Procon descarta 20 kg de alimentos impróprios para consumo em supermercado de Petrópolis, no RJ",22/02/2019 17:25,https://g1.globo.com/rj/regiao-serrana/noticia/2019/02/22/procon-descarta-20-kg-de-alimentos-improprios-para-consumo-em-supermercado-de-petropolis-no-rj.ghtml
2018-12-31,fila,Supermercado do DF que gerou fila quilométrica após anúncio de emprego abre com 270 contratados,22/02/2019 11:48,https://g1.globo.com/df/distrito-federal/noticia/2019/02/22/supermercado-do-df-que-gerou-fila-quilometrica-apos-anuncio-de-emprego-abre-com-270-contratados.ghtml
2018-12-31,produto,Dupla é flagrada por câmeras de segurança furtando produtos de supermercado em Boa Vista,07/03/2019 09:36,https://g1.globo.com/rr/roraima/noticia/2019/03/07/dupla-e-flagrada-por-cameras-de-seguranca-furtando-produtos-de-supermercado-em-boa-vista.ghtml
2018-12-31,produto,Casal é preso em Boa Vista após furtar produtos em supermercado e esconder no carrinho de bebê do próprio filho,05/03/2019 17:45,https://g1.globo.com/rr/roraima/noticia/2019/03/05/casal-e-preso-em-boa-vista-apos-furtar-produtos-em-supermercado-e-esconder-no-carrinho-de-bebe-do-proprio-filho.ghtml
2019-04-01,fila,Moradores de Ituiutaba fazem fila em frente ao Sine após rede de supermercados divulgar vagas,04/06/2019 12:29,https://g1.globo.com/mg/triangulo-mineiro/concursos-e-emprego/noticia/2019/06/04/moradores-de-ituiutaba-fazem-fila-em-frente-ao-sine-apos-rede-de-supermercados-divulgar-vagas.ghtml
2019-04-01,produto,"Pesquisa de Páscoa aponta diferença de R$ 26,50 em mesmo produto em supermercados diferentes de Manaus",13/04/2019 17:35,https://g1.globo.com/am/amazonas/noticia/2019/04/13/pesquisa-de-pascoa-aponta-diferenca-de-r-2650-em-mesmo-produto-em-supermercados-diferentes-de-manaus.ghtml
2019-04-01,produto,Pesquisa do Procon mostra variação de até 302% no mesmo produto em supermercados de Fortaleza,30/04/2019 15:03,https://g1.globo.com/ce/ceara/noticia/2019/04/30/pesquisa-do-procon-mostra-variacao-de-ate-302percent-no-mesmo-produto-em-supermercados-de-fortaleza.ghtml
2019-04-01,fila,Moradores de Paulínia fazem fila por emprego em rede de supermercados que anunciou 160 vagas,21/05/2019 10:03,https://g1.globo.com/sp/campinas-regiao/concursos-e-emprego/noticia/2019/05/21/moradores-de-paulinia-fazem-fila-por-emprego-em-rede-de-supermercados-que-anunciou-160-vagas.ghtml
2019-04-01,alimento,"Mais de 35 kg de alimentos vencidos são apreendidos em supermercados durante fiscalização, em Manaus",07/05/2019 23:11,https://g1.globo.com/am/amazonas/noticia/2019/05/07/mais-de-35-kg-de-alimentos-vencidos-sao-apreendidos-em-supermercados-durante-fiscalizacao-em-manaus.ghtml
2019-04-01,comida,Supermercados de Sorocaba oferecem comida pronta e são opção para os fins de semana,15/06/2019 17:51,https://g1.globo.com/sp/sorocaba-jundiai/noticia/2019/06/15/supermercados-de-sorocaba-oferecem-comida-pronta-e-sao-opcao-para-os-fins-de-semana.ghtml
2019-04-01,preço,"Preços de vinhos variam quase 130% em supermercados de João Pessoa, diz Procon",03/04/2019 18:20,https://g1.globo.com/pb/paraiba/noticia/2019/04/03/precos-de-vinhos-variam-quase-130percent-em-supermercados-de-joao-pessoa-diz-procon.ghtml
2019-04-01,crise,Crise na Argentina: por que é preciso ir a 3 supermercados para comprar um produto,12/05/2019 16:36,https://g1.globo.com/economia/noticia/2019/05/12/crise-na-argentina-por-que-e-preciso-ir-a-3-supermercados-para-comprar-um-produto.ghtml
2019-04-01,preço,"Preço do ovo de galinha está 4,13% mais caro nos supermercados de São Carlos, segundo a Apas",06/04/2019 15:28,https://g1.globo.com/sp/sao-carlos-regiao/noticia/2019/04/06/preco-do-ovo-de-galinha-esta-413percent-mais-caro-nos-supermercados-de-sao-carlos-segundo-a-apas.ghtml
2019-04-01,produto,"Operação prende 10 pessoas por venda de produtos vencidos em supermercados, em Nova Londrina",07/06/2019 10:55,https://g1.globo.com/pr/norte-noroeste/noticia/2019/06/07/operacao-prende-10-pessoas-por-venda-de-produtos-vencidos-em-supermercados-em-nova-londrina.ghtml
2019-04-01,compra,Alep aprova projeto que obriga donos de supermercados a higienizar carrinhos e cestas de compras a cada 15 dias,28/06/2019 14:56,https://g1.globo.com/pr/parana/noticia/2019/06/28/alep-aprova-projeto-que-obrigada-donos-de-supermercados-a-higienizar-carrinhos-e-cestas-de-compras-a-cada-15-dias.ghtml
2019-04-01,termina,"Tentativa de sequestro termina com uma motociclista atropelada em Iguape, SP",03/05/2019 18:07,https://g1.globo.com/sp/santos-regiao/noticia/2019/05/03/tentativa-de-sequestro-termina-com-uma-motociclista-atropelada-em-iguape-sp.ghtml
2019-04-01,produto,"Homem é preso com roupas, sandálias e celulares roubados de comércios em Manaus; produtos seriam revendidos",18/05/2019 10:11,https://g1.globo.com/am/amazonas/noticia/2019/05/18/homem-e-preso-com-roupas-sandalias-e-celulares-roubados-de-comercios-em-manaus-produtos-seriam-revendidos.ghtml
2019-04-01,preço,"Preço da cesta básica pode variar até R$ 50 em Macapá, aponta Procon; compare itens",14/04/2019 07:55,https://g1.globo.com/ap/amapa/noticia/2019/04/14/preco-da-cesta-basica-pode-variar-ate-r-50-em-macapa-aponta-procon-compare-itens.ghtml
2019-04-01,produto,Produtos para festas juninas e namorados são fiscalizados pelo Procon em Macapá,05/06/2019 16:51,https://g1.globo.com/ap/amapa/noticia/2019/06/05/produtos-para-festas-juninas-e-namorados-sao-fiscalizados-pelo-procon-em-macapa.ghtml
2019-04-01,alimento,"Aproximadamente 100 kg de alimentos impróprios para o consumo são descartados em Petrópolis, no RJ",28/05/2019 19:42,https://g1.globo.com/rj/regiao-serrana/noticia/2019/05/28/aproximadamente-100-kg-de-alimentos-improprios-para-o-consumo-sao-descartados-em-petropolis-no-rj.ghtml
2019-04-01,produto,Produtos do universo pet em promoção,07/05/2019 11:23,https://g1.globo.com/sp/piracicaba-regiao/especial-publicitario/coop/noticia/2019/05/07/produtos-do-universo-pet-em-promocao.ghtml
2019-04-01,produto,Grupo suspeito de receptação é detido pela polícia em Barbacena; veículos e produtos foram apreendidos,15/04/2019 13:29,https://g1.globo.com/mg/zona-da-mata/noticia/2019/04/15/grupo-suspeito-de-receptacao-e-detido-pela-policia-em-barbacena-veiculos-e-produtos-foram-apreendidos.ghtml
2019-04-01,preço,"Variação de preços de ovos de Páscoa em Santa Bárbara d'Oeste chega a 199%, diz Procon",17/04/2019 19:03,https://g1.globo.com/sp/piracicaba-regiao/noticia/2019/04/17/variacao-de-precos-de-ovos-de-pascoa-em-santa-barbara-doeste-chega-a-199percent-diz-procon.ghtml
2019-04-01,preço,"Preço do peixe varia até 181,79% em Campo Grande, aponta pesquisa do Procon/MS",16/04/2019 13:21,https://g1.globo.com/ms/mato-grosso-do-sul/noticia/2019/04/16/preco-do-peixe-varia-ate-18179percent-em-campo-grande-aponta-pesquisa-do-proconms.ghtml
2019-04-01,comida,"Retirada de comida de dentro de caminhão de lixo em Olinda ocorre há meses, segundo testemunhas",13/06/2019 11:35,https://g1.globo.com/pe/pernambuco/noticia/2019/06/12/retirada-de-comida-de-dentro-de-caminhao-de-lixo-em-olinda-ocorre-ha-meses-segundo-testemunhas.ghtml
2019-04-01,abastecimento,"Abastecimento de alimentos deve ser afetado após queda de ponte na Alça Viária, diz Dieese",09/04/2019 12:23,https://g1.globo.com/pa/para/noticia/2019/04/09/abastecimento-de-alimentos-deve-ser-afetado-apos-queda-de-ponte-na-alca-viaria-diz-dieese.ghtml
2019-04-01,reposição,"Jovem empresta moto do irmão, quebra retrovisor e furta peça de outro veículo para fazer a reposição",19/04/2019 19:51,https://g1.globo.com/sp/presidente-prudente-regiao/noticia/2019/04/19/jovem-empresta-moto-do-irmao-quebra-retrovisor-e-furta-peca-de-outro-veiculo-para-fazer-a-reposicao.ghtml
2019-04-01,compra,Rede de supermercados indeniza ex-jogador de basquete seguido por segurança durante compras,17/04/2019 09:15,https://g1.globo.com/sp/piracicaba-regiao/noticia/2019/04/17/rede-de-supermercados-indeniza-ex-jogador-de-basquete-seguido-por-seguranca-durante-compras.ghtml
2019-04-01,preço,Pesquisa mostra variação de até 72% nos preços dos chocolates em Ponta Grossa,17/04/2019 21:14,https://g1.globo.com/pr/campos-gerais-sul/noticia/2019/04/17/pesquisa-mostra-variacao-de-ate-72percent-nos-precos-dos-chocolates-em-ponta-grossa.ghtml
2019-04-01,preço,Preço do tomate fica mais caro em feiras e supermercados da Grande Vitória,06/04/2019 12:53,https://g1.globo.com/es/espirito-santo/noticia/2019/04/06/preco-do-tomate-fica-mais-caro-em-feiras-e-supermercados-da-grande-vitoria.ghtml
2019-04-01,produto,"Três pessoas são detidas ao saírem de supermercado com carne, uísque e outros produtos furtados em MT",16/06/2019 10:28,https://g1.globo.com/mt/mato-grosso/noticia/2019/06/16/tres-pessoas-sao-detidas-ao-sairem-de-supermercado-com-carne-uisque-e-outros-produtos-furtados-em-mt.ghtml
2019-04-01,preço,"Variação de preços chega a 379,2% em supermercados de Juiz de Fora",25/05/2019 19:40,https://g1.globo.com/mg/zona-da-mata/noticia/2019/05/25/variacao-de-precos-chega-a-3792percent-em-supermercados-de-juiz-de-fora.ghtml
2019-04-01,termina,Perseguição policial em Cascavel termina em estacionamento de supermercado,17/05/2019 12:18,https://g1.globo.com/pr/oeste-sudoeste/noticia/2019/05/17/perseguicao-policial-em-cascavel-termina-em-estacionamento-de-mercado.ghtml
2019-04-01,estoque,Bombeiros tentam controlar incêndio em estoque de supermercado em MT,24/04/2019 16:21,https://g1.globo.com/mt/mato-grosso/noticia/2019/04/24/bombeiros-tentam-controlar-incendio-em-estoque-de-supermercado-em-mt.ghtml
2019-04-01,compra,Procon de Uberlândia fiscalizará supermercados que revistam clientes após pagamento das compras,10/04/2019 18:14,https://g1.globo.com/mg/triangulo-mineiro/noticia/2019/04/10/procon-de-uberlandia-fiscalizara-supermercados-que-revistam-clientes-apos-pagamento-das-compras.ghtml
2019-04-01,alimento,Alimentos vencidos são apreendidos em supermercado na Zona Centro-Sul de Manaus,24/04/2019 19:30,https://g1.globo.com/am/amazonas/noticia/2019/04/24/alimentos-vencidos-sao-apreendidos-em-supermercado-na-zona-centro-sul-de-manaus.ghtml
2019-04-01,acaba,"Quarteto tenta arrombar caixas eletrônicos, assalta supermercado e acaba preso em Fortaleza",02/04/2019 10:31,https://g1.globo.com/ce/ceara/noticia/2019/04/02/quarteto-tenta-arrombar-caixas-eletronicos-assalta-supermercado-e-acaba-preso-em-fortaleza.ghtml
2019-04-01,alimento,Procon multa supermercado de Manaus por venda de alimentos impróprios para consumo,16/05/2019 12:32,https://g1.globo.com/am/amazonas/noticia/2019/05/16/procon-multa-supermercado-de-manaus-por-venda-de-alimentos-improprios-para-consumo.ghtml
2019-04-01,interdição,"MPPA pede a interdição de supermercado com risco de incêndio, em Ananindeua",05/04/2019 15:18,https://g1.globo.com/pa/para/noticia/2019/04/05/mppa-pede-a-interdicao-de-supermercado-com-risco-de-incendio-em-ananindeua.ghtml
2019-04-01,alimento,Supermercado é lacrado por má conservação de alimentos em São João de Meriti,10/06/2019 19:41,https://g1.globo.com/rj/rio-de-janeiro/noticia/2019/06/10/supermercado-e-lacrado-por-ma-conservacao-de-alimentos-em-sao-joao-de-meriti.ghtml
2019-04-01,abastecer,"Funcionários de supermercado têm R$ 84,9 mil roubados ao abastecer carro em Igarapava, SP",16/04/2019 11:38,https://g1.globo.com/sp/ribeirao-preto-franca/noticia/2019/04/16/funcionarios-de-supermercado-tem-r-849-mil-roubados-ao-abastecer-carro-em-igarapava-sp.ghtml
2019-04-01,abastecimento,"Supermercado é notificado em flagrante por ligação irregular de abastecimento de água, em Manaus",23/05/2019 21:52,https://g1.globo.com/am/amazonas/noticia/2019/05/23/supermercado-e-notificado-em-flagrante-por-ligacao-irregular-de-abastecimento-de-agua-em-manaus.ghtml
2019-04-01,produto,Homem é preso com 6 malas de produtos roubados de supermercado em Poços de Caldas,03/05/2019 12:59,https://g1.globo.com/mg/sul-de-minas/noticia/2019/05/03/homem-e-preso-com-6-malas-de-produtos-roubados-de-supermercado-em-pocos-de-caldas.ghtml
2019-04-01,termina,Tiroteio durante tentativa de assalto a carro-forte em supermercado de Cuiabá termina em mortes,10/05/2019 18:26,https://g1.globo.com/mt/mato-grosso/noticia/2019/05/10/tentativa-de-ataque-a-carro-forte-em-supermercado-de-cuiaba-termina-em-mortes.ghtml
2019-04-01,fila,Desempregados fazem grande fila por uma vaga em supermercado de SP,24/04/2019 13:30,https://g1.globo.com/sp/sao-paulo/noticia/2019/04/24/desempregados-fazem-grande-fila-por-uma-vaga-em-supermercado-de-sp.ghtml
2019-04-01,fila,Suspeito de matar homem durante briga em fila de supermercado é preso em Cidade Ocidental,14/06/2019 16:26,https://g1.globo.com/go/goias/noticia/2019/06/14/suspeito-de-matar-homem-durante-briga-em-fila-de-supermercado-e-preso-em-cidade-ocidental.ghtml
2019-04-01,termina,Dupla que manteve 10 reféns em supermercado no DF vai ficar presa por tempo indeterminado,08/04/2019 17:15,https://g1.globo.com/df/distrito-federal/noticia/2019/04/08/dupla-que-manteve-refens-em-supermercado-no-df-vai-ficar-presa-por-tempo-indeterminado.ghtml
2019-04-01,alimento,Procon apreende mais de 1 tonelada de alimentos em supermercados de Manaus,22/05/2019 10:58,https://g1.globo.com/am/amazonas/noticia/2019/05/22/procon-apreende-mais-de-1-tonelada-de-alimentos-em-supermercados-de-manaus.ghtml
2019-04-01,compra,"Mulher percebe que está sendo filmada durante compras, chama polícia e suspeito é preso em supermercado de MT",13/06/2019 15:30,https://g1.globo.com/mt/mato-grosso/noticia/2019/06/13/mulher-percebe-que-esta-sendo-filmada-durante-compras-chama-policia-e-suspeito-e-preso-em-supermercado-de-mt.ghtml
2019-04-01,fila,"Fila por vagas em supermercado contorna quarteirão e faz candidatos dormirem na calçada, em Valparaíso de Goiás",17/05/2019 21:34,https://g1.globo.com/go/goias/noticia/2019/05/17/fila-por-vagas-em-supermercado-contorna-quarteirao-e-faz-candidatos-dormirem-na-calcada-em-valparaiso-de-goias.ghtml
2019-04-01,alimento,"Onze quilos de alimentos impróprios para consumo são descartados pelo Procon em supermercado de Petrópolis, no RJ",26/06/2019 12:28,https://g1.globo.com/rj/regiao-serrana/noticia/2019/06/26/onze-quilos-de-alimentos-improprios-para-consumo-sao-descartados-pelo-procon-em-supermercado-de-petropolis-no-rj.ghtml
2019-04-01,preço,"Preço dos produtos sobe 2,03% em junho nos supermercados de Fortaleza",28/06/2019 15:28,https://g1.globo.com/ce/ceara/noticia/2019/06/28/preco-dos-produtos-sobe-203percent-em-junho-nos-supermercados-de-fortaleza.ghtml
2019-04-01,produto,Moradores de rua retiram de caminhão do lixo produtos descartados por supermercado em Olinda; veja vídeo,12/06/2019 08:50,https://g1.globo.com/pe/pernambuco/noticia/2019/06/11/moradores-de-rua-retiram-de-caminhao-do-lixo-produtos-descartados-por-supermercado-em-olinda-veja-video.ghtml
2019-04-01,fila,"Candidatos passam a madrugada em fila para seleção de emprego em supermercado, em Fazenda Rio Grande",11/04/2019 12:09,https://g1.globo.com/pr/parana/noticia/2019/04/11/candidatos-passam-a-madrugada-em-fila-para-selecao-de-emprego-em-supermercado-em-fazenda-rio-grande.ghtml
2019-04-01,compra,Procon lota 5 carrinhos de compras com produtos vencidos ao fazer vistoria em supermercado de MS,25/06/2019 09:50,https://g1.globo.com/ms/mato-grosso-do-sul/noticia/2019/06/25/procon-lota-5-carrinhos-de-compras-com-produtos-vencidos-ao-fazer-vistoria-em-supermercado-de-ms.ghtml
2019-04-01,alimento,Mais de 300 kg de alimentos irregulares são apreendidos em supermercado na Z. Oeste de Manaus,15/04/2019 23:47,https://g1.globo.com/am/amazonas/noticia/2019/04/15/mais-de-300-kg-de-alimentos-irregulares-sao-apreendidos-em-supermercado-na-z-oeste-de-manaus.ghtml
2019-04-01,produto,Mais de 20 tipos de produtos vencidos são apreendidos em supermercado na Zona Centro-Sul de Manaus,07/05/2019 18:35,https://g1.globo.com/am/amazonas/noticia/2019/05/07/mais-de-20-tipos-de-produtos-vencidos-sao-apreendidos-em-supermercado-na-zona-centro-sul-de-manaus.ghtml
2019-07-01,preço,"Preço do pão francês varia até 126% em Campinas, diz Procon",22/07/2019 17:49,https://g1.globo.com/sp/campinas-regiao/noticia/2019/07/22/preco-do-pao-frances-varia-ate-126percent-em-campinas-diz-procon.ghtml
2019-07-01,preço,"Preço do quilo da cebola varia 144,20% em João Pessoa, segundo pesquisa do Procon-PB",15/07/2019 17:00,https://g1.globo.com/pb/paraiba/noticia/2019/07/15/preco-do-quilo-da-cebola-varia-14420percent-em-joao-pessoa-segundo-pesquisa-do-procon-pb.ghtml
2019-07-01,medo,Delegado diz que seguranças suspeitos de torturar adolescente em SP queriam 'botar medo na comunidade',04/09/2019 08:21,https://g1.globo.com/sp/sao-paulo/noticia/2019/09/03/delegado-diz-que-segurancas-suspeitos-de-torturar-adolescente-em-sp-queriam-botar-medo-na-comunidade.ghtml
2019-07-01,alimento,"Um mundo sem chocolate, café, batata e peixe – os alimentos que podem desaparecer com as mudanças climáticas",15/07/2019 14:53,https://g1.globo.com/natureza/noticia/2019/07/15/um-mundo-sem-chocolate-cafe-batata-e-peixe-os-alimentos-que-podem-desaparecer-com-as-mudancas-climaticas.ghtml
2019-07-01,preço,"Preço da carne varia até 75% em João Pessoa, de acordo com o Procon",04/07/2019 16:27,https://g1.globo.com/pb/paraiba/noticia/2019/07/04/preco-da-carne-varia-ate-75percent-em-joao-pessoa-de-acordo-com-o-procon.ghtml
2019-07-01,preço,Preço da saca de batata tem queda de mais de 30% no mês de julho em MT,31/07/2019 16:31,https://g1.globo.com/mt/mato-grosso/noticia/2019/07/31/preco-da-saca-de-batata-tem-queda-de-mais-de-30percent-no-mes-de-julho-em-mt.ghtml
2019-07-01,compra,Madrugadores: veja as vantagens de fazer compras e outras atividades enquanto a maioria das pessoas dorme,22/08/2019 08:44,https://g1.globo.com/pe/pernambuco/noticia/2019/08/22/madrugadores-veja-as-vantagens-de-fazer-compras-e-outras-atividades-enquanto-a-maioria-dorme.ghtml
2019-07-01,preço,Preço do quilo do tomate aumenta na região de Itapeva por causa da queda na temperatura,21/07/2019 16:43,https://g1.globo.com/sp/itapetininga-regiao/noticia/2019/07/21/preco-do-quilo-do-tomate-aumenta-na-regiao-de-itapeva-por-causa-da-queda-na-temperatura.ghtml
2019-07-01,preço,"Diferença no preço do quilo do bacon chega a R$ 41 em João Pessoa, segundo Procon",04/09/2019 16:31,https://g1.globo.com/pb/paraiba/noticia/2019/09/04/diferenca-no-preco-do-quilo-do-bacon-chega-a-r-41-em-joao-pessoa-segundo-procon.ghtml
2019-07-01,repor,RPC: veja as informações adicionais das reportagens do dia 23/08/2019,23/08/2019 12:00,https://g1.globo.com/pr/parana/informacoes-adicionais-dos-telejornais/noticia/2019/08/23/rpc-veja-as-informacoes-adicionais-das-reportagens-do-dia-23082019.ghtml
2019-07-01,interditada,"Posto tem bomba interditada, e dono é preso durante fiscalização no Sertão da Paraíba",09/07/2019 19:23,https://g1.globo.com/pb/paraiba/noticia/2019/07/09/posto-tem-bomba-interditada-e-dono-e-preso-durante-fiscalizacao-no-sertao-da-paraiba.ghtml
2019-07-01,repor,RPC: veja as informações adicionais das reportagens do dia 28/09/2019,28/09/2019 12:13,https://g1.globo.com/pr/parana/informacoes-adicionais-dos-telejornais/noticia/2019/09/28/rpc-veja-as-informacoes-adicionais-das-reportagens-do-dia-28092019.ghtml
2019-07-01,compra,Prefeitura apura fotos de agentes do Samu fazendo compras em mercado de Avaré,17/07/2019 17:20,https://g1.globo.com/sp/itapetininga-regiao/noticia/2019/07/17/prefeitura-apura-fotos-de-agentes-do-samu-fazendo-compras-em-mercado-de-avare.ghtml
2019-07-01,compra,Carrefour é condenado a indenizar cliente que ficou com 'sequelas permanentes' após acidente com carrinho de compras,16/09/2019 10:53,https://g1.globo.com/go/goias/noticia/2019/09/13/carrefour-e-condenado-a-indenizar-cliente-que-ficou-com-sequelas-permanentes-apos-acidente-com-carrinho-de-compras.ghtml
2019-07-01,compra,"‘Clientes’ são presos por furto ao tentarem passar com compra de R$ 3,5 mil, pagando apenas R$ 152",02/07/2019 17:46,https://g1.globo.com/sp/presidente-prudente-regiao/noticia/2019/07/02/clientes-sao-presos-por-furto-ao-tentarem-passar-com-compra-de-r-35-mil-pagando-apenas-r-152.ghtml
2019-07-01,distribuição,"Procon fiscaliza distribuição de sacolas plásticas e autua três mercados de Cabo Frio, no RJ",04/07/2019 21:05,https://g1.globo.com/rj/regiao-dos-lagos/noticia/2019/07/04/procon-fiscaliza-distribuicao-de-sacolas-plasticas-e-autua-tres-mercados-de-cabo-frio-no-rj.ghtml
2019-07-01,comida,"Saiba onde recarregar o cartão de consumo de comidas e bebidas da Oktoberfest 2019, em Blumenau",26/09/2019 17:24,https://g1.globo.com/sc/santa-catarina/oktoberfest/2019/noticia/2019/09/26/saiba-onde-recarregar-o-cartao-de-consumo-de-comidas-e-bebidas-da-oktoberfest-2019.ghtml
2019-07-01,interditada,Outra pista de kart é interditada no Recife após acidente que deixou jovem de 19 anos escalpelada,15/08/2019 08:50,https://g1.globo.com/pe/pernambuco/noticia/2019/08/13/outra-pista-de-kart-e-interditada-no-recife-apos-acidente-que-deixou-jovem-de-19-anos-escalpelada.ghtml
2019-07-01,produto,Fiscalização apreende produtos vencidos e estabelecimentos são autuados em João Pessoa,26/09/2019 16:45,https://g1.globo.com/pb/paraiba/noticia/2019/09/26/fiscalizacao-apreende-produtos-vencidos-e-estabelecimentos-sao-autuados-em-joao-pessoa.ghtml
2019-07-01,produto,"Ação em MS apreende 14 kg de carne de carneiro, bebidas e outros produtos sem prazo de validade, diz Procon",19/09/2019 11:25,https://g1.globo.com/ms/mato-grosso-do-sul/noticia/2019/09/19/acao-em-ms-apreende-14-kg-de-carne-de-carneiro-bebidas-e-outros-produtos-sem-prazo-de-validade-diz-procon.ghtml
2019-07-01,preço,"Supermercados da Grande Vitória têm produtos com mais de 300% de diferença no preço, diz Procon",02/09/2019 20:44,https://g1.globo.com/es/espirito-santo/noticia/2019/09/02/supermercados-da-grande-vitoria-tem-produtos-com-mais-de-300percent-de-diferenca-no-preco-diz-procon.ghtml
2019-07-01,produto,Procon recolhe produtos vencidos em supermercado na Avenida Caxangá,19/08/2019 18:13,https://g1.globo.com/pe/pernambuco/noticia/2019/08/19/procon-recolhe-produtos-vencidos-em-supermercado-na-avenida-caxanga.ghtml
2019-07-01,fila,Centenas formam longa fila por 35 vagas em supermercado de Américo Brasiliense,27/09/2019 20:39,https://g1.globo.com/sp/sao-carlos-regiao/noticia/2019/09/27/centenas-formam-longa-fila-por-35-vagas-em-supermercado-de-americo-brasiliense.ghtml
2019-07-01,produto,Projeto de lei para proteger crianças de produtos tóxicos em supermercados é aprovado na Câmara de Uberlândia,05/09/2019 13:19,https://g1.globo.com/mg/triangulo-mineiro/noticia/2019/09/05/projeto-de-lei-para-proteger-criancas-de-produtos-toxicos-em-supermercados-e-aprovado-na-camara-de-uberlandia.ghtml
2019-07-01,produto,Procon lacra supermercado por venda de produtos com prazo vencido em Lins,19/07/2019 15:33,https://g1.globo.com/sp/bauru-marilia/noticia/2019/07/19/procon-lacra-supermercado-por-venda-de-produtos-com-prazo-vencido-em-lins.ghtml
2019-07-01,alimento,Gerente e sócia de supermercado são indiciadas por vender alimentos vencidos e adulterados,03/09/2019 15:28,https://g1.globo.com/to/tocantins/noticia/2019/09/03/gerente-e-socia-de-supermercado-sao-indiciadas-por-vender-alimentos-vencidos-e-adulterados.ghtml
2019-07-01,itens,Mulher com tornozeleira eletrônica é presa após furtar itens de supermercado em Barra Mansa,19/08/2019 08:01,https://g1.globo.com/rj/sul-do-rio-costa-verde/noticia/2019/08/19/mulher-com-tornozeleira-eletronica-e-presa-apos-furtar-itens-de-supermercado-em-barra-mansa.ghtml
2019-07-01,acaba,"Homem tira fotos de mulheres dentro de supermercado e acaba detido, em Presidente Prudente",22/07/2019 14:16,https://g1.globo.com/sp/presidente-prudente-regiao/noticia/2019/07/22/homem-tira-fotos-de-mulheres-dentro-de-supermercado-e-acaba-detido-em-presidente-prudente.ghtml
2019-07-01,produto,"PM prende suspeitos de furtar supermercado em Mogi com produtos avaliados em R$ 2,5 mil",19/08/2019 16:05,https://g1.globo.com/sp/mogi-das-cruzes-suzano/noticia/2019/08/19/pm-prende-suspeitos-de-furtar-supermercado-em-mogi-com-produtos-avaliados-em-r-25-mil.ghtml
2019-07-01,estoque,"Supermercado em Patos, PB, tem estoque interditado por causa de condições sanitárias",10/07/2019 19:17,https://g1.globo.com/pb/paraiba/noticia/2019/07/10/supermercado-em-patos-pb-tem-estoque-interditado-por-causa-de-condicoes-sanitarias.ghtml
2019-07-01,preço,Supermercados de Petrolina registram alta nos preços da cebola,09/07/2019 12:15,https://g1.globo.com/pe/petrolina-regiao/noticia/2019/07/09/supermercados-de-petrolina-registram-alta-nos-precos-da-cebola.ghtml
2019-07-01,preço,"Levantamento de preços constata inflação de 1,23% nos supermercados em Presidente Prudente",08/08/2019 11:49,https://g1.globo.com/sp/presidente-prudente-regiao/noticia/2019/08/08/levantamento-de-precos-constata-inflacao-de-123percent-nos-supermercados-em-presidente-prudente.ghtml
2019-07-01,preço,Supermercados têm produtos com até 250% de diferença no preço em Vitória,09/07/2019 16:02,https://g1.globo.com/es/espirito-santo/noticia/2019/07/09/supermercados-tem-produtos-com-ate-250percent-de-diferenca-no-preco-em-vitoria.ghtml
2019-07-01,compra,Pó de café: como identificar a pureza e a qualidade do café comprado em supermercados?,17/09/2019 13:08,https://g1.globo.com/mg/sul-de-minas/grao-sagrado/noticia/2019/09/17/po-de-cafe-como-identificar-a-pureza-e-a-qualidade-do-cafe-comprado-em-supermercados.ghtml
2019-07-01,produto,"Supermercados são autuados por venderem produtos vencidos, em Tabatinga, no interior do AM",06/08/2019 16:07,https://g1.globo.com/am/amazonas/noticia/2019/08/06/supermercados-sao-autuados-por-venderem-produtos-vencidos-em-tabatinga-no-interior-do-am.ghtml
2019-07-01,produto,Procon descarta em aterro sanitário produtos vencidos apreendidos em supermercados de Boa Esperança,24/07/2019 16:54,https://g1.globo.com/pa/santarem-regiao/noticia/2019/07/24/procon-descarta-em-aterro-sanitario-produtos-vencidos-apreendidos-em-supermercados-de-boa-esperanca.ghtml
2019-07-01,preço,Preço do tomate varia mais de 313% nos supermercados de Fortaleza; pimentão chega a 270% de diferença,06/09/2019 18:50,https://g1.globo.com/ce/ceara/noticia/2019/09/06/preco-do-tomate-varia-mais-de-313percent-nos-supermercados-de-fortaleza-pimentao-chega-a-270percent-de-diferenca.ghtml
2019-07-01,produto,Procon apreende mais de 90 produtos vencidos ou impróprios para consumo em dois supermercados em Uberaba,18/07/2019 11:14,https://g1.globo.com/mg/triangulo-mineiro/noticia/2019/07/18/procon-apreende-mais-de-90-produtos-vencidos-ou-improprios-para-consumo-em-dois-supermercados-em-uberaba.ghtml
2019-07-01,busca,"Idoso sai para ir a supermercado, liga para a família avisando que passou mal e desaparece em Cuiabá; polícia faz buscas",19/09/2019 19:40,https://g1.globo.com/mt/mato-grosso/noticia/2019/09/19/idoso-sai-para-ir-a-supermercado-liga-para-a-familia-avisando-que-passou-mal-e-desaparece-em-cuiaba-policia-faz-buscas.ghtml
2019-09-30,abastecimento,Empresários paraenses garantem que não há risco de desabastecimento de carne bovina,29/11/2019 14:12,https://g1.globo.com/pa/para/noticia/2019/11/29/empresarios-paraenses-garantem-que-nao-ha-risco-de-desabastecimento-de-carne-bovina.ghtml
2019-09-30,preço,"Preços caíram 0,88% nos supermercados de Fortaleza em novembro; produtos estão mais caros nas Regionais III e V",06/11/2019 12:03,https://g1.globo.com/ce/ceara/noticia/2019/11/06/precos-cairam-088percent-nos-supermercados-de-fortaleza-em-novembro-produtos-estao-mais-caros-nas-regionais-iii-e-v.ghtml
2019-09-30,preço,"Queda nos preços da batata e da cebola ajuda a registrar deflação de 2,19% em supermercados de Presidente Prudente",08/10/2019 14:46,https://g1.globo.com/sp/presidente-prudente-regiao/noticia/2019/10/08/queda-nos-precos-da-batata-e-da-cebola-ajuda-a-registrar-deflacao-de-219percent-em-supermercados-de-presidente-prudente.ghtml
2019-09-30,aumento,Setor de supermercados estima aumento de 10% em contratações temporárias neste fim de ano no Pará,22/10/2019 16:59,https://g1.globo.com/pa/para/noticia/2019/10/22/setor-de-supermercados-estima-aumento-de-10percent-em-contratacoes-temporarias-neste-fim-de-ano-no-para.ghtml
2019-09-30,alimento,Cerca de 230 kg de alimentos impróprios para consumo são apreendidos em supermercados,07/11/2019 19:26,https://g1.globo.com/am/amazonas/noticia/2019/11/07/cerca-de-230-kg-de-alimentos-improprios-para-consumo-sao-apreendidos-em-supermercados.ghtml
2019-09-30,preço,"Preço da batata sobe 21,30% e ajuda a impulsionar inflação nos supermercados de Presidente Prudente",22/10/2019 11:16,https://g1.globo.com/sp/presidente-prudente-regiao/noticia/2019/10/22/preco-da-batata-sobe-2130percent-e-ajuda-a-impulsionar-inflacao-nos-supermercados-de-presidente-prudente.ghtml
2019-09-30,lotam,Clientes de última hora lotam supermercados na véspera da noite de Natal em Ribeirão Preto,24/12/2019 13:49,https://g1.globo.com/sp/ribeirao-preto-franca/noticia/2019/12/24/clientes-de-ultima-hora-lotam-supermercados-na-vespera-da-noite-de-natal-em-ribeirao-preto.ghtml
2019-09-30,lotam,Supermercados e Mercadão de Mogi lotam de clientes à procura dos produtos da ceia de Natal,24/12/2019 16:48,https://g1.globo.com/sp/mogi-das-cruzes-suzano/noticia/2019/12/24/supermercados-e-mercadao-de-mogi-lotam-de-clientes-a-procura-dos-produtos-da-ceia-de-natal.ghtml
2019-09-30,alimento,Polícia Civil apreende alimentos impróprios para o consumo em mercado no Centro de SP,09/10/2019 08:40,https://g1.globo.com/sp/sao-paulo/noticia/2019/10/08/policia-civil-apreende-alimentos-improprios-para-o-consumo-em-mercado-no-centro-de-sp.ghtml
2019-09-30,aumento,Supermercados de Uberlândia têm aumento de clientes neste fim de ano; confira horários de funcionamento,24/12/2019 17:03,https://g1.globo.com/mg/triangulo-mineiro/noticia/2019/12/24/supermercados-de-uberlandia-tem-aumento-de-clientes-neste-fim-de-ano-em-uberlandia-confira-horarios-de-funcionamento.ghtml
2019-09-30,produto,Universitários arrecadam alimentos e produtos de higiene e limpeza para Operação Natal,09/11/2019 11:18,https://g1.globo.com/sp/sao-carlos-regiao/noticia/2019/11/09/universitarios-arrecadam-alimentos-e-produtos-de-higiene-e-limpeza-para-operacao-natal.ghtml
2019-09-30,aumento,Pesquisa do Procon aponta aumento de preço em 30 dos 34 produtos mais procurados da ceia de Natal,09/12/2019 17:01,https://g1.globo.com/pe/pernambuco/noticia/2019/12/09/pesquisa-do-procon-aponta-aumento-de-preco-em-30-dos-34-produtos-mais-procurados-da-ceia-de-natal.ghtml
2019-09-30,crise,Crise na Venezuela: o que é possível comprar com o novo salário mínimo aprovado por Maduro,16/10/2019 18:32,https://g1.globo.com/economia/noticia/2019/10/16/crise-na-venezuela-o-que-e-possivel-comprar-com-o-novo-salario-minimo-aprovado-por-maduro.ghtml
2019-09-30,preço,Pesquisa mostra variação de até 126% no preço de itens da cesta de Natal em Fortaleza,17/12/2019 15:13,https://g1.globo.com/ce/ceara/noticia/2019/12/17/pesquisa-mostra-variacao-de-ate-126percent-no-preco-de-itens-da-cesta-de-natal-em-fortaleza.ghtml
2019-09-30,produto,"Projeto social arrecada alimentos, produtos de higiene e limpeza para instituições carentes de São Carlos",19/10/2019 16:25,https://g1.globo.com/sp/sao-carlos-regiao/noticia/2019/10/19/projeto-social-arrecada-alimentos-produtos-de-higiene-e-limpeza-para-instituicoes-carentes-de-sao-carlos.ghtml
2019-09-30,preço,"Preço do feijão aumenta mais de 30% em menos de um ano, aponta Dieese",27/12/2019 15:22,https://g1.globo.com/pa/para/noticia/2019/12/27/preco-do-feijao-aumenta-mais-de-30percent-em-menos-de-um-ano-aponta-dieese.ghtml
2019-09-30,busca,Agricultor de MS usa QrCode para assegurar a consumidor rastreabilidade dos produtos e buscar novos mercados,30/10/2019 11:13,https://g1.globo.com/ms/mato-grosso-do-sul/noticia/2019/10/24/agricultor-de-ms-usa-qrcode-para-assegurar-a-consumidor-rastreabilidade-da-producao-e-buscar-novos-mercados.ghtml
2019-09-30,alimento,Polícia indicia quatro pessoas em esquema que adulterava rótulos para vender alimentos vencidos,20/11/2019 15:36,https://g1.globo.com/to/tocantins/noticia/2019/11/20/policia-indicia-quatro-pessoas-em-esquema-que-adulterava-rotulos-para-vender-alimentos-vencidos.ghtml
2019-09-30,preço,Procon divulga lista de preços dos produtos para festa de fim de ano em Santarém; confira,24/12/2019 12:43,https://g1.globo.com/pa/santarem-regiao/noticia/2019/12/24/procon-divulga-tabela-de-precos-dos-produtos-para-festa-de-fim-de-ano-em-santarem-confira.ghtml
2019-09-30,compra,São José sanciona lei que proíbe conferência de compras em saída de supermercados,10/12/2019 11:04,https://g1.globo.com/sp/vale-do-paraiba-regiao/noticia/2019/12/10/sao-jose-sanciona-lei-que-proibe-conferencia-de-compras-em-saida-de-supermercados.ghtml
2019-09-30,alimento,Polícia apreende mais de 500 quilos de alimentos desviados de hospitais públicos do DF,26/11/2019 18:27,https://g1.globo.com/df/distrito-federal/noticia/2019/11/26/policia-apreende-mais-de-500-kg-de-alimentos-desviados-de-hospitais-do-df.ghtml
2019-09-30,preço,"Após carne vermelha, preço do frango também começa a subir em Palmas",08/12/2019 10:01,https://g1.globo.com/to/tocantins/noticia/2019/12/07/apos-carne-vermelha-preco-do-frango-tambem-comeca-a-subir-em-palmas.ghtml
2019-09-30,produto,Produtos da ceia de Natal têm variação de mais de 200% em Juiz de Fora; economista orienta como gastar menos,04/12/2019 17:43,https://g1.globo.com/mg/zona-da-mata/noticia/2019/11/30/produtos-da-ceia-de-natal-tem-variacao-de-mais-de-200percent-em-juiz-de-fora-economista-orienta-como-gastar-menos.ghtml
2019-09-30,produto,Supermercados também investem na comercialização de produtos orgânicos em MS; FOTOS,14/10/2019 00:21,https://g1.globo.com/ms/mato-grosso-do-sul/mais-agro-ms/noticia/2019/10/14/supermercados-tambem-investem-na-comercializacao-de-produtos-organicos-em-ms-fotos.ghtml
2019-09-30,preço,"Pesquisa de preços aponta cesta básica 5,56% mais cara em Presidente Prudente em novembro",26/11/2019 17:41,https://g1.globo.com/sp/presidente-prudente-regiao/noticia/2019/11/26/pesquisa-de-precos-aponta-cesta-basica-556percent-mais-cara-em-presidente-prudente-em-novembro.ghtml
2019-09-30,corrida,Ferrão de peixe crava na perna de funcionário de supermercado e vítima é socorrida por bombeiros em MT,10/10/2019 09:20,https://g1.globo.com/mt/mato-grosso/noticia/2019/10/10/ferrao-de-peixe-crava-na-perna-de-funcionario-de-supermercado-e-vitima-e-socorrida-por-bombeiros-em-mt.ghtml
2019-09-30,itens,"Itens em supermercados ficam 7,57% mais caros em Fortaleza, indica Procon",23/10/2019 16:29,https://g1.globo.com/ce/ceara/noticia/2019/10/23/itens-em-supermercados-ficam-757percent-mais-caros-em-fortaleza-indica-procon.ghtml
2019-09-30,interditado,Supermercado é interditado pela Vigilância Sanitária em Cariacica,10/12/2019 19:50,https://g1.globo.com/es/espirito-santo/noticia/2019/12/10/supermercado-e-interditado-pela-vigilancia-sanitaria-em-cariacica.ghtml
2019-09-30,interditada,Dez casas são interditadas após incêndio destruir supermercado em Tietê,28/10/2019 19:32,https://g1.globo.com/sp/itapetininga-regiao/noticia/2019/10/28/dez-casas-sao-interditadas-apos-incendio-destruir-supermercado-em-tiete.ghtml
2019-09-30,chuva,Chuva destrói telhas e paredes de supermercado no DF; veja vídeo,26/10/2019 19:32,https://g1.globo.com/df/distrito-federal/noticia/2019/10/26/chuva-destroi-telhas-e-paredes-de-supermercado-no-df-veja-video.ghtml
2019-09-30,alimento,MP-ES vai investigar pesagens de alimentos vendidos em supermercado de Vitória,05/11/2019 17:03,https://g1.globo.com/es/espirito-santo/noticia/2019/11/05/mp-es-vai-investigar-pesagens-de-alimentos-vendidos-em-supermercado-de-vitoria.ghtml
2019-09-30,alimento,Gerente é preso após fiscalização encontrar alimentos vencidos em supermercado de Pirajuí,12/11/2019 16:06,https://g1.globo.com/sp/bauru-marilia/noticia/2019/11/12/gerente-e-preso-apos-fiscalizacao-encontrar-alimentos-vencidos-em-supermercado-de-pirajui.ghtml
2019-09-30,fila,Candidatos enfrentam fila por vaga de emprego em supermercado na Zona Norte,08/10/2019 06:15,https://g1.globo.com/sp/sao-paulo/noticia/2019/10/07/candidatos-enfrentam-fila-por-vaga-de-emprego-em-supermercado-na-zona-norte-de-sp.ghtml
2019-09-30,prateleira,Caixas caem de prateleira e funcionária de supermercado fica ferida em SP,22/10/2019 14:48,https://g1.globo.com/sp/santos-regiao/noticia/2019/10/22/estrutura-cai-de-prateleira-e-funcionaria-de-supermercado-fica-ferida-em-sp.ghtml
2019-09-30,produto,Mulheres são presas em flagrante com produtos furtados de supermercado em Presidente Prudente,13/10/2019 11:39,https://g1.globo.com/sp/presidente-prudente-regiao/noticia/2019/10/13/mulheres-sao-presas-em-flagrante-com-produtos-furtados-de-supermercado-em-presidente-prudente.ghtml
2019-09-30,produto,Panificadora e supermercado são autuados por vender produtos vencidos e avariados em Palmas,23/10/2019 20:05,https://g1.globo.com/to/tocantins/noticia/2019/10/23/panificadora-e-supermercado-sao-autuados-por-vender-produtos-vencidos-e-avariados-em-palmas.ghtml
2019-09-30,produto,"Mais de 120 kg de produtos irregulares são apreendidos em supermercado, em Manaus",27/11/2019 17:15,https://g1.globo.com/am/amazonas/noticia/2019/11/27/mais-de-120-kg-de-produtos-irregulares-sao-apreendidos-em-supermercado-em-manaus.ghtml
2019-09-30,termina,Supermercado de Uberlândia está fechado por tempo indeterminado após incêndio,28/10/2019 18:47,https://g1.globo.com/mg/triangulo-mineiro/noticia/2019/10/28/supermercado-de-uberlandia-esta-fechado-por-tempo-indeterminado-apos-incendio.ghtml
2019-09-30,pânico,"Vídeo mostra quando assaltante atira, rouba arma de vigilante e causa pânico em supermercado de Aparecida de Goiânia",10/12/2019 15:59,https://g1.globo.com/go/goias/noticia/2019/12/10/video-mostra-quando-assaltante-atira-rouba-arma-de-vigilante-e-causa-panico-em-supermercado-de-aparecida-de-goiania.ghtml
2019-09-30,produto,Dona de supermercado é presa por vender produtos com validade vencida em Pirajuí,13/11/2019 19:26,https://g1.globo.com/sp/bauru-marilia/noticia/2019/11/13/dona-de-supermercado-e-presa-por-vender-produtos-com-validade-vencida-em-pirajui.ghtml
2019-09-30,acaba,"VÍDEO: carro bate em bomba de combustível, acerta outros veículos e acaba dentro de supermercado no DF",31/10/2019 09:09,https://g1.globo.com/df/distrito-federal/noticia/2019/10/30/carro-bate-em-bomba-de-combustivel-acerta-outros-veiculos-e-acaba-dentro-de-supermercado-no-df-veja-fotos.ghtml
2019-09-30,alimento,"Mais de 40 kg de alimentos irregulares são apreendidos em supermercado no bairro Tarumã, em Manaus",12/11/2019 16:01,https://g1.globo.com/am/amazonas/noticia/2019/11/12/mais-de-40-kg-de-alimentos-irregulares-sao-apreendidos-em-supermercado-no-bairro-taruma-em-manaus.ghtml
2019-09-30,fila,"Candidatos dormem em fila de empregos de supermercado de Itapecerica da Serra, na Grande SP",30/10/2019 10:11,https://g1.globo.com/sp/sao-paulo/noticia/2019/10/30/candidatos-dormem-em-fila-de-empregos-de-supermercado-de-itapecerica-da-serra-na-grande-sp.ghtml
2019-09-30,busca,Candidatos ficam até três dias acampados em fila em busca de emprego em supermercado de Valparaíso de Goiás,19/11/2019 13:01,https://g1.globo.com/go/goias/noticia/2019/11/19/candidatos-acampam-na-fila-por-ate-3-dias-em-busca-de-vagas-de-emprego-em-supermercado-de-valparaiso-de-goias.ghtml
2019-09-30,produto,Trio é preso suspeito de furtar produtos para churrasco em supermercado de João Pessoa,12/12/2019 06:27,https://g1.globo.com/pb/paraiba/noticia/2019/12/12/trio-e-preso-suspeito-de-furtar-produtos-para-churrasco-em-supermercado-de-joao-pessoa.ghtml
2019-09-30,acaba,"Mulher furta cerveja de supermercado, tenta matar fiscal e acaba presa, na Grande BH",29/11/2019 08:55,https://g1.globo.com/mg/minas-gerais/noticia/2019/11/28/mulher-furta-cerveja-de-supermercado-tenta-matar-fiscal-e-acaba-presa-na-grande-bh.ghtml
2019-09-30,produto,"Em Manaus, fiscais apreendem mais de 50 kg de produtos irregulares em supermercado",07/11/2019 21:43,https://g1.globo.com/am/amazonas/noticia/2019/11/07/em-manaus-fiscais-apreendem-mais-de-50-kg-de-produtos-irregulares-em-supermercado.ghtml
2019-09-30,fila,Centenas de candidatos dormem em fila para tentar emprego em supermercado no DF,06/11/2019 20:49,https://g1.globo.com/df/distrito-federal/noticia/2019/11/06/centenas-de-candidatos-dormem-em-fila-para-tentar-emprego-em-supermercado-no-df.ghtml
2019-09-30,interditado,Supermercado de Uberlândia é interditado após incêndio na área da padaria; ninguém ficou ferido,28/10/2019 14:46,https://g1.globo.com/mg/triangulo-mineiro/noticia/2019/10/27/supermercado-de-uberlandia-e-interditado-apos-incendio-na-area-da-padaria-ninguem-ficou-ferido.ghtml
2019-12-30,coronavírus,Coronavírus: Prefeitura de Cianorte decreta toque de recolher e muda horários de ônibus e supermercados,24/03/2020 19:35,https://g1.globo.com/pr/norte-noroeste/noticia/2020/03/24/coronavirus-prefeitura-de-cianorte-decreta-toque-de-recolher-e-muda-horarios-de-onibus-e-supermercados.ghtml
2019-12-30,abastecido,Supermercados de Petrolina têm movimento intenso; Donos dizem que estoques estão abastecidos,19/03/2020 14:00,https://g1.globo.com/pe/petrolina-regiao/noticia/2020/03/19/supermercados-de-petrolina-tem-movimento-intenso-donos-dizem-que-estoques-estao-abastecidos.ghtml
2019-12-30,vazia,"Após casos de coronavírus, clientes lotam supermercados em Cuiabá e prateleiras com álcool são esvaziadas",18/03/2020 12:43,https://g1.globo.com/mt/mato-grosso/noticia/2020/03/18/apos-casos-de-coronavirus-clientes-lotam-supermercados-em-cuiaba-e-prateleiras-com-alcool-sao-esvaziadas.ghtml
2019-12-30,pandemia,"Polícia reforça rondas em hospitais, farmácias e supermercados durante pandemia de coronavírus em SP",27/03/2020 15:40,https://g1.globo.com/sp/sao-paulo/noticia/2020/03/27/policia-reforca-ronda-em-hospitais-farmacias-e-supermercados-durante-pandemia-de-coronavirus-em-sp.ghtml
2019-12-30,vazia,Brasileiro mostra prateleiras de supermercados vazias nos Estados Unidos e faz alerta: 'Preparem-se',18/03/2020 07:04,https://g1.globo.com/sp/sorocaba-jundiai/noticia/2020/03/18/brasileiro-mostra-prateleiras-de-supermercados-vazias-nos-estados-unidos-e-faz-alerta-preparem-se.ghtml
2019-12-30,estoque,"Coronavírus: associação de supermercados garante estoque em Uberlândia, mas pede que consumidor evite aglomeração",18/03/2020 08:51,https://g1.globo.com/mg/triangulo-mineiro/noticia/2020/03/18/coronavirus-associacao-de-supermercados-garante-estoque-em-uberlandia-mas-pede-que-consumidor-evite-aglomeracao.ghtml
2019-12-30,falta,Associação de Supermercados do RN diz que não faltará produto: 'Façam as compras normalmente',17/03/2020 20:03,https://g1.globo.com/rn/rio-grande-do-norte/noticia/2020/03/17/associacao-de-supermercados-do-rn-diz-que-nao-faltara-produtos-facam-as-compras-normalmente.ghtml
2019-12-30,limitam,Supermercados em Feira de Santana limitam nº de pessoas nos estabelecimentos para evitar aglomerações,25/03/2020 08:03,https://g1.globo.com/ba/bahia/noticia/2020/03/25/supermercados-em-feira-de-santana-limitam-no-de-pessoas-nos-estabelecimentos-para-evitar-aglomeracoes.ghtml
2019-12-30,termina,"Coronavírus: Governo da PB determina medidas para lotéricas, supermercados e call centers",27/03/2020 10:11,https://g1.globo.com/pb/paraiba/noticia/2020/03/27/coronavirus-governo-da-pb-determina-medidas-para-lotericas-supermercados-e-call-centers.ghtml
2019-12-30,preço,"Na Argentina, ministros vão a supermercados para fiscalizar programa de preços controlados",13/01/2020 07:43,https://g1.globo.com/mundo/noticia/2020/01/13/na-argentina-ministros-vao-a-supermercados-para-fiscalizar-programa-de-precos-controlados.ghtml
2019-12-30,coronavírus,"Shoppings, comércio de rua e supermercados seguem abertos, mas reforçam medidas contra o coronavírus",16/03/2020 14:13,https://g1.globo.com/go/goias/noticia/2020/03/14/shoppings-mantem-funcionamento-reforcam-limpeza-e-oferecem-alcool-em-gel-em-goiania.ghtml
2019-12-30,corrida,"Coronavírus: brasileiras na Itália relatam corrida aos supermercados, além de bares e museus fechados",26/02/2020 15:56,https://g1.globo.com/df/distrito-federal/noticia/2020/02/26/coronavirus-brasileiras-na-italia-relatam-corrida-aos-supermercados-alem-de-bares-e-museus-fechados.ghtml
2019-12-30,preço,"Laranja, mamão e abacaxi têm as maiores variações de preço nos supermercados de Fortaleza",14/02/2020 16:54,https://g1.globo.com/ce/ceara/noticia/2020/02/14/laranja-mamao-e-abacaxi-tem-as-maiores-variacoes-de-preco-nos-supermercados-de-fortaleza.ghtml
2019-12-30,coronavírus,Decreto da prefeitura de Vitória restringe acesso a supermercados por causa do novo coronavírus,24/03/2020 18:30,https://g1.globo.com/es/espirito-santo/noticia/2020/03/24/decreto-da-prefeitura-de-vitoria-restringe-acesso-a-supermercados-por-causa-do-novo-coronavirus.ghtml
2019-12-30,coronavírus,Preocupação com coronavírus faz álcool em gel 'desaparecer' de supermercados e farmácias em Sorocaba,16/03/2020 12:32,https://g1.globo.com/sp/sorocaba-jundiai/noticia/2020/03/16/preocupacao-com-coronavirus-faz-alcool-em-gel-desaparecer-de-supermercados-e-farmacias-em-sorocaba.ghtml
2019-12-30,limite,Coronavírus: Procon e supermercados de Valinhos determinam limite de compra de produtos essenciais,24/03/2020 13:48,https://g1.globo.com/sp/campinas-regiao/noticia/2020/03/24/coronavirus-procon-e-supermercados-de-valinhos-determinam-limite-de-compra-de-produtos-essenciais.ghtml
2019-12-30,abastecimento,"Supermercados não correm o risco de desabastecimento no Paraná, diz presidente da Apras",18/03/2020 11:52,https://g1.globo.com/pr/parana/noticia/2020/03/18/presidente-da-associacao-dos-supermercados-diz-que-lojas-nao-correm-o-risco-de-desabastecimento-no-parana.ghtml
2019-12-30,preço,"Diferença de preços de produtos entre supermercados ultrapassa 230% em Vitória, aponta Procon",15/02/2020 22:44,https://g1.globo.com/es/espirito-santo/noticia/2020/02/15/diferenca-de-precos-de-produtos-entre-supermercados-ultrapassa-230percent-em-vitoria-aponta-procon.ghtml
2019-12-30,aumento,Ceasa registra aumento nos preços; associação de supermercados diz que alta não chegou a consumidores,27/03/2020 15:46,https://g1.globo.com/ce/ceara/noticia/2020/03/27/ceasa-registra-aumento-nos-precos-associacao-de-supermercados-diz-que-alta-nao-chegou-a-consumidores.ghtml
2019-12-30,falta,Farmácias e supermercados de Manaus têm falta de álcool em gel após aumento de buscas,18/03/2020 13:02,https://g1.globo.com/am/amazonas/noticia/2020/03/18/farmacias-e-supermercados-de-manaus-tem-falta-de-alcool-em-gel-apos-aumento-de-buscas.ghtml
2019-12-30,estoque,"Após aumento no movimento em supermercados de SP, associação pede que consumidores não estoquem produtos",17/03/2020 12:58,https://g1.globo.com/sp/sao-paulo/noticia/2020/03/17/apos-aumento-no-movimento-em-supermercados-de-sp-associacao-pede-que-consumidores-nao-estoquem-produtos.ghtml
2019-12-30,preço,"Supermercados de SP vão vender álcool gel pelo preço de custo a partir de segunda, diz Doria",19/03/2020 13:23,https://g1.globo.com/sp/sao-paulo/noticia/2020/03/19/supermercados-vao-vender-alcool-gel-pelo-preco-de-custo-em-sp-a-partir-de-segunda-diz-doria.ghtml
2019-12-30,produto,"Mais de 2,7 mil produtos fora do prazo de validade são apreendidos em supermercados do Tocantins",18/02/2020 10:37,https://g1.globo.com/to/tocantins/noticia/2020/02/18/mais-de-27-mil-produtos-fora-do-prazo-de-validade-sao-apreendidos-em-supermercados-do-tocantins.ghtml
2019-12-30,termina,Coronavírus: Artur Nogueira determina limitação do nº de pessoas dentro de supermercados,22/03/2020 17:02,https://g1.globo.com/sp/campinas-regiao/noticia/2020/03/22/coronavirus-artur-nogueira-determina-limitacao-do-no-de-pessoas-dentro-de-supermercados.ghtml
2019-12-30,coronavírus,Coronavírus: cerca de 150 mil famílias de BH vão receber cestas básicas da prefeitura,25/03/2020 11:12,https://g1.globo.com/mg/minas-gerais/noticia/2020/03/24/coronavirus-cerca-de-150-mil-familias-de-bh-vao-receber-cestas-basicas-da-prefeitura.ghtml
2019-12-30,alagamento,Chuva forte em Carmo da Cachoeira provoca alagamento e queda de árvores,21/01/2020 09:34,https://g1.globo.com/mg/sul-de-minas/noticia/2020/01/21/chuva-forte-em-carmo-da-cachoeira-provoca-alagamento-e-queda-de-arvores.ghtml
2019-12-30,coronavírus,Estabelecimentos no Pará suspendem atividades como forma prevenção ao coronavírus,23/03/2020 17:08,https://g1.globo.com/pa/para/noticia/2020/03/18/estabelecimentos-no-para-alteram-horarios-de-funcionamento-e-suspendem-atividades-como-prevencao-ao-coronavirus.ghtml
2019-12-30,coronavírus,Coronavírus: Câmara de Campinas vota lei que obriga oferta de álcool em gel para clientes em postos de combustíveis e supermercados,23/03/2020 07:13,https://g1.globo.com/sp/campinas-regiao/noticia/2020/03/23/coronavirus-camara-de-campinas-vota-lei-que-obriga-oferta-de-alcool-em-gel-para-clientes-em-postos-de-combustiveis-e-supermercados.ghtml
2019-12-30,limitar,"Coronavírus: supermercados e farmácias devem limitar 1 pessoa por família para fazer compras no RN, determina decreto",21/03/2020 13:48,https://g1.globo.com/rn/rio-grande-do-norte/noticia/2020/03/21/coronavirus-supermercados-e-farmacias-devem-limitar-1-pessoa-por-familia-para-fazer-compras-no-rn-determina-decreto.ghtml
2019-12-30,termina,Determinação da Prefeitura de SP de fechar comércio passa a valer nesta sexta; supermercados e farmácias continuarão abertos,20/03/2020 14:27,https://g1.globo.com/sp/sao-paulo/noticia/2020/03/20/determinacao-da-prefeitura-de-sp-de-fechar-comercio-passa-a-valer-nesta-sexta-supermercados-e-farmacias-continuarao-abertos.ghtml
2019-12-30,compra,"Preocupados com o coronavírus, moradora e rede supermercados do Alto Tietê criam iniciativas para facilitar compras dos idosos",20/03/2020 09:38,https://g1.globo.com/sp/mogi-das-cruzes-suzano/noticia/2020/03/20/preocupados-com-o-coronavirus-moradora-e-rede-supermercados-do-alto-tiete-criam-iniciativas-para-facilitar-compras-dos-idosos.ghtml
2019-12-30,compra,"Após casos de coronavírus no AC, consumidores vão a supermercados fazer compras e à procura de álcool em gel",17/03/2020 20:39,https://g1.globo.com/ac/acre/noticia/2020/03/17/apos-casos-de-coronavirus-no-ac-consumidores-vao-a-supermercados-fazer-compras-e-a-procura-de-alcool-em-gel.ghtml
2019-12-30,vazia,Mogiano que foi embora para a Espanha em 2001 está assustado com o coronavírus: 'prateleiras dos supermercados estão vazias',13/03/2020 19:25,https://g1.globo.com/sp/mogi-das-cruzes-suzano/noticia/2020/03/13/mogiano-que-foi-embora-para-a-espanha-em-2001-esta-assustado-com-o-coronavirus-prateleiras-dos-supermercados-estao-vazias.ghtml
2019-12-30,limitar,Falta de álcool em gel em comércios faz associação de supermercados limitar venda de produto no ES,17/03/2020 12:51,https://g1.globo.com/es/espirito-santo/noticia/2020/03/17/falta-de-alcool-em-gel-em-comercios-faz-associacao-de-supermercados-limitar-venda-de-produto-no-es.ghtml
2019-12-30,preço,"Preços de frutas e legumes podem variar até 276% em supermercados de Fortaleza, aponta pesquisa do Procon",28/01/2020 13:50,https://g1.globo.com/ce/ceara/noticia/2020/01/28/precos-de-frutas-e-legumes-podem-variar-ate-276percent-em-supermercados-de-fortaleza-aponta-pesquisa-do-procon.ghtml
2019-12-30,coronavírus,Coronavírus: Prefeitura de SP proíbe funcionamento de comércio a partir de sexta; supermercados e farmácias continuarão abertos,18/03/2020 22:19,https://g1.globo.com/sp/sao-paulo/noticia/2020/03/18/coronavirus-bruno-covas-determina-fechamento-do-comercio-em-sp-ate-5-de-abril.ghtml
2019-12-30,termina,"Supermercados de Salvador devem ter horários exclusivos para idosos, determina prefeitura; veja novas medidas",25/03/2020 11:41,https://g1.globo.com/ba/bahia/noticia/2020/03/25/supermercados-de-salvador-devem-ter-horarios-exclusivos-para-idosos-determina-prefeitura-veja-novas-medidas.ghtml
2019-12-30,covid-19,Supermercados e bancos do DF adotam horário especial de atendimento a grupo de risco do Covid-19,18/03/2020 19:51,https://g1.globo.com/df/distrito-federal/noticia/2020/03/18/supermercados-e-bancos-do-df-adotam-horario-especial-de-atendimento-a-grupo-de-risco-do-covid-19.ghtml
2019-12-30,pandemia,Rio anuncia medidas contra pandemia: restaurantes populares terão jantar e supermercados podem funcionar 24h,21/03/2020 16:09,https://g1.globo.com/rj/rio-de-janeiro/noticia/2020/03/21/rio-anuncia-medidas-contra-pandemia-restaurantes-populares-terao-jantar-e-supermercados-podem-funcionar-24h.ghtml
2019-12-30,vazia,"Coronavírus: 'Parece cena de filme', diz potiguar que mora na Espanha sobre supermercados com prateleiras vazias",12/03/2020 17:35,https://g1.globo.com/rn/rio-grande-do-norte/noticia/2020/03/12/coronavirus-parece-cena-de-filme-diz-potiguar-que-mora-na-espanha-sobre-supermercados-com-prateleiras-vazias.ghtml
2019-12-30,alerta,Covid-19: MPT notifica 5 supermercados de Cuiabá e alerta sobre medidas de proteção a trabalhadores,26/03/2020 11:18,https://g1.globo.com/mt/mato-grosso/noticia/2020/03/26/mpt-notifica-5-supermercados-de-cuiaba-e-alerta-sobre-medidas-de-protecao-a-trabalhadores.ghtml
2019-12-30,limitar,"Coronavírus em SC: após decreto de emergência, supermercados têm filas e poderão limitar vendas",18/03/2020 17:59,https://g1.globo.com/sc/santa-catarina/noticia/2020/03/18/coronavirus-em-sc-apos-decreto-de-emergencia-supermercados-tem-filas-e-poderao-limitar-vendas.ghtml
2019-12-30,aumento,"Aumento no movimento em supermercados de SP chega a 18% nesta segunda, diz associação",17/03/2020 21:42,https://g1.globo.com/sp/sao-paulo/noticia/2020/03/17/aumento-no-movimento-em-supermercados-de-sp-chega-a-18percent-nesta-segunda-diz-associacao.ghtml
2019-12-30,coronavírus,Coronavírus: supermercados da região de Piracicaba criam horários exclusivos para idosos,19/03/2020 19:53,https://g1.globo.com/sp/piracicaba-regiao/noticia/2020/03/19/coronavirus-supermercados-da-regiao-de-piracicaba-criam-horarios-exclusivos-para-idosos.ghtml
2019-12-30,prateleira,Supermercados de Minas são orientados a retirar das prateleiras a cerveja Belorizontina,10/01/2020 20:38,https://g1.globo.com/mg/minas-gerais/noticia/2020/01/10/supermercados-sao-orientados-a-retirar-das-prateleiras-a-cerveja-belorizontina-em-bh.ghtml
2019-12-30,limitam,Supermercados no Ceará limitam número de clientes no interior do estabelecimento,22/03/2020 11:47,https://g1.globo.com/ce/ceara/noticia/2020/03/22/supermercados-no-ceara-limitam-numero-de-clientes-no-interior-do-estabelecimento.ghtml
2019-12-30,acaba,Homem acaba preso em flagrante após furtar pedaços de picanha e salame de supermercado em Presidente Prudente,05/03/2020 19:01,https://g1.globo.com/sp/presidente-prudente-regiao/noticia/2020/03/05/homem-acaba-preso-em-flagrante-apos-furtar-pedacos-de-picanha-e-salame-de-supermercado-em-presidente-prudente.ghtml
2019-12-30,compra,"Com medo de Covid-19, clientes fazem fila em supermercado no AC para comprar álcool em gel",20/03/2020 16:39,https://g1.globo.com/ac/acre/noticia/2020/03/20/com-medo-de-covid-19-clientes-fazem-fila-em-supermercado-no-ac-para-comprar-alcool-em-gel.ghtml
2019-12-30,fila,"Candidatos passam a noite em fila de emprego de supermercado de Içara, no Sul de SC",10/02/2020 09:27,https://g1.globo.com/sc/santa-catarina/noticia/2020/02/10/candidatos-passam-a-noite-em-fila-de-emprego-de-supermercado-de-icara-no-sul-de-sc.ghtml
2019-12-30,compra,"Perfis falsos de supermercado aplicam golpes e prometem vale compras de até R$ 400, em Goiânia",15/02/2020 13:56,https://g1.globo.com/go/goias/noticia/2020/02/15/perfis-falsos-de-supermercado-aplicam-golpes-e-prometem-vale-compras-de-ate-r-400-em-goiania.ghtml
2019-12-30,compra,"Por combate ao coronavírus, clientes enviam lista e funcionários fazem as compras em supermercado de Palmas",25/03/2020 23:47,https://g1.globo.com/to/tocantins/noticia/2020/03/25/por-combate-ao-coronavirus-clientes-enviam-lista-e-funcionarios-fazem-as-compras-em-supermercado-de-palmas.ghtml
2019-12-30,compra,Supermercado online: conheça as vantagens de comprar pela internet e ganhe mais tempo na rotina,16/03/2020 11:38,https://g1.globo.com/sc/santa-catarina/especial-publicitario/angeloni/mais-tempo-para-viver-bem/noticia/2020/03/03/supermercado-online-conheca-as-vantagens-de-comprar-pela-internet-e-ganhe-mais-tempo-para-curtir-a-vida.ghtml
2019-12-30,produto,Mulher é presa após furtar chocolate e produtos de higiene pessoal em supermercado de Tatuí,14/02/2020 19:09,https://g1.globo.com/sp/itapetininga-regiao/noticia/2020/02/14/mulher-e-presa-apos-furtar-chocolate-e-produtos-de-higiene-pessoal-em-supermercado-de-tatui.ghtml
2019-12-30,compra,Prefeitura de São Simão apura uso de carro oficial para compra de cerveja em supermercado,06/03/2020 13:01,https://g1.globo.com/sp/ribeirao-preto-franca/noticia/2020/03/06/prefeitura-de-sao-simao-apura-uso-de-carro-oficial-para-compra-de-cerveja-em-supermercado.ghtml
2019-12-30,coronavírus,Supermercado em São Gonçalo mede temperatura de clientes na porta para evitar contágio de coronavírus,26/03/2020 10:48,https://g1.globo.com/rj/rio-de-janeiro/noticia/2020/03/26/supermercado-em-sao-goncalo-mede-temperatura-de-clientes-na-porta-para-evitar-contagio-de-coronavirus.ghtml
2019-12-30,coronavírus,Supermercado de Anápolis tem 'porteiro' para controlar entrada de clientes e evitar disseminação do coronavírus,20/03/2020 10:12,https://g1.globo.com/go/goias/noticia/2020/03/20/supermercado-de-anapolis-tem-porteiro-para-controlar-entrada-de-clientes.ghtml
2019-12-30,compra,Coronavírus: infectologista do RS dá dicas de como fazer compras no supermercado com segurança,20/03/2020 17:09,https://g1.globo.com/rs/rio-grande-do-sul/noticia/2020/03/20/coronavirus-infectologista-do-rs-da-dicas-de-como-fazer-compras-no-supermercado-com-seguranca.ghtml
2019-12-30,alimento,Mais de 20 kg de alimentos vencidos são apreendidos dentro de supermercado em Manaus,18/02/2020 08:30,https://g1.globo.com/am/amazonas/noticia/2020/02/18/mais-de-20-kg-de-alimentos-vencidos-sao-apreendidos-dentro-de-supermercado-em-manaus.ghtml
2019-12-30,chuva,Estacionamento de supermercado alaga após forte chuva em Teresina; várias cidades registram estragos,09/01/2020 10:21,https://g1.globo.com/pi/piaui/noticia/2020/01/09/estacionamento-de-supermercado-alaga-apos-forte-chuva-em-teresina-varias-cidades-registram-estragos.ghtml
2019-12-30,fila,Centenas de pessoas formam fila para entregar currículo após anúncio de novo supermercado,05/02/2020 12:24,https://g1.globo.com/pe/pernambuco/noticia/2020/02/05/centenas-de-pessoas-formam-fila-para-entregar-curriculo-apos-anuncio-de-novo-supermercado.ghtml
2019-12-30,produto,Produtos com prazo de validade vencido são apreendidos em supermercado em Manaus,21/01/2020 18:41,https://g1.globo.com/am/amazonas/noticia/2020/01/21/produtos-com-prazo-de-validade-vencido-sao-apreendidos-em-supermercado-em-manaus.ghtml
2019-12-30,alimento,Vídeo com rato em supermercado viraliza e alimentos são descartados no RJ,10/02/2020 20:05,https://g1.globo.com/rj/regiao-dos-lagos/noticia/2020/02/05/video-com-rato-em-supermercado-viraliza-e-meia-tonelada-de-alimentos-e-descartada-em-cabo-frio.ghtml
2019-12-30,aumentar,Vendas de água mineral aumentaram 150% em supermercado no Rio,27/01/2020 09:18,https://g1.globo.com/rj/rio-de-janeiro/noticia/2020/01/27/vendas-de-agua-mineral-aumentaram-em-supermercado-no-rio.ghtml
2019-12-30,abastecimento,Coronavírus: supermercado desmente mensagem de desabastecimento em BH,19/03/2020 12:19,https://g1.globo.com/mg/minas-gerais/noticia/2020/03/19/coronavirus-supermercado-desmente-mensagem-de-desabastecimento-em-bh.ghtml
2019-12-30,coronavírus,Supermercados de Salvador alteram funcionamento para evitar transmissão do coronavírus; confira,20/03/2020 19:05,https://g1.globo.com/ba/bahia/noticia/2020/03/20/supermercados-de-salvador-alteram-funcionamento-para-evitar-transmissao-do-coronavirus-confira.ghtml
2019-12-30,produto,PM flagra homem com sacola cheia de produtos de supermercado em MS e ele confessa: 'Fui lá furtar',16/03/2020 10:44,https://g1.globo.com/ms/mato-grosso-do-sul/noticia/2020/03/16/pm-flagra-homem-com-sacola-cheia-de-produtos-de-supermercado-em-ms-e-ele-confessa-fui-la-furtar.ghtml
2019-12-30,aumento,"Preço do feijão tem aumento de quase 100% em supermercado depois da pandemia do coronavírus em Goiás, diz polícia",25/03/2020 17:53,https://g1.globo.com/go/goias/noticia/2020/03/25/policia-e-fiscais-flagram-produtos-com-sobrepreco-em-supermercados-depois-da-pandemia-do-coronavirus-em-goias.ghtml
2019-12-30,fila,Desempregados passam a noite em fila por vaga de emprego em supermercado em Votuporanga,16/01/2020 14:14,https://g1.globo.com/sp/sao-jose-do-rio-preto-aracatuba/noticia/2020/01/16/desempregados-passam-a-noite-em-fila-na-busca-por-vaga-em-rede-de-supermercados.ghtml
2019-12-30,abastecimento,Associação de supermercados diz que abastecimento está normal,17/03/2020 21:41,https://g1.globo.com/jornal-nacional/noticia/2020/03/17/associacao-de-supermercados-diz-que-abastecimento-esta-normal.ghtml
2019-12-30,abastecimento,"Não há risco de desabastecimento por conta do coronavírus, diz Associação Mineira de Supermercados",18/03/2020 13:01,https://g1.globo.com/mg/minas-gerais/noticia/2020/03/18/nao-ha-risco-de-desabastecimento-por-conta-do-coronavirus-diz-associacao-mineira-de-supermercados.ghtml
2019-12-30,prateleira,Bebê de 4 meses é atingido por pacotes que caíram de prateleira em supermercado em Mogi e pai procura a polícia,16/01/2020 14:02,https://g1.globo.com/sp/mogi-das-cruzes-suzano/noticia/2020/01/16/bebe-de-4-meses-e-atingido-por-pacotes-que-cairam-de-prateleira-em-supermercado-em-mogi-e-pai-procura-a-policia.ghtml
2019-12-30,corrida,Mineiras relatam corrida aos supermercados e isolamento em cidades na Itália por coronavírus,26/02/2020 16:36,https://g1.globo.com/mg/sul-de-minas/noticia/2020/02/26/mineiras-relatam-corrida-aos-supermercados-e-isolamento-em-cidades-na-italia-por-coronavirus.ghtml
2019-12-30,preço,Cerveja nos bloquinhos de SP custa quase o dobro do preço de supermercados,22/02/2020 07:01,https://g1.globo.com/sp/sao-paulo/carnaval/2020/noticia/2020/02/22/cerveja-nos-bloquinhos-de-sp-custa-quase-o-dobro-do-preco-de-supermercados.ghtml
2019-12-30,abastecimento,Supermercados do Rio garantem abastecimento; especialistas recomendam evitar lojas cheias,14/03/2020 19:50,https://g1.globo.com/rj/rio-de-janeiro/noticia/2020/03/14/supermercados-do-rio-garantem-abastecimento-especialistas-recomendam-evitar-lojas-cheias.ghtml
2019-12-30,abastecimento,Associação de supermercados diz que não há risco de desabastecimento no RJ,17/03/2020 13:40,https://g1.globo.com/rj/rio-de-janeiro/noticia/2020/03/17/associacao-de-supermercados-diz-que-nao-ha-risco-de-desabastecimento-no-rj.ghtml
2019-12-30,preço,Preço do feijão vendido em supermercados de Belém tem alta de 37%,27/02/2020 18:13,https://g1.globo.com/pa/para/noticia/2020/02/27/preco-do-feijao-vendido-em-supermercados-de-belem-tem-alta-de-37percent.ghtml
2019-12-30,coronavírus,"É falso que supermercados fecharão devido ao coronavírus em Rondônia, diz associação",19/03/2020 10:29,https://g1.globo.com/ro/rondonia/noticia/2020/03/19/e-falso-que-supermercados-fecharao-devido-ao-coronavirus-em-rondonia-diz-associacao.ghtml
2019-12-30,abastecimento,"Supermercados do Ceará não correm risco de desabastecimento nos próximos dias, diz associação",16/03/2020 20:58,https://g1.globo.com/ce/ceara/noticia/2020/03/16/supermercados-do-ceara-nao-correm-risco-de-desabastecimento-nos-proximos-dias-diz-associacao.ghtml
2019-12-30,abastecimento,Supermercados de Piracicaba têm alta em movimento; sindicato não acredita em desabastecimento,18/03/2020 08:53,https://g1.globo.com/sp/piracicaba-regiao/noticia/2020/03/18/supermercados-de-piracicaba-tem-alta-em-movimento-sindicato-nao-acredita-em-desabastecimento.ghtml
2019-12-30,abastecimento,Coronavírus: governo de Pernambuco afirma que não há risco de desabastecimento em supermercados,19/03/2020 06:24,https://g1.globo.com/pe/pernambuco/noticia/2020/03/18/coronavirus-governo-de-pernambuco-afirma-que-nao-ha-risco-de-desabastecimento-em-supermercados.ghtml
2019-12-30,estoque,"Coronavírus: 'Não há necessidade de formar estoques neste momento', diz Associação Mineira de Supermercados",19/03/2020 18:39,https://g1.globo.com/mg/minas-gerais/noticia/2020/03/19/coronavirus-nao-ha-necessidade-de-formar-estoques-neste-momento-diz-associacao-mineira-de-supermercados.ghtml
2019-12-30,abastecimento,Associação de Supermercados garante que não há risco de desabastecimento no Pará,17/03/2020 11:59,https://g1.globo.com/pa/para/noticia/2020/03/17/associacao-de-supermercados-garante-que-nao-risco-de-desabastecimento-no-para.ghtml
2019-12-30,coronavírus,Supermercados adotam medidas de segurança contra o coronavírus na Baixada Santista,25/03/2020 19:13,https://g1.globo.com/sp/santos-regiao/noticia/2020/03/25/supermercados-implementam-medidas-de-seguranca-contra-o-coronavirus-na-baixada-santista.ghtml
2019-12-30,abastecimento,"Supermercados do ES não têm risco de desabastecimento, afirma associação",20/03/2020 11:44,https://g1.globo.com/es/espirito-santo/noticia/2020/03/20/supermercados-do-es-nao-tem-risco-de-desabastecimento-afirma-associacao.ghtml
2019-12-30,compra,Associação Mineira de Supermercados orienta sobre como realizar 'compra consciente',18/03/2020 12:45,https://g1.globo.com/mg/zona-da-mata/noticia/2020/03/18/associacao-mineira-de-supermercados-orienta-sobre-como-realizar-compra-consciente.ghtml
2019-12-30,coronavírus,Coronavírus: Ministério Público faz recomendações a supermercados e farmácias em Uberlândia,23/03/2020 09:29,https://g1.globo.com/mg/triangulo-mineiro/noticia/2020/03/23/coronavirus-ministerio-publico-faz-recomendacoes-a-supermercados-e-farmacias-em-uberlandia.ghtml
2019-12-30,preço,Preços abusivos são fiscalizados em supermercados e farmácias de Uberlândia,25/03/2020 17:02,https://g1.globo.com/mg/triangulo-mineiro/noticia/2020/03/24/precos-abusivos-sao-fiscalizados-em-supermercados-e-farmacias-de-uberlandia.ghtml
2019-12-30,falta,"Não há risco de falta de produtos nos supermercados, diz Abras",16/03/2020 20:28,https://g1.globo.com/economia/noticia/2020/03/16/nao-ha-risco-de-falta-de-produtos-nos-supermercados-diz-abras.ghtml
2020-03-30,covid-19,Prefeitura interdita supermercados em Bauru por furarem decreto municipal contra a Covid-19,06/04/2020 15:16,https://g1.globo.com/sp/bauru-marilia/noticia/2020/04/04/prefeitura-interdita-supermercados-em-bauru-por-furarem-decreto-municipal-contra-a-covid-19.ghtml
2020-03-30,aumentam,Supermercados aumentam faturamento na pandemia e fazem novas contratações em Rio Preto,23/05/2020 08:10,https://g1.globo.com/sp/sao-jose-do-rio-preto-aracatuba/noticia/2020/05/23/supermercados-aumentam-faturamento-na-pandemia-e-fazem-novas-contratacoes-em-rio-preto.ghtml
2020-03-30,coronavírus,Coronavírus: operação fiscaliza medidas de prevenção para funcionários de supermercados na PB,16/04/2020 23:04,https://g1.globo.com/pb/paraiba/noticia/2020/04/16/coronavirus-operacao-fiscaliza-medidas-de-prevencao-para-funcionarios-de-supermercados-na-pb.ghtml
2020-03-30,termina,Coronavírus: Prefeitura de Passo Fundo determina fechamento de supermercados por 24 horas,03/05/2020 12:26,https://g1.globo.com/rs/rio-grande-do-sul/noticia/2020/05/03/coronavirus-prefeitura-de-passo-fundo-determina-fechamento-de-supermercados-por-24-horas.ghtml
2020-03-30,estoque,Supermercados de Petrolina diminuem estoques de ovos de páscoa para evitar prejuízos,09/04/2020 16:00,https://g1.globo.com/pe/petrolina-regiao/noticia/2020/04/09/supermercados-de-petrolina-diminuem-estoques-de-ovos-de-pascoa-para-evitar-prejuizos.ghtml
2020-03-30,preço,"Preços em supermercados de Fortaleza sobem 5,50% em abril, mostra pesquisa do Procon",23/04/2020 14:28,https://g1.globo.com/ce/ceara/noticia/2020/04/23/precos-em-supermercados-de-fortaleza-sobem-550percent-em-abril-mostra-pesquisa-do-procon.ghtml
2020-03-30,compra,Lei limita a compra de alimentos e de itens de higiene em supermercados de Goiás,16/04/2020 12:05,https://g1.globo.com/go/goias/noticia/2020/04/15/governo-limita-compra-de-produtos-alimenticios-basicos-e-de-higiene-em-supermercados-de-goias.ghtml
2020-03-30,restrição,Blumenau anuncia proibição de idosos em ônibus e restrição no acesso a supermercados,26/06/2020 09:23,https://g1.globo.com/sc/santa-catarina/noticia/2020/06/25/blumenau-proibe-idosos-em-onibus-e-restringe-acesso-a-supermercados.ghtml
2020-03-30,essenciais,"Em novo decreto, supermercados e outros serviços essenciais têm horários alterados em Teresina",11/04/2020 13:52,https://g1.globo.com/pi/piaui/noticia/2020/04/11/em-novo-decreto-supermercados-e-outros-servicos-essenciais-tem-horarios-alterados.ghtml
2020-03-30,pandemia,"Mesmo com pandemia, moradores de Sorocaba ignoram decreto e vão em grupo a supermercados",26/05/2020 11:33,https://g1.globo.com/sp/sorocaba-jundiai/noticia/2020/05/26/mesmo-com-pandemia-moradores-de-sorocaba-ignoram-decreto-e-vao-em-grupo-a-supermercados.ghtml
2020-03-30,preço,Procon fiscaliza três supermercados de Boa Vista após denúncias de preços abusivos,02/04/2020 17:39,https://g1.globo.com/rr/roraima/noticia/2020/04/02/procon-fiscaliza-tres-supermercados-de-boa-vista-apos-denuncias-de-precos-abusivos.ghtml
2020-03-30,pandemia,Vendas nos supermercados do Reino Unido têm recorde histórico pela pandemia,31/03/2020 10:44,https://g1.globo.com/economia/noticia/2020/03/31/vendas-nos-supermercados-do-reino-unido-tem-recorde-historico-pela-pandemia.ghtml
2020-03-30,repor,Farmácias e supermercados de Palmas conseguem repor estoques de álcool em gel,08/04/2020 19:07,https://g1.globo.com/to/tocantins/noticia/2020/04/08/farmacias-e-supermercados-de-palmas-conseguem-repor-estoques-de-alcool-em-gel.ghtml
2020-03-30,fila,Supermercados do RJ ainda têm aglomeração e filas durante pandemia do novo coronavírus,02/04/2020 08:39,https://g1.globo.com/rj/rio-de-janeiro/noticia/2020/04/02/supermercados-do-rj-ainda-tem-aglomeracao-e-filas-durante-pandemia-do-novo-coronavirus.ghtml
2020-03-30,coronavírus,Coronavírus: Uso de máscaras é obrigatório para clientes de supermercados de BH,24/04/2020 14:45,https://g1.globo.com/mg/minas-gerais/noticia/2020/04/24/coronavirus-uso-de-mascaras-e-obrigatorio-para-clientes-de-supermercados-de-bh.ghtml
2020-03-30,preço,"Após denúncias, Procon de Uberlândia intensifica fiscalização de preços abusivos em supermercados",01/04/2020 11:07,https://g1.globo.com/mg/triangulo-mineiro/noticia/2020/04/01/apos-denuncias-procon-de-uberlandia-intensifica-fiscalizacao-de-precos-abusivos-em-supermercados.ghtml
2020-03-30,coronavírus,Coronavírus: supermercados medem temperatura de clientes ao entrarem nas lojas em Campinas,08/04/2020 14:56,https://g1.globo.com/sp/campinas-regiao/noticia/2020/04/08/coronavirus-supermercados-medem-temperatura-de-clientes-ao-entrarem-nas-lojas-em-campinas.ghtml
2020-03-30,pandemia,Supermercados garantem novas oportunidades de emprego mesmo com pandemia da Covid-19,20/06/2020 08:48,https://g1.globo.com/sp/itapetininga-regiao/noticia/2020/06/20/supermercados-garantem-novas-oportunidades-de-emprego-mesmo-com-pandemia-da-covid-19.ghtml
2020-03-30,falta,Prefeito de Teresina critica abertura de supermercados: ‘falta de solidariedade à população',27/06/2020 10:38,https://g1.globo.com/pi/piaui/noticia/2020/06/27/prefeito-de-teresina-critica-abertura-de-supermercados-falta-de-solidariedade-a-populacao.ghtml
2020-03-30,lotam,Teresinenses lotam postos de combustíveis e supermercados após decreto que impede abertura,26/06/2020 21:48,https://g1.globo.com/pi/piaui/noticia/2020/06/26/teresinenses-lotam-postos-de-combustiveis-e-supermercados-apos-decreto-que-impede-abertura.ghtml
2020-03-30,coronavírus,Valinhos decreta novas medidas de combate ao coronavírus dentro dos supermercados,11/04/2020 13:48,https://g1.globo.com/sp/campinas-regiao/noticia/2020/04/11/valinhos-decreta-novas-medidas-de-combate-ao-coronavirus-dentro-dos-supermercados.ghtml
2020-03-30,pandemia,Supermercados de Teresina têm novas regras de funcionamento durante pandemia; entenda,22/04/2020 21:18,https://g1.globo.com/pi/piaui/noticia/2020/04/22/prefeito-de-teresina-assina-decreto-que-determina-novas-regras-de-funcionamento-aos-supermercados.ghtml
2020-03-30,coronavírus,Coronavírus: TJ-PR autoriza reabertura de supermercados aos domingos em Maringá,23/04/2020 22:36,https://g1.globo.com/pr/norte-noroeste/noticia/2020/04/23/coronavirus-tj-pr-autoriza-reabertura-de-supermercados-aos-domingos-em-maringa.ghtml
2020-03-30,termina,"Decreto determina horário exclusivo para idosos em supermercados de Niterói, RJ",03/04/2020 11:17,https://g1.globo.com/rj/rio-de-janeiro/noticia/2020/04/03/decreto-determina-horario-exclusivo-para-idosos-em-supermercados-de-niteroi-rj.ghtml
2020-03-30,corrida,São Luís tem corrida aos supermercados antes de lockdown por causa do coronavírus,02/05/2020 21:42,https://g1.globo.com/jornal-nacional/noticia/2020/05/02/sao-luis-tem-corrida-aos-supermercados-antes-de-lockdown-por-causa-do-coronavirus.ghtml
2020-03-30,falta,Supermercados na Grande São Luís ficarão abertos durante lockdown e garantem que não haverá falta de alimento,04/05/2020 11:15,https://g1.globo.com/ma/maranhao/noticia/2020/05/04/supermercados-na-grande-sao-luis-ficarao-abertos-durante-lockdown-e-garantem-que-nao-havera-falta-de-alimento.ghtml
2020-03-30,coronavírus,"Vendas online de supermercados quase dobram após o coronavírus, entregas atrasam e exigem investimentos das empresas",07/04/2020 10:44,https://g1.globo.com/economia/noticia/2020/04/07/vendas-online-de-supermercados-quase-dobram-apos-o-coronavirus-entregas-atrasam-e-exigem-investimentos-das-empresas.ghtml
2020-03-30,termina,Recife limita clientes em supermercados e determina controle de filas em bancos e lotéricas,13/04/2020 13:17,https://g1.globo.com/pe/pernambuco/noticia/2020/04/13/recife-limita-clientes-em-supermercados-e-determina-controle-de-filas-em-bancos-e-lotericas.ghtml
2020-03-30,coronavírus,"Rio amplia medidas contra coronavírus para mercados, supermercados e hortifrutis",14/04/2020 19:07,https://g1.globo.com/rj/rio-de-janeiro/noticia/2020/04/14/rio-amplia-medidas-contra-coronavirus-para-mercados-supermercados-e-hortifrutis.ghtml
2020-03-30,limitar,"Na quarentena, supermercados devem limitar em 50% a capacidade de clientes e fechar maior parte do estacionamento",12/05/2020 13:47,https://g1.globo.com/pe/pernambuco/noticia/2020/05/12/na-quarentena-supermercados-devem-limitar-em-50percent-a-capacidade-de-clientes-e-fechar-maior-parte-do-estacionamento.ghtml
2020-03-30,coronavírus,MPT notifica supermercados de Rondonópolis (MT) após três casos confirmados de coronavírus no município,31/03/2020 09:30,https://g1.globo.com/mt/mato-grosso/noticia/2020/03/31/mpt-notifica-supermercados-de-rondonopolis-mt-apos-tres-casos-confirmados-de-coronavirus-no-municipio.ghtml
2020-03-30,limite,Prefeitura de Salvador determina limite do número de clientes em supermercados e estacionamentos; veja as novas medidas,14/04/2020 19:15,https://g1.globo.com/ba/bahia/noticia/2020/04/14/prefeitura-de-salvador-determina-limite-do-numero-de-clientes-em-supermercados-e-estacionamentos-veja-as-novas-medidas.ghtml
2020-03-30,produto,Supermercados em Divinópolis apostam em crescimento e já notam procura por produtos típicos de festas juninas,08/06/2020 17:47,https://g1.globo.com/mg/centro-oeste/noticia/2020/06/08/supermercados-em-divinopolis-apostam-em-crescimento-e-ja-notam-procura-por-produtos-tipicos-de-festas-juninas.ghtml
2020-03-30,item,Pará tem o 4º feijão mais caro do país; rede de supermercados aconselha 'boicote' ao item,09/06/2020 19:10,https://g1.globo.com/pa/para/noticia/2020/06/09/para-tem-o-4o-feijao-mais-cara-do-pais-rede-de-supermercados-aconselha-boicote-ao-item.ghtml
2020-03-30,compra,ONG de Poá distribui a famílias carentes cartões com R$ 100 para compras em supermercados,01/04/2020 21:55,https://g1.globo.com/sp/mogi-das-cruzes-suzano/noticia/2020/04/01/ong-de-poa-distribui-a-familias-carentes-cartoes-com-r-100-para-compras-em-supermercados.ghtml
2020-03-30,covid-19,Prefeitura de Araçatuba publica decreto e restringe acesso a supermercados para combater a Covid-19,09/04/2020 15:08,https://g1.globo.com/sp/sao-jose-do-rio-preto-aracatuba/noticia/2020/04/09/prefeitura-de-aracatuba-publica-decreto-e-restringe-acesso-a-supermercados-para-combater-a-covid-19.ghtml
2020-03-30,aumentam,"Vendas de supermercados do Rio aumentam 21% na pandemia, diz pesquisa; delivery sobe 124%",22/04/2020 20:31,https://g1.globo.com/rj/rio-de-janeiro/noticia/2020/04/22/supermercados-do-rio-registram-aumento-de-21percent-em-suas-vendas-durante-a-pandemia-diz-pesquisa.ghtml
2020-03-30,compra,"Sem seguir lockdown, supermercados vendem celular, revistaria abre e famílias saem para as compras",18/05/2020 17:20,https://g1.globo.com/pa/para/noticia/2020/05/18/sem-seguir-lockdown-supermercados-vendem-celular-revistaria-abre-e-familias-saem-para-as-compras.ghtml
2020-03-30,pandemia,"Em 2 meses de pandemia, supermercados do RJ têm alta de 85% nas vendas por delivery",20/05/2020 23:30,https://g1.globo.com/rj/rio-de-janeiro/noticia/2020/05/20/em-2-meses-de-pandemia-supermercados-do-rj-tem-alta-de-85percent-nas-vendas-por-delivery.ghtml
2020-03-30,coronavírus,Coronavírus: Prefeito de Florianópolis anuncia testagem por drive-thru e uso de termômetros em supermercados,13/04/2020 09:05,https://g1.globo.com/sc/santa-catarina/noticia/2020/04/11/prefeito-de-florianopolis-anuncia-que-comercios-e-hoteis-continuam-fechados-por-causa-do-coronavirus.ghtml
2020-03-30,preço,"Operação contra produtos vencidos e preços abusivos autua 6 supermercados em Franca, SP",20/05/2020 15:03,https://g1.globo.com/sp/ribeirao-preto-franca/noticia/2020/05/20/operacao-contra-produtos-vencidos-e-precos-abusivos-autua-6-supermercados-em-franca-sp.ghtml
2020-03-30,restrição,"Prefeitura de Paraíso retira restrição de horários para supermercados, farmácias e postos de combustíveis",19/05/2020 15:55,https://g1.globo.com/to/tocantins/noticia/2020/05/19/prefeitura-de-paraiso-retira-restricao-de-horarios-para-supermercados-farmacias-e-postos-de-combustiveis.ghtml
2020-03-30,compra,Justiça derruba lei que obriga supermercados a embalar compras de clientes em João Pessoa,14/05/2020 10:22,https://g1.globo.com/pb/paraiba/noticia/2020/05/13/justica-derruba-lei-que-obriga-supermercados-a-embalar-compras-de-clientes-em-joao-pessoa.ghtml
2020-03-30,demanda,"Com aumento da demanda, farmácias e supermercados contratam novos funcionários no RS",06/04/2020 19:04,https://g1.globo.com/rs/rio-grande-do-sul/noticia/2020/04/06/com-aumento-da-demanda-farmacias-e-supermercados-contratam-novos-funcionarios-no-rs.ghtml
2020-03-30,termina,"Supermercados e padarias do RN não podem abrir aos domingos e feriados, determina governo",09/04/2020 14:29,https://g1.globo.com/rn/rio-grande-do-norte/noticia/2020/04/09/supermercados-e-padarias-do-rn-nao-podem-abrir-aos-domingos-e-feriados-determina-governo.ghtml
2020-03-30,compra,Supermercados de Mogi adotam medidas especiais e clientes mudam hábitos de compra durante pandemia,08/04/2020 16:58,https://g1.globo.com/sp/mogi-das-cruzes-suzano/noticia/2020/04/08/supermercados-de-mogi-adotam-medidas-especiais-e-clientes-mudam-habitos-de-compra-durante-pandemia.ghtml
2020-03-30,covid-19,Covid-19: BH deve passar a testar funcionários de supermercados na próxima semana,13/06/2020 15:11,https://g1.globo.com/mg/minas-gerais/noticia/2020/06/13/covid-19-bh-deve-passar-a-testar-funcionarios-de-supermercados-na-proxima-semana.ghtml
2020-03-30,aumento,Procon fiscaliza supermercados para verificar aumento em produtos da cesta básica em Teresina,12/05/2020 21:43,https://g1.globo.com/pi/piaui/noticia/2020/05/12/procon-fiscaliza-supermercados-para-verificar-aumento-em-produtos-da-cesta-basica-em-teresina.ghtml
2020-03-30,abastecimento,Supermercados devem ter abastecimento normalizado após falta de produtos durante quarentena no Ceará,01/04/2020 09:03,https://g1.globo.com/ce/ceara/noticia/2020/04/01/supermercados-devem-ter-abastecimento-normalizado-apos-falta-de-produtos-durante-quarentena-no-ceara.ghtml
2020-03-30,produto,Pesquisa aponta produtos até duas vezes mais caros entre supermercados de São Luís,28/05/2020 19:56,https://g1.globo.com/ma/maranhao/noticia/2020/05/28/pesquisa-aponta-produtos-ate-duas-vezes-mais-caros-entre-supermercados-de-sao-luis.ghtml
2020-03-30,fila,Supermercados e bancos de SP têm filas e aglomerações em meio à pandemia de coronavírus,08/04/2020 19:21,https://g1.globo.com/sp/sao-paulo/noticia/2020/04/08/supermercados-e-bancos-de-sp-tem-filas-e-aglomeracoes-em-meio-a-pandemia-de-coronavirus.ghtml
2020-03-30,alimento,Procon apreende mais de 80 quilos de alimentos com validade vencida em supermercados de Manaus,23/04/2020 14:21,https://g1.globo.com/am/amazonas/noticia/2020/04/23/procon-apreende-mais-de-80-quilos-de-alimentos-com-validade-vencida-em-supermercados-de-manaus.ghtml
2020-03-30,pandemia,"Em meio à pandemia do coronavírus, supermercados contratam mil funcionários no RJ",21/04/2020 09:00,https://g1.globo.com/rj/rio-de-janeiro/noticia/2020/04/21/em-meio-a-pandemia-do-coronavirus-supermercados-contratam-mil-funcionarios-no-rj.ghtml
2020-03-30,coronavírus,Dois supermercados de Natal são autuados por não cumprirem medidas de prevenção ao coronavírus,01/05/2020 16:33,https://g1.globo.com/rn/rio-grande-do-norte/noticia/2020/05/01/dois-supermercados-de-natal-sao-autuados-por-nao-cumprirem-medidas-de-prevencao-ao-coronavirus.ghtml
2020-03-30,preço,Preço do alho e da cebola sobe nos supermercados e feiras de Palmas,25/05/2020 08:29,https://g1.globo.com/to/tocantins/noticia/2020/05/25/preco-do-alho-e-da-cebola-sobe-nos-supermercados-e-feiras-de-palmas.ghtml
2020-03-30,termina,"Cliente tenta entrar sem máscara em supermercado de Curitiba, e caso termina em confusão",17/04/2020 21:51,https://g1.globo.com/pr/parana/noticia/2020/04/17/cliente-tenta-entrar-sem-mascara-em-supermercado-de-curitiba-e-caso-termina-em-confusao.ghtml
2020-03-30,coronavírus,"Gerente de rede de supermercados morre por coronavírus, em João Pessoa",16/04/2020 16:09,https://g1.globo.com/pb/paraiba/noticia/2020/04/04/gerente-de-rede-supermercados-morre-por-covid-19-em-joao-pessoa.ghtml
2020-03-30,coronavírus,Terceirizado de supermercado de São Carlos testa positivo para coronavírus e está na UTI,23/04/2020 11:44,https://g1.globo.com/sp/sao-carlos-regiao/noticia/2020/04/22/terceirizado-de-supermercado-testa-positivo-para-coronavirus-e-e-afastado-em-sao-carlos.ghtml
2020-03-30,coronavírus,Supermercado é autuado pelo Procon por descumprir medidas para evitar avanço do novo coronavírus,04/05/2020 17:56,https://g1.globo.com/pe/pernambuco/noticia/2020/05/04/supermercado-e-autuado-pelo-procon-por-descumprir-medidas-para-evitar-avanco-do-novo-coronavirus.ghtml
2020-03-30,interditado,Supermercado de Florianópolis é interditado para desinfecção após funcionário ser diagnosticado com coronavírus,19/04/2020 14:53,https://g1.globo.com/sc/santa-catarina/noticia/2020/04/19/supermercado-de-florianopolis-e-interditado-para-desinfeccao-apos-funcionario-ser-diagnosticado-com-coronavirus.ghtml
2020-03-30,prateleira,Leite destinado à merenda escolar é flagrado em prateleira de supermercado em Criciúma,05/05/2020 10:52,https://g1.globo.com/sc/santa-catarina/noticia/2020/05/05/leite-destinado-a-merenda-escolar-e-flagrado-em-prateleira-de-supermercado-em-criciuma.ghtml
2020-03-30,limitar,Justiça manda supermercado limitar número de clientes na loja durante quarentena em Capivari,04/04/2020 15:46,https://g1.globo.com/sp/piracicaba-regiao/noticia/2020/04/04/justica-manda-supermercado-limitar-numero-de-clientes-na-loja-durante-quarentena-em-capivari.ghtml
2020-03-30,compra,Supermercado instala cabine de desinfecção para carrinhos de compras em Rio Verde; vídeo,28/05/2020 06:26,https://g1.globo.com/go/goias/noticia/2020/05/28/supermercado-instala-cabine-de-desinfeccao-para-carrinhos-de-compras-em-rio-verde-video.ghtml
2020-03-30,pandemia,Rede de supermercado oferece vagas em Teresina para reforçar quadro durante a pandemia,28/04/2020 07:21,https://g1.globo.com/pi/piaui/noticia/2020/04/28/rede-de-supermercado-oferece-vagas-em-teresina-para-reforcar-quadro-durante-a-pandemia.ghtml
2020-03-30,covid-19,Supermercado no ES registra oito casos positivos de Covid-19 entre os funcionários,28/04/2020 10:49,https://g1.globo.com/es/espirito-santo/noticia/2020/04/28/supermercado-no-es-registra-oito-casos-positivos-de-covid-19-entre-os-funcionarios.ghtml
2020-03-30,interditado,Supermercado de Jaú é interditado após 9 funcionários testarem positivo para Covid-19,23/06/2020 13:35,https://g1.globo.com/sp/bauru-marilia/noticia/2020/06/23/supermercado-de-jau-e-interditado-apos-9-funcionarios-testarem-positivo-para-covid-19.ghtml
2020-03-30,alimento,"Após denúncias, operação apreende alimentos impróprios para consumo em supermercado de Rio Branco",08/06/2020 15:16,https://g1.globo.com/ac/acre/noticia/2020/06/08/apos-denuncias-operacao-apreende-alimentos-improprios-para-consumo-em-supermercado-de-rio-branco.ghtml
2020-03-30,fila,VÍDEO: caixa de supermercado é agredida após alertar cliente sobre distância na fila,07/05/2020 13:09,https://g1.globo.com/sp/vale-do-paraiba-regiao/noticia/2020/05/07/video-caixa-de-supermercado-e-agredida-apos-alertar-cliente-sobre-distancia-na-fila.ghtml
2020-03-30,aglomeração,Inauguração de supermercado gera aglomeração em Parnaíba; cidade com 203 casos da Covid-19,22/05/2020 16:10,https://g1.globo.com/pi/piaui/noticia/2020/05/22/inauguracao-de-supermercado-gera-aglomeracao-em-parnaiba-cidade-com-203-casos-da-covid-19.ghtml
2020-03-30,coronavírus,Unidade de supermercado em Salvador é fechada após funcionário ser diagnosticado com coronavírus,27/04/2020 22:07,https://g1.globo.com/ba/bahia/noticia/2020/04/27/unidade-de-supermercado-em-salvador-e-fechada-apos-funcionario-ser-diagnosticado-com-coronavirus.ghtml
2020-03-30,preço,Gerente de supermercado é preso por prática de preço abusivo em Ubatuba,10/04/2020 14:14,https://g1.globo.com/sp/vale-do-paraiba-regiao/noticia/2020/04/10/gerente-de-supermercado-e-preso-por-pratica-de-preco-abusivo-em-ubatuba.ghtml
2020-03-30,coronavírus,Supermercado instala cabine de desinfecção contra o novo coronavírus em Boa Vista,09/05/2020 16:43,https://g1.globo.com/rr/roraima/noticia/2020/05/09/supermercado-instala-cabine-de-desinfeccao-contra-o-novo-coronavirus-em-boa-vista.ghtml
2020-03-30,alimento,Dupla é presa suspeita de furtar 100 quilos de alimentos em supermercado,26/06/2020 17:06,https://g1.globo.com/sp/sorocaba-jundiai/noticia/2020/06/26/dupla-e-presa-suspeita-de-furtar-100-quilos-de-alimentos-em-supermercado.ghtml
2020-03-30,interditado,Supermercado que teve oito funcionários com Covid-19 é interditado no ES,29/04/2020 12:58,https://g1.globo.com/es/espirito-santo/noticia/2020/04/29/supermercado-que-teve-oito-funcionarios-com-covid-19-e-interditado-no-es.ghtml
2020-03-30,covid-19,Treze funcionários de supermercado de Marília são afastados por Covid-19,26/05/2020 18:54,https://g1.globo.com/sp/bauru-marilia/noticia/2020/05/26/treze-funcionarios-de-supermercado-de-marilia-sao-afastados-por-covid-19.ghtml
2020-03-30,interditado,"Com dois funcionários com coronavírus, supermercado é interditado em São Leopoldo",30/04/2020 12:53,https://g1.globo.com/rs/rio-grande-do-sul/noticia/2020/04/29/com-dois-funcionarios-com-coronavirus-supermercado-e-interditado-em-sao-leopoldo.ghtml
2020-03-30,preço,"Supermercado é autuado por preços abusivos de produtos, em João Pessoa",30/03/2020 12:43,https://g1.globo.com/pb/paraiba/noticia/2020/03/30/supermercado-e-autuado-por-precos-abusivos-de-produtos-em-joao-pessoa.ghtml
2020-03-30,coronavírus,De plantão: caixa de supermercado relata rotina de precaução contra coronavírus,30/04/2020 21:37,https://g1.globo.com/sp/vale-do-paraiba-regiao/noticia/2020/04/30/de-plantao-caixa-de-supermercado-relata-rotina-de-precaucao-contra-coronavirus.ghtml
2020-03-30,interditado,Supermercado em Salvador é interditado após descumprir decreto da prefeitura,18/04/2020 21:07,https://g1.globo.com/ba/bahia/noticia/2020/04/18/supermercado-em-salvador-e-interditado-apos-descumprir-decreto-da-prefeitura.ghtml
2020-03-30,acaba,"Incêndio atinge supermercado em Copacabana, na Zona Sul do Rio",20/05/2020 20:42,https://g1.globo.com/rj/rio-de-janeiro/noticia/2020/05/20/incendio-atinge-imovel-em-copacabana-na-zona-sul-do-rio.ghtml
2020-03-30,item,Prefeituras permitem funcionamento de supermercados e padarias aos domingos e feriados,09/04/2020 17:37,https://g1.globo.com/rn/rio-grande-do-norte/noticia/2020/04/09/prefeituras-de-natal-e-mossoro-permitem-funcionamento-de-supermercados-e-padarias-aos-domingos-e-feriados.ghtml
2020-03-30,covid-19,Supermercado em Florianópolis é fechado para desinfecção após funcionários contraírem Covid-19,09/04/2020 16:00,https://g1.globo.com/sc/santa-catarina/noticia/2020/04/08/supermercado-em-florianopolis-e-fechado-para-desinfeccao-apos-funcionarios-contrairem-covid-19.ghtml
2020-03-30,covid-19,Supermercado fica fechado em Araraquara após registrar 3 casos de Covid-19 entre funcionários,21/06/2020 13:22,https://g1.globo.com/sp/sao-carlos-regiao/noticia/2020/06/21/supermercado-fica-fechado-em-araraquara-apos-registrar-3-casos-de-covid-19-entre-funcionarios.ghtml
2020-03-30,compra,Cliente é assaltada enquanto fazia compras em supermercado de Fortaleza; vídeo,03/06/2020 15:09,https://g1.globo.com/ce/ceara/noticia/2020/06/03/cliente-e-assaltada-enquanto-fazia-compras-em-supermercado-de-fortaleza-video.ghtml
2020-03-30,compra,"Supermercado em Manaus torna obrigatório uso de máscara durante compras, em prevenção à Covid-19",25/04/2020 19:13,https://g1.globo.com/am/amazonas/noticia/2020/04/25/supermercado-em-manaus-torna-obrigatorio-uso-de-mascara-durante-compras-em-prevencao-a-covid-19.ghtml
2020-03-30,fila,"Coronavírus: apesar da quarentena, farmácia de alto custo e supermercado têm filas em Campinas",01/04/2020 14:34,https://g1.globo.com/sp/campinas-regiao/noticia/2020/04/01/coronavirus-apesar-da-quarentena-farmacia-de-alto-custo-e-supermercado-tem-filas-em-campinas.ghtml
2020-03-30,preço,Preço dos alimentos da cesta básica sobe nos supermercados de Palmas,19/04/2020 10:10,https://g1.globo.com/to/tocantins/noticia/2020/04/19/preco-dos-alimentos-da-cesta-basica-sobe-neste-mes-de-abril-nos-supermercados-de-palmas.ghtml
2020-03-30,termina,Picos antecipa feriados e determina fechamento de supermercados e lotéricas,04/06/2020 16:44,https://g1.globo.com/pi/piaui/noticia/2020/06/04/picos-antecipa-feriados-e-determina-fechamento-de-supermercados-e-lotericas-para-incentivar-isolamento.ghtml
2020-03-30,coronavírus,Coronavírus: Campinas multa 18 supermercados por descumprirem medidas sanitárias,25/06/2020 19:32,https://g1.globo.com/sp/campinas-regiao/noticia/2020/06/20/coronavirus-campinas-multa-18-supermercados-por-descumprirem-medidas-sanitarias.ghtml
2020-03-30,preço,Supermercados prometem ao governo federal evitar preços abusivos,22/04/2020 19:00,https://g1.globo.com/economia/noticia/2020/04/22/supermercados-prometem-ao-governo-federal-evitar-precos-abusivos.ghtml
2020-03-30,pandemia,"Com pandemia, sistema de delivery cresce em supermercados de Sorocaba",07/04/2020 15:30,https://g1.globo.com/sp/sorocaba-jundiai/noticia/2020/04/07/com-pandemia-sistema-de-delivery-cresce-em-supermercados-de-sorocaba.ghtml
2020-03-30,coronavírus,Coronavírus: Fiscalização a supermercados é realizada em Nova Serrana,08/04/2020 13:34,https://g1.globo.com/mg/centro-oeste/noticia/2020/04/08/coronavirus-fiscalizacao-a-supermercados-e-realizada-em-nova-serrana.ghtml
2020-03-30,dispara,Preço do ovo dispara nos supermercados de Petrolina,19/04/2020 09:24,https://g1.globo.com/pe/petrolina-regiao/noticia/2020/04/19/preco-do-ovo-dispara-nos-supermercados-de-petrolina.ghtml
2020-03-30,termina,Concessionária disponibiliza terminais de autoatendimento em supermercados,24/06/2020 16:00,https://g1.globo.com/rj/regiao-dos-lagos/especial-publicitario/prolagos/prolagos-nossa-natureza-movimenta-a-vida/noticia/2020/06/24/concessionaria-disponibiliza-terminais-de-autoatendimento-em-supermercados.ghtml
2020-03-30,covid-19,"'Tive que aprender de novo a tomar água, comer', conta repositor de supermercado curado de Covid-19 após 14 dias na UTI em SC",29/04/2020 10:28,https://g1.globo.com/sc/santa-catarina/noticia/2020/04/29/tive-que-aprender-de-novo-a-tomar-agua-comer-conta-repositor-de-supermercado-curado-de-covid-19-apos-14-dias-na-uti-em-sc.ghtml
2020-03-30,fila,"Em meio à pandemia, milhares de candidatos formam fila para tentar vaga de emprego em supermercado de Cascavel",02/06/2020 12:13,https://g1.globo.com/pr/oeste-sudoeste/noticia/2020/06/02/em-meio-a-pandemia-milhares-de-candidatos-formam-fila-para-tentar-vaga-de-emprego-em-supermercado-de-cascavel.ghtml
2020-03-30,coronavírus,"Supermercado checa temperatura de clientes e coloca proteção de vidro em caixas para evitar coronavírus, em Rio Verde",02/04/2020 09:52,https://g1.globo.com/go/goias/noticia/2020/04/02/supermercado-checa-temperatura-de-clientes-e-coloca-protecao-de-vidro-em-caixas-para-evitar-coronavirus-em-rio-verde.ghtml
2020-03-30,coronavírus,Coronavírus: Ponta Grossa restringe circulação de pessoas em supermercados,05/04/2020 18:52,https://g1.globo.com/pr/campos-gerais-sul/noticia/2020/04/05/coronavirus-ponta-grossa-restringe-circulacao-de-pessoas-em-supermercados.ghtml
2020-03-30,produto,"Mulher é presa com mais de R$ 2 mil em produtos furtados de supermercado em Santos, SP",16/04/2020 13:54,https://g1.globo.com/sp/santos-regiao/noticia/2020/04/15/mulher-e-presa-com-mais-de-r-2-mil-em-produtos-furtados-de-supermercado-em-santos-sp.ghtml
2020-03-30,alimento,Mais de 100 kg de alimentos e itens com validade vencida são apreendidos em supermercado de Manaus,28/05/2020 12:21,https://g1.globo.com/am/amazonas/noticia/2020/05/28/mais-de-100-kg-de-alimentos-e-itens-com-validade-vencida-sao-apreendidos-em-supermercado-de-manaus.ghtml
2020-03-30,produto,Supermercado que estava vendendo 2 toneladas de produtos impróprios para consumo no AC é autuado,11/06/2020 15:27,https://g1.globo.com/ac/acre/noticia/2020/06/11/supermercado-que-estava-vendendo-2-toneladas-de-produtos-improprios-para-consumo-no-ac-e-autuado.ghtml
2020-03-30,covid-19,São Carlos confirma 5 novos casos de Covid-19 ligados ao funcionário terceirizado de supermercado,23/04/2020 11:40,https://g1.globo.com/sp/sao-carlos-regiao/noticia/2020/04/22/sao-carlos-confirma-5-novos-casos-de-covid-19-ligados-ao-funcionario-terceirizado-de-supermercado.ghtml
2020-03-30,produto,Procon apreende mais de 130 produtos com validade vencida em supermercado no interior do AM,17/04/2020 14:30,https://g1.globo.com/am/amazonas/noticia/2020/04/17/procon-apreende-mais-de-130-produtos-com-validade-vencida-em-supermercado-no-interior-do-am.ghtml
2020-03-30,coronavírus,Veja dicas de como se portar no supermercado para diminuir risco de contágio pelo coronavírus,01/04/2020 10:08,https://g1.globo.com/pe/pernambuco/noticia/2020/04/01/veja-dicas-de-como-se-portar-no-supermercado-para-diminuir-risco-de-contagio-pelo-coronavirus.ghtml
2020-03-30,covid-19,Supermercado de São Carlos fecha loja para desinfecção após confirmação de casos de Covid-19,23/04/2020 12:52,https://g1.globo.com/sp/sao-carlos-regiao/noticia/2020/04/23/supermercado-de-sao-carlos-fecha-loja-para-desinfeccao-apos-confirmacao-de-casos-de-covid-19.ghtml
2020-03-30,coronavírus,É #FAKE que vídeo mostre saque a supermercado no Brasil após restrições por conta do coronavírus,06/04/2020 15:40,https://g1.globo.com/fato-ou-fake/noticia/2020/03/27/e-fake-que-video-mostre-saque-a-supermercado-no-brasil-apos-restricoes-por-conta-do-coronavirus.ghtml
2020-03-30,interditado,Supermercado em Coronel Fabriciano fica interditado no fim de semana por aglomerar pessoas ao divulgar promoção,30/03/2020 22:11,https://g1.globo.com/mg/vales-mg/noticia/2020/03/30/supermercado-em-coronel-fabriciano-fica-interditado-no-fim-de-semana-por-aglomerar-pessoas-ao-divulgar-promocao.ghtml
2020-03-30,covid-19,É #FAKE que unidade do supermercado Mundial foi fechada no Rio após funcionários morrerem de Covid-19,06/05/2020 23:30,https://g1.globo.com/fato-ou-fake/coronavirus/noticia/2020/05/06/e-fake-que-unidade-do-supermercado-mundial-foi-fechada-no-rio-apos-funcionarios-morrerem-de-covid-19.ghtml
2020-03-30,preço,"Procon Fortaleza registra 458 denúncias de preços abusivos em itens de supermercado, máscaras e álcool em gel",02/04/2020 08:40,https://g1.globo.com/ce/ceara/noticia/2020/04/01/procon-fortaleza-registra-458-denuncias-de-precos-abusivos-em-itens-de-supermercado-mascaras-e-alcool-em-gel.ghtml
2020-03-30,coronavírus,"Com 16 funcionários infectados pelo coronavírus, supermercado atacadista em Porto Seguro, na Bahia, é fechado",04/06/2020 21:02,https://g1.globo.com/ba/bahia/noticia/2020/06/04/com-16-funcionarios-infectados-pelo-coronavirus-supermercado-atacadista-em-porto-seguro-na-bahia-e-fechado.ghtml
2020-03-30,interditado,Supermercado que havia sido interditado por ter funcionários com coronavírus é reaberto em São Leopoldo,05/05/2020 13:35,https://g1.globo.com/rs/rio-grande-do-sul/noticia/2020/05/05/supermercado-que-havia-sido-interditado-por-ter-funcionarios-com-coronavirus-e-reaberto-em-sao-leopoldo.ghtml
2020-06-29,busca,Supermercados da RMC buscam profissionais para 159 vagas de emprego para contratação imediata; veja como se candidatar,26/08/2020 18:57,https://g1.globo.com/sp/campinas-regiao/concursos-e-emprego/noticia/2020/08/26/supermercados-da-rmc-buscam-profissionais-para-159-vagas-de-emprego-para-contratacao-imediata-veja-como-se-candidatar.ghtml
2020-06-29,abastecimento,"Com reajustes, supermercados de Rio Branco limitam venda de arroz e óleo para evitar desabastecimento",25/09/2020 14:34,https://g1.globo.com/ac/acre/noticia/2020/09/24/com-reajustes-supermercados-do-ac-limitam-venda-de-arroz-e-oleo-para-evitar-desabastecimento.ghtml
2020-06-29,fila,Candidatos formam fila de dobrar quarteirões para concorrer a vagas de emprego em rede de supermercados de Americana,11/08/2020 19:55,https://g1.globo.com/sp/campinas-regiao/concursos-e-emprego/noticia/2020/08/11/candidatos-formam-fila-de-dobrar-quarteiroes-para-concorrer-a-vagas-de-emprego-em-rede-de-supermercados-de-americana.ghtml
2020-06-29,preço,"Preço do quilo da banana prata varia 346% nos supermercados de João Pessoa, diz Procon-JP",13/08/2020 14:36,https://g1.globo.com/pb/paraiba/noticia/2020/08/13/preco-do-quilo-da-banana-prata-varia-346percent-nos-supermercados-de-joao-pessoa-diz-procon-jp.ghtml
2020-06-29,item,Condomínios investem em hortas e até em um mini mercado para que os moradores evitem ir a supermercados,10/08/2020 21:07,https://g1.globo.com/to/tocantins/noticia/2020/08/10/condominios-investem-em-hortas-e-ate-em-um-mini-mercado-para-que-os-moradores-evitem-ir-a-supermercados.ghtml
2020-06-29,pandemia,Decreto autoriza entrada de acompanhantes de pessoas com deficiência em supermercados de Natal durante pandemia da Covid-19,11/07/2020 14:17,https://g1.globo.com/rn/rio-grande-do-norte/noticia/2020/07/11/decreto-autoriza-entrada-de-acompanhantes-de-pessoas-com-deficiencia-em-supermercados-de-natal-durante-pandemia-da-covid-19.ghtml
2020-06-29,preço,"Com alta nos itens da cesta básica, preço do arroz aumenta até 30% em supermercados de Piracicaba",08/09/2020 13:55,https://g1.globo.com/sp/piracicaba-regiao/noticia/2020/09/08/com-alta-nos-itens-da-cesta-basica-preco-do-arroz-aumenta-ate-30percent-em-supermercados-de-piracicaba.ghtml
2020-06-29,preço,Preço do pacote de 5kg de arroz sobe e custa quase R$ 30 em supermercados de Goiânia,26/08/2020 18:41,https://g1.globo.com/go/goias/noticia/2020/08/26/preco-do-arroz-chega-a-quase-r-30-em-goiania.ghtml
2020-06-29,aumento,Polícia Civil fiscaliza aumento de preços de alimentos da cesta básica em 10 supermercados de BH,18/09/2020 12:23,https://g1.globo.com/mg/minas-gerais/noticia/2020/09/16/policia-civil-fiscaliza-aumento-de-precos-de-alimentos-da-cesta-basica-em-10-supermercados-de-bh.ghtml
2020-06-29,preço,Bolsonaro pede 'patriotismo' a donos de supermercados para tentar reduzir preço da cesta básica,04/09/2020 20:10,https://g1.globo.com/sp/santos-regiao/noticia/2020/09/04/bolsonaro-diz-que-conversa-com-supermercados-para-tentar-reduzir-preco-da-cesta-basica.ghtml
2020-06-29,coronavírus,Coronavírus: Prefeitura de Curitiba libera academias em novo decreto; supermercados voltam a fechar aos domingos,21/07/2020 12:28,https://g1.globo.com/pr/parana/noticia/2020/07/21/coronavirus-prefeitura-de-curitiba-libera-funcionamento-de-academias-em-novo-decreto.ghtml
2020-06-29,dispara,"Preços disparam nos supermercados e pesquisa aponta cesta básica 10,90% mais cara em Presidente Prudente",09/09/2020 12:01,https://g1.globo.com/sp/presidente-prudente-regiao/noticia/2020/09/09/precos-disparam-nos-supermercados-e-pesquisa-aponta-cesta-basica-1090percent-mais-cara-em-presidente-prudente.ghtml
2020-06-29,produto,"Fiscalização encontra produtos como cerveja, paçoca e até mortadela vencidos em supermercados no Tocantins",11/09/2020 16:21,https://g1.globo.com/to/tocantins/noticia/2020/09/11/fiscalizacao-encontra-produtos-como-cerveja-pacoca-e-ate-mortadela-vencidos-em-supermercados-no-tocantins.ghtml
2020-06-29,distribuição,Decreto determina distribuição de senhas em supermercados e autoriza abertura de escritórios de advocacia em Oliveira,11/08/2020 12:38,https://g1.globo.com/mg/centro-oeste/noticia/2020/08/11/decreto-determina-distribuicao-de-senhas-em-supermercados-e-autoriza-abertura-de-escritorios-de-advocacia-em-oliveira.ghtml
2020-06-29,produto,Ação flagra mercadorias fora da validade e produtos com suspeita de fraude em supermercados da RMB,25/09/2020 12:51,https://g1.globo.com/pa/para/noticia/2020/09/25/acao-flagra-mercadorias-fora-da-validade-e-produtos-com-suspeita-de-fraude-em-supermercado-da-rmb.ghtml
2020-06-29,produto,Produtos de alimentação e limpeza têm variação de até 147% nos supermercados da Grande BH,17/08/2020 15:03,https://g1.globo.com/mg/minas-gerais/noticia/2020/08/17/produtos-de-alimentacao-e-limpeza-tem-variacao-de-ate-147percent-nos-supermercados-da-grande-bh.ghtml
2020-06-29,preço,Produtos da cesta básica saem por mais que o dobro do preço em diferentes supermercados de Palmas,15/09/2020 07:20,https://g1.globo.com/to/tocantins/noticia/2020/09/15/produtos-da-cesta-basica-saem-por-mais-que-o-dobro-do-preco-em-diferentes-supermercados-de-palmas.ghtml
2020-06-29,covid-19,"Dois supermercados são autuados por descumprir medidas de prevenção à Covid-19, em Fortaleza",22/09/2020 18:12,https://g1.globo.com/ce/ceara/noticia/2020/09/22/dois-supermercados-sao-autuados-por-descumprir-medidas-de-prevencao-a-covid-19-em-fortaleza.ghtml
2020-06-29,produto,"Mesmo produto alimentício pode custar até 250% mais caro em supermercados de Fortaleza, alerta Procon",18/08/2020 18:11,https://g1.globo.com/ce/ceara/noticia/2020/08/18/mesmo-produto-alimenticio-pode-custar-ate-150percent-mais-caro-em-supermercados-de-fortaleza-alerta-procon.ghtml
2020-06-29,aumentar,Procon vai aumentar fiscalização em supermercados para coibir alta abusiva de preços dos alimentos em São Paulo,10/09/2020 21:24,https://g1.globo.com/sp/sao-paulo/noticia/2020/09/10/procon-vai-aumentar-fiscalizacao-em-supermercados-para-coibir-aumento-abusivo-de-precos-dos-alimentos-em-sao-paulo.ghtml
2020-06-29,pandemia,"Pesquisa aponta inflação de 4,05% na cesta básica durante o período da pandemia da Covid-19 em Presidente Prudente",26/08/2020 12:35,https://g1.globo.com/sp/presidente-prudente-regiao/noticia/2020/08/26/pesquisa-aponta-inflacao-de-405percent-na-cesta-basica-durante-o-periodo-da-pandemia-da-covid-19-em-presidente-prudente.ghtml
2020-06-29,covid-19,Prefeitura de Baependi decreta fechamento do comércio por 7 dias após 1ª morte de Covid-19,27/07/2020 20:56,https://g1.globo.com/mg/sul-de-minas/noticia/2020/07/26/prefeitura-de-baependi-decreta-fechamento-do-comercio-por-7-dias-apos-1a-morte-de-covid-19.ghtml
2020-06-29,aumento,Associação de supermercados chama atenção para aumento de preços de itens da cesta básica,03/09/2020 21:58,https://g1.globo.com/jornal-nacional/noticia/2020/09/03/associacao-de-supermercados-chama-atencao-para-aumento-de-precos-de-itens-da-cesta-basica.ghtml
2020-06-29,abastecimento,"Arroz em alta: Apas descarta risco de desabastecimento na região de Ribeirão Preto, SP",10/09/2020 14:07,https://g1.globo.com/sp/ribeirao-preto-franca/noticia/2020/09/10/arroz-em-alta-apas-descarta-risco-de-desabastecimento-na-regiao-de-ribeirao-preto-sp.ghtml
2020-06-29,covid-19,Austrália isolará 300 mil moradores de subúrbios de Melbourne após novo pico de Covid-19,01/07/2020 10:08,https://g1.globo.com/mundo/noticia/2020/07/01/australia-isolara-300-mil-moradores-de-suburbios-de-melbourne-apos-novo-pico-de-covid-19.ghtml
2020-06-29,fila,Centenas de pessoas se aglomeram em fila de emprego no Rio em plena pandemia,22/07/2020 08:43,https://g1.globo.com/rj/rio-de-janeiro/noticia/2020/07/22/centenas-de-pessoas-se-aglomeram-em-fila-de-emprego-no-rio-em-plena-pandemia.ghtml
2020-06-29,busca,"Com visitas reduzidas na pandemia, vinícolas de SC buscam alternativas para melhorar as vendas",24/08/2020 17:31,https://g1.globo.com/sc/santa-catarina/campo-e-negocios/noticia/2020/08/11/com-visitas-reduzidas-na-pandemia-vinicolas-de-sc-buscam-alternativas-para-melhorar-as-vendas.ghtml
2020-06-29,produto,Produtores apostam em novas formas de vendas para levar o café direto ao consumidor,20/08/2020 09:26,https://g1.globo.com/mg/sul-de-minas/grao-sagrado/noticia/2020/08/20/produtores-apostam-em-novas-formas-de-vendas-para-levar-o-cafe-direto-ao-consumidor.ghtml
2020-06-29,preço,"Preço do quilo da laranja tem diferença de mais de 600% em João Pessoa, diz Procon-PB",01/09/2020 18:46,https://g1.globo.com/pb/paraiba/noticia/2020/09/01/preco-do-quilo-da-laranja-tem-diferenca-de-mais-de-600percent-em-joao-pessoa-diz-procon-pb.ghtml
2020-06-29,preço,"Preço do litro do álcool etílico a 70% tem diferença de mais de 60% em João Pessoa, diz Procon-PB",26/08/2020 18:12,https://g1.globo.com/pb/paraiba/noticia/2020/08/26/preco-do-litro-do-alcool-etilico-a-70percent-tem-diferenca-de-mais-de-60percent-em-joao-pessoa-diz-procon-pb.ghtml
2020-06-29,pandemia,"Na América Latina, menos que uma a cada cinco pequenas e médias empresas não foi afetada pela pandemia, diz pesquisa",30/06/2020 18:00,https://g1.globo.com/economia/noticia/2020/06/30/na-america-latina-menos-que-uma-a-cada-cinco-pequenas-e-medias-empresas-nao-foi-afetada-pela-pandemia-diz-pesquisa.ghtml
2020-06-29,falta,Associação afasta risco de falta de itens básicos em supermercados de Campinas apesar de restrições; economista explica 'desequilíbrio',23/09/2020 20:50,https://g1.globo.com/sp/campinas-regiao/noticia/2020/09/23/associacao-afasta-risco-de-falta-de-itens-basicos-em-supermercados-de-campinas-apesar-de-restricoes-economista-explica-desequilibrio.ghtml
2020-06-29,fila,Dezenas de quatis saqueiam mercado e fazem fuga em fila em SP; VÍDEO,10/08/2020 10:50,https://g1.globo.com/sp/santos-regiao/noticia/2020/08/10/quadrilha-de-quatis-saqueia-mercado-e-faz-fuga-de-desenho-animado-em-sp-video.ghtml
2020-06-29,medo,Jovem mostra marcas de agressão nas redes sociais e conta que foi vítima de ataque homofóbico em Salvador: 'Muito medo',09/07/2020 10:30,https://g1.globo.com/ba/bahia/noticia/2020/07/08/jovem-mostra-marcas-de-agressao-nas-redes-sociais-e-afirma-ter-sido-vitima-de-ataque-homofobico-em-salvador-muito-medo.ghtml
2020-06-29,coronavírus,Moradores de bairros de Petrolina têm se descuidado das medidas de prevenção do novo coronavírus,15/07/2020 13:54,https://g1.globo.com/pe/petrolina-regiao/noticia/2020/07/15/moradores-de-bairros-de-petrolina-tem-se-descuidado-das-medidas-de-prevencao-do-novo-coronavirus.ghtml
2020-06-29,preço,Universidade faz levantamento sobre a diferença dos preços de produtos vendidos em mercados de Sorocaba,28/07/2020 20:15,https://g1.globo.com/sp/sorocaba-jundiai/noticia/2020/07/28/universidade-faz-levantamento-sobre-a-diferenca-dos-precos-de-produtos-vendidos-em-mercados-de-sorocaba.ghtml
2020-06-29,essenciais,Novo decreto flexibiliza funcionamento de atividades essenciais aos domingos em Formiga,18/07/2020 20:08,https://g1.globo.com/mg/centro-oeste/noticia/2020/07/18/novo-decreto-flexibiliza-funcionamento-de-atividades-essenciais-aos-domingos-em-formiga.ghtml
2020-06-29,coronavírus,Prefeitura publica novas leis com medidas de prevenção ao coronavírus para estabelecimentos em Juiz de Fora,02/07/2020 17:37,https://g1.globo.com/mg/zona-da-mata/noticia/2020/07/02/prefeitura-publica-novas-leis-com-medidas-de-prevencao-ao-coronavirus-para-estabelecimentos-em-juiz-de-fora.ghtml
2020-06-29,preço,Procon notifica 21 supermercados no 1º dia de fiscalização para evitar alta de preços do arroz e do óleo em São Paulo,14/09/2020 18:18,https://g1.globo.com/sp/sao-paulo/noticia/2020/09/14/procon-notifica-21-supermercados-no-1o-dia-de-fiscalizacao-para-evitar-alta-de-precos-do-arroz-e-do-oleo-em-sp.ghtml
2020-06-29,preço,Procon notifica 87 supermercados em 2 dias de fiscalização para evitar alta de preços do arroz e do óleo em São Paulo,15/09/2020 19:53,https://g1.globo.com/sp/sao-paulo/noticia/2020/09/15/procon-notifica-87-supermercados-em-2-dias-de-fiscalizacao-para-evitar-alta-de-precos-do-arroz-e-do-oleo-em-sao-paulo.ghtml
2020-06-29,preço,30 anos do Código de Defesa do Consumidor: Procon em Formiga mantém ação para combater preços abusivos durante a pandemia,11/09/2020 16:40,https://g1.globo.com/mg/centro-oeste/noticia/2020/09/11/30-anos-do-codigo-de-defesa-do-consumidor-procon-em-formiga-mantem-acao-para-combater-precos-abusivos-durante-a-pandemia.ghtml
2020-06-29,preço,Procon-SP analisa documentos de 17 supermercados em Presidente Prudente para verificar possíveis abusos de preços da cesta básica,11/09/2020 20:45,https://g1.globo.com/sp/presidente-prudente-regiao/noticia/2020/09/11/procon-sp-analisa-documentos-de-17-supermercados-em-presidente-prudente-para-verificar-possiveis-abusos-de-precos-da-cesta-basica.ghtml
2020-06-29,aumento,Mercados pequenos da região de Sorocaba têm aumento nas vendas e geração de empregos,13/09/2020 17:08,https://g1.globo.com/sp/sorocaba-jundiai/noticia/2020/09/13/mercados-pequenos-da-regiao-de-sorocaba-tem-aumento-nas-vendas-e-geracao-de-empregos.ghtml
2020-06-29,preço,Alta no preço dos alimentos chega aos supermercados do Alto Tietê e preocupa consumidores,07/09/2020 10:50,https://g1.globo.com/sp/mogi-das-cruzes-suzano/noticia/2020/09/07/alta-no-preco-dos-alimentos-chega-aos-supermercados-do-alto-tiete-e-preocupa-consumidores.ghtml
2020-06-29,pandemia,Procon de Araras intensifica fiscalizações em supermercados durante a pandemia,03/09/2020 17:40,https://g1.globo.com/sp/sao-carlos-regiao/noticia/2020/09/03/procon-de-araras-intensifica-fiscalizacoes-em-supermercados-durante-a-pandemia.ghtml
2020-06-29,preço,Preço do arroz sobe quase 50% em julho desse ano nos supermercados de Palmas,23/07/2020 22:33,https://g1.globo.com/to/tocantins/noticia/2020/07/23/preco-do-arroz-sobe-quase-50percent-em-julho-desse-ano-nos-supermercados-de-palmas.ghtml
2020-06-29,pandemia,"Discoteca gay de Lima, no Peru, reabre como supermercado por causa da pandemia de novo coronavírus",30/06/2020 18:33,https://g1.globo.com/mundo/noticia/2020/06/30/discoteca-gay-de-lima-no-peru-reabre-como-supermercado-por-causa-da-pandemia-de-novo-coronavirus.ghtml
2020-06-29,pandemia,Violinista troca ônibus e metrô por apresentações em supermercado para sobreviver na pandemia no Recife,23/07/2020 15:35,https://g1.globo.com/pe/pernambuco/noticia/2020/07/23/violinista-troca-onibus-e-metro-por-apresentacoes-em-supermercado-para-sobreviver-na-pandemia-no-recife.ghtml
2020-06-29,interditado,"Supermercado é interditado por não notificar no prazo casos de coronavírus, em Caxias do Sul",01/07/2020 21:43,https://g1.globo.com/rs/rio-grande-do-sul/noticia/2020/07/01/supermercado-e-interditado-por-nao-notificar-no-prazo-casos-de-coronavirus-em-caxias-do-sul.ghtml
2020-06-29,fila,Supermercados e postos de combustíveis registram longas filas após decretos de fechamento no PI,02/07/2020 11:37,https://g1.globo.com/pi/piaui/noticia/2020/07/02/supermercados-e-postos-de-combustiveis-registram-longas-filas-apos-decretos-de-fechamento-no-pi.ghtml
2020-06-29,pânico,Gerente de supermercado relata pânico de funcionários agredidos por cliente que não quis usar máscara,17/09/2020 10:51,https://g1.globo.com/sp/sorocaba-jundiai/noticia/2020/09/17/gerente-de-supermercado-relata-panico-de-funcionarios-agredidos-por-cliente-que-nao-quis-usar-mascara.ghtml
2020-06-29,produto,Sete jovens são detidas por furtarem cerca de mil produtos em supermercado de SP,07/08/2020 21:32,https://g1.globo.com/sp/santos-regiao/noticia/2020/08/07/sete-jovens-sao-detidas-por-furtarem-cerca-de-mil-produtos-em-supermercado-de-sp.ghtml
2020-06-29,compra,Homem tem carro furtado enquanto fazia compras em supermercado de Gurupi; Veículo foi abandonado,19/08/2020 12:54,https://g1.globo.com/to/tocantins/noticia/2020/08/19/homem-tem-carro-furtado-enquanto-fazia-compras-em-supermercado-de-gurupi-veiculo-foi-abandonado.ghtml
2020-06-29,covid-19,Quatro funcionários são afastados de supermercado após testarem positivo para Covid-19 em Matão,15/08/2020 19:58,https://g1.globo.com/sp/sao-carlos-regiao/noticia/2020/08/15/quatro-funcionarios-sao-afastados-de-supermercado-apos-testarem-positivo-para-covid-19-em-matao.ghtml
2020-06-29,produto,"Polícia acha produtos vencidos em supermercado de Campinas e proprietária é presa, diz SSP",15/07/2020 22:02,https://g1.globo.com/sp/campinas-regiao/noticia/2020/07/15/policia-acha-produtos-vencidos-em-supermercado-de-campinas-e-proprietaria-e-presa-diz-ssp.ghtml
2020-06-29,produto,Procon autua supermercado após clientes denunciarem a venda de produtos apodrecidos e vencidos,11/09/2020 09:45,https://g1.globo.com/ms/mato-grosso-do-sul/noticia/2020/09/11/procon-autua-supermercado-apos-clientes-denunciarem-a-venda-de-produtos-apodrecidos-e-vencidos.ghtml
2020-06-29,aumento,Procon Vitória aponta aumento de até 50% em preços de itens de supermercado,07/08/2020 10:51,https://g1.globo.com/es/espirito-santo/noticia/2020/08/06/procon-vitoria-aponta-aumento-de-ate-50percent-em-precos-de-itens-de-supermercado.ghtml
2020-06-29,alimento,Fiscalização apreende mais de 45 quilos de alimentos vencidos em supermercado de Manaus,30/07/2020 09:59,https://g1.globo.com/am/amazonas/noticia/2020/07/30/fiscalizacao-apreende-mais-de-45-quilos-de-alimentos-vencidos-em-supermercado-de-manaus.ghtml
2020-06-29,chuva,Segurança de supermercado usa o próprio guarda-chuva para proteger cão na Escócia,02/07/2020 19:01,https://g1.globo.com/olha-que-legal/noticia/2020/07/02/seguranca-de-supermercado-usa-o-proprio-guarda-chuva-para-proteger-cao-na-escocia.ghtml
2020-06-29,termina,Discussão sobre uso de máscara em supermercado termina na delegacia em Campinas,28/07/2020 10:09,https://g1.globo.com/sp/campinas-regiao/noticia/2020/07/28/discussao-sobre-uso-de-mascara-em-supermercado-termina-na-delegacia-em-campinas.ghtml
2020-06-29,interditado,Supermercado interditado é reaberto antes do prazo previsto em Caxias do Sul,07/07/2020 15:26,https://g1.globo.com/rs/rio-grande-do-sul/noticia/2020/07/07/supermercado-interditado-e-reaberto-antes-do-prazo-previsto-em-caxias-do-sul.ghtml
2020-06-29,produto,Câmera registra momento em que produtora é enforcada em supermercado; vídeo,10/07/2020 10:06,https://g1.globo.com/sp/sao-jose-do-rio-preto-aracatuba/noticia/2020/07/09/camera-registra-momento-em-que-produtora-musical-e-enforcada-em-supermercado-video.ghtml
2020-06-29,produto,"Supermercado na Serra, ES, é interditado após fiscalização encontrar produtos vencidos",03/07/2020 11:16,https://g1.globo.com/es/espirito-santo/noticia/2020/07/02/supermercado-na-serra-es-e-interditado-apos-fiscalizacao-encontrar-produtos-vencidos.ghtml
2020-06-29,aglomeração,Supermercado é interditado após denúncia de aglomeração em Itatiba,07/07/2020 08:26,https://g1.globo.com/sp/sorocaba-jundiai/noticia/2020/07/06/supermercado-e-interditado-apos-denuncia-de-aglomeracao-em-itatiba.ghtml
2020-06-29,aglomeração,Inauguração de supermercado causa aglomeração na Grande Natal,09/07/2020 19:34,https://g1.globo.com/rn/rio-grande-do-norte/noticia/2020/07/09/inauguracao-de-supermercado-causa-aglomeracao-na-grande-natal.ghtml
2020-06-29,alimento,Fiscalização apreende mais de 120 quilos de alimentos com validade vencida em supermercado na Zona Norte de Manaus,19/08/2020 10:22,https://g1.globo.com/am/amazonas/noticia/2020/08/19/fiscalizacao-apreende-mais-de-120-quilos-de-alimentos-com-validade-vencida-em-supermercado-na-zona-norte-de-manaus.ghtml
2020-06-29,preço,Supermercado no Rio limita compra de arroz e óleo de soja após alta de preços; Procon autua mercados no RJ,10/09/2020 20:28,https://g1.globo.com/rj/rio-de-janeiro/noticia/2020/09/10/supermercado-no-rio-limita-compra-de-arroz-e-oleo-de-soja-apos-alta-de-precos-procon-autua-mercados-no-rj.ghtml
2020-06-29,acaba,"Com mercadorias escondidas em bolsa, homem acaba preso por furto após alarme de supermercado disparar",03/07/2020 15:45,https://g1.globo.com/sp/presidente-prudente-regiao/noticia/2020/07/03/com-mercadorias-escondidas-em-bolsa-homem-acaba-preso-por-furto-apos-alarme-de-supermercado-disparar.ghtml
2020-06-29,pandemia,"Adesão de supermercados ao delivery sobe mais de 1.400% durante a pandemia, na Paraíba",22/08/2020 16:59,https://g1.globo.com/pb/paraiba/noticia/2020/08/22/adesao-de-supermercados-ao-delivery-sobe-mais-de-1400percent-durante-a-pandemia-na-paraiba.ghtml
2020-06-29,busca,Operação do Procon-SP busca preços abusivos em supermercados de Presidente Prudente e Martinópolis,18/09/2020 10:21,https://g1.globo.com/sp/presidente-prudente-regiao/noticia/2020/09/18/operacao-do-procon-sp-busca-precos-abusivos-em-supermercados-de-presidente-prudente-e-martinopolis.ghtml
2020-06-29,preço,Preços da carne e do arroz têm alta neste mês de agosto nos supermercados de Palmas,27/08/2020 18:44,https://g1.globo.com/to/tocantins/noticia/2020/08/27/precos-da-carne-e-do-arroz-tem-alta-neste-mes-de-agosto-nos-supermercados-de-palmas.ghtml
2020-06-29,preço,Procon identifica supostos preços abusivos em 15 supermercados; empresas deverão mostrar notas,23/07/2020 07:56,https://g1.globo.com/ap/amapa/noticia/2020/07/23/procon-identifica-supostos-precos-abusivos-em-15-supermercados-empresas-deverao-mostrar-notas.ghtml
2020-06-29,aumento,Grandes supermercados de Uberaba são notificados pelo Procon para justificarem aumento de preços,08/09/2020 14:12,https://g1.globo.com/mg/triangulo-mineiro/noticia/2020/09/08/grandes-supermercados-de-uberaba-sao-notificados-pelo-procon-para-justificarem-aumento-de-precos.ghtml
2020-06-29,vazia,População esvazia supermercados antes de novo confinamento em Melbourne,08/07/2020 10:59,https://g1.globo.com/mundo/noticia/2020/07/08/em-melbourne-populacao-esvazia-supermercados-antes-de-novo-confinamento.ghtml
2020-06-29,aumentam,"Depois de 26 anos do início do Plano Real, preço de alimentos aumentam até 14 vezes em supermercados de Campinas",07/07/2020 10:44,https://g1.globo.com/sp/campinas-regiao/noticia/2020/07/06/depois-de-26-anos-do-inicio-do-plano-real-preco-de-alimentos-aumentam-ate-14-vezes-em-supermercados-de-campinas.ghtml
2020-06-29,covid-19,Supermercados de Campinas são flagrados descumprindo regras de prevenção contra Covid-19,20/07/2020 15:10,https://g1.globo.com/sp/campinas-regiao/noticia/2020/07/20/supermercados-de-campinas-sao-flagrados-descumprindo-regras-de-prevencao-contra-covid-19.ghtml
2020-06-29,preço,Procon notifica supermercados por vender itens de cesta básica com preços abusivos,18/09/2020 18:18,https://g1.globo.com/sp/itapetininga-regiao/noticia/2020/09/18/procon-notifica-supermercados-por-vender-itens-de-cesta-basica-com-precos-abusivos.ghtml
2020-06-29,disparada,"Com disparada do preço do arroz, representante dos supermercados quer promover consumo de macarrão",12/09/2020 21:50,https://g1.globo.com/economia/noticia/2020/09/10/com-disparada-do-preco-do-arroz-representante-dos-supermercados-quer-promover-consumo-de-macarrao.ghtml
2020-06-29,coronavírus,Supermercados BH doam R$ 3 milhões para Minas Gerais contra o coronavírus,19/08/2020 09:34,https://g1.globo.com/mg/minas-gerais/especial-publicitario/supermercados-bh/noticia/2020/08/19/supermercados-bh-doam-r-3-milhoes-para-minas-gerais-contra-o-coronavirus.ghtml
2020-06-29,produto,Ministério da Justiça pede que supermercados e produtores expliquem alta dos alimentos,09/09/2020 19:16,https://g1.globo.com/politica/noticia/2020/09/09/ministerio-da-justica-pede-que-supermercados-e-produtores-expliquem-alta-dos-alimentos.ghtml
2020-06-29,preço,Procon orienta representantes de supermercados e atacarejos de Uberlândia sobre preços abusivos,10/09/2020 11:54,https://g1.globo.com/mg/triangulo-mineiro/noticia/2020/09/10/procon-orienta-representantes-de-supermercados-e-atacarejos-de-uberlandia-sobre-precos-abusivos.ghtml
2020-06-29,produto,"Um dia após 'esconder' produtos não essenciais, supermercados voltam a vender normalmente",03/07/2020 09:04,https://g1.globo.com/sp/sorocaba-jundiai/noticia/2020/07/02/um-dia-apos-esconder-produtos-nao-essenciais-supermercados-voltam-a-vender-normalmente.ghtml
2020-06-29,restrição,Prefeita confirma que restrição dos horários de funcionamento vale para supermercados,13/07/2020 14:32,https://g1.globo.com/to/tocantins/noticia/2020/07/13/prefeita-confirma-que-restricao-dos-horarios-de-funcionamento-vale-para-supermercados.ghtml
2020-06-29,limitar,Supermercados e hipermercados devem limitar entrada de clientes em Rio Preto,20/08/2020 16:09,https://g1.globo.com/sp/sao-jose-do-rio-preto-aracatuba/noticia/2020/08/20/supermercados-e-hipermercados-devem-limitar-entrada-de-clientes-em-rio-preto.ghtml
2020-06-29,preço,Procon notifica supermercados por preços abusivos de carnes em Boa Vista,24/08/2020 16:35,https://g1.globo.com/rr/roraima/noticia/2020/08/24/procon-notifica-supermercados-por-precos-abusivos-de-carnes-em-boa-vista.ghtml
2020-06-29,aumento,Supermercados de Mogi das Cruzes registram aumento de vendas on-line,20/08/2020 17:02,https://g1.globo.com/sp/mogi-das-cruzes-suzano/noticia/2020/08/20/supermercados-de-mogi-das-cruzes-registram-aumento-de-vendas-on-line.ghtml
2020-06-29,coronavírus,Coronavírus: Betim autoriza abertura de supermercados e padarias aos domingos,11/07/2020 12:03,https://g1.globo.com/mg/minas-gerais/noticia/2020/07/11/coronavirus-betim-autoriza-abertura-de-supermercados-e-padarias-aos-domingos.ghtml
2020-06-29,produto,Supermercados 'escondem' produtos não essenciais após prefeitura publicar decreto,02/07/2020 08:56,https://g1.globo.com/sp/sorocaba-jundiai/noticia/2020/07/01/supermercados-escondem-produtos-nao-essenciais-apos-prefeitura-publicar-decreto.ghtml
2020-06-29,termina,Araçoiaba da Serra determina fechamento dos supermercados aos fins de semana e feriados,01/07/2020 12:33,https://g1.globo.com/sp/sorocaba-jundiai/noticia/2020/07/01/aracoiaba-da-serra-determina-fechamento-dos-supermercados-aos-fins-de-semana-e-feriados.ghtml
2020-09-28,compra,VÍDEO: Homem tem carro roubado em estacionamento de supermercado enquanto colocava compras no veículo,30/11/2020 08:10,https://g1.globo.com/ba/bahia/noticia/2020/11/30/video-homem-tem-carro-roubado-em-estacionamento-de-supermercado-enquanto-colocava-compras-no-veiculo.ghtml
2020-09-28,prateleira,MPT-MA irá instaurar inquérito sobre desabamento de prateleiras em supermercado em São Luís,03/10/2020 18:41,https://g1.globo.com/ma/maranhao/noticia/2020/10/03/mpt-ma-instaura-inquerito-sobre-desabamento-de-prateleiras-em-supermercado-em-sao-luis.ghtml
2020-09-28,fila,Fila para vaga em supermercado dá a volta em quarteirão no Centro do Rio,16/11/2020 13:36,https://g1.globo.com/rj/rio-de-janeiro/noticia/2020/11/16/fila-para-vaga-em-supermercado-da-a-volta-em-quarteirao-no-centro-do-rio.ghtml
2020-09-28,prateleira,Desabamento de prateleiras em supermercado deixa um morto e oito feridos em São Luís,03/10/2020 14:30,https://g1.globo.com/ma/maranhao/noticia/2020/10/03/desabamento-de-prateleiras-em-supermercado-deixa-um-morto-e-oito-feridos-em-sao-luis.ghtml
2020-09-28,produto,Prateleiras com produtos desabam em supermercado e deixam um morto e feridos em São Luís; VÍDEO,16/12/2020 14:50,https://g1.globo.com/ma/maranhao/noticia/2020/10/02/estruturas-metalicas-com-produtos-desabam-e-atingem-clientes-em-supermercado-de-sao-luis.ghtml
2020-09-28,prateleira,Polícia faz perícia para investigar as causas do desabamento de prateleiras em supermercado no Maranhão,03/10/2020 21:29,https://g1.globo.com/jornal-nacional/noticia/2020/10/03/policia-faz-pericia-para-investigar-as-causas-do-desabamento-de-prateleiras-em-supermercado-no-maranhao.ghtml
2020-09-28,compra,Casal é preso após tentar fazer compras com dinheiro falso em supermercado de Boa Vista,16/10/2020 20:15,https://g1.globo.com/rr/roraima/noticia/2020/10/16/casal-e-preso-apos-tentar-fazer-compras-com-dinheiro-falso-em-supermercado-de-boa-vista.ghtml
2020-09-28,termina,Justiça determina que réu por morte de funcionária de supermercado em Araucária vá para prisão domiciliar,15/12/2020 13:57,https://g1.globo.com/pr/parana/noticia/2020/12/15/justica-determina-que-reu-por-morte-de-funcionaria-de-supermercado-em-araucaria-va-para-prisao-domiciliar.ghtml
2020-09-28,vazia,Supermercado obriga casal negro a esvaziar bolsa para revista e encontra Bíblia em SP,30/10/2020 09:52,https://g1.globo.com/sp/sao-paulo/noticia/2020/10/29/supermercado-obriga-casal-negro-a-esvaziar-bolsa-para-revista-e-encontra-biblia-em-sp.ghtml
2020-09-28,alimento,Procon apreende mais de 90 Kg de alimentos vencidos e violados em supermercado de Manaus,13/10/2020 20:01,https://g1.globo.com/am/amazonas/noticia/2020/10/13/procon-apreende-mais-de-90-kg-de-alimentos-vencidos-e-violados-em-supermercado-de-manaus.ghtml
2020-09-28,prateleira,Jovem que morreu em desabamento de prateleiras de supermercado é sepultada em São Luís,05/10/2020 11:09,https://g1.globo.com/ma/maranhao/noticia/2020/10/04/jovem-que-morreu-em-desabamento-de-prateleiras-de-supermercado-e-sepultada-em-sao-luis.ghtml
2020-09-28,acaba,Suspeito de tentar assaltar supermercado acaba baleado após vítima reagir em Gurupi,29/10/2020 22:23,https://g1.globo.com/to/tocantins/noticia/2020/10/29/suspeito-de-tentar-assaltar-supermercado-acaba-baleado-apos-vitima-reagir-em-gurupi.ghtml
2020-09-28,compra,"Aposentada denuncia que teve compras de supermercado furtadas por motorista de aplicativo, em Goiânia",10/11/2020 10:15,https://g1.globo.com/go/goias/noticia/2020/11/06/aposentada-denuncia-que-teve-compras-de-supermercado-furtadas-por-motorista-de-aplicativo-em-goiania.ghtml
2020-09-28,aglomeração,Supermercado é interditado pela Vigilância Sanitária após registrar aglomeração em Ubatuba,23/12/2020 17:28,https://g1.globo.com/sp/vale-do-paraiba-regiao/noticia/2020/12/23/supermercado-e-interditado-pela-vigilancia-sanitaria-apos-registrar-aglomeracao-em-ubatuba.ghtml
2020-09-28,prateleira,Polícia investiga causas de desabamento de prateleiras em supermercado em São Luís,04/10/2020 10:36,https://g1.globo.com/ma/maranhao/noticia/2020/10/04/shpp-investiga-causas-de-desabamento-de-prateleiras-em-supermercado-em-sao-luis.ghtml
2020-09-28,produto,Açougueiro é preso em Araraquara após furtar e vender produtos de supermercado,03/12/2020 10:22,https://g1.globo.com/sp/sao-carlos-regiao/noticia/2020/12/03/acougueiro-e-preso-em-araraquara-apos-furtar-e-vender-produtos-de-supermercado.ghtml
2020-09-28,busca,Bombeiros fazem buscas por vítimas de desabamento de prateleiras em supermercado de São Luís,03/10/2020 08:46,https://g1.globo.com/ma/maranhao/noticia/2020/10/03/bombeiros-fazem-buscas-por-vitimas-de-desabamento-de-prateleiras-em-supermercado-de-sao-luis.ghtml
2020-09-28,aglomeração,Aglomeração é registrada durante inauguração de supermercado em Natal; veja vídeo,17/12/2020 13:19,https://g1.globo.com/rn/rio-grande-do-norte/noticia/2020/12/17/aglomeracao-e-registrada-durante-inauguracao-de-supermercado-em-natal-veja-video.ghtml
2020-09-28,prateleira,Vídeo mostra estrutura instável dias antes de prateleira cair em supermercado. Veja imagem,04/10/2020 21:22,https://g1.globo.com/fantastico/noticia/2020/10/04/video-mostra-estrutura-instavel-dias-antes-de-prateleira-cair-em-supermercado-veja-imagem.ghtml
2020-09-28,produto,Grávida quebra perna após produto cair em cima dela em supermercado de Garanhuns,08/12/2020 18:55,https://g1.globo.com/pe/caruaru-regiao/noticia/2020/12/08/gravida-quebra-perna-apos-produto-cair-em-cima-dela-em-supermercado-de-garanhuns.ghtml
2020-09-28,fila,"Homens brigam por causa de distanciamento em fila de supermercado em Santos, SP",06/10/2020 18:45,https://g1.globo.com/sp/santos-regiao/noticia/2020/10/06/homens-brigam-por-causa-de-distanciamento-em-fila-de-supermercado-em-santos-sp.ghtml
2020-09-28,compra,Escola nos EUA cria supermercado onde produtos podem ser comprados com boas ações,11/12/2020 06:00,https://g1.globo.com/olha-que-legal/noticia/2020/12/11/escola-nos-eua-cria-supermercado-onde-produtos-podem-ser-comprados-com-boas-acoes.ghtml
2020-12-28,preço,Preço do arroz sobe e pode chegar a R$ 41 nos supermercados de Palmas,14/01/2021 11:21,https://g1.globo.com/to/tocantins/noticia/2021/01/11/preco-do-arroz-sobe-e-pode-chegar-a-r-41-nos-supermercados-de-palmas.ghtml
2020-12-28,aglomerações,Sedepp solicita medidas de controle de aglomerações em supermercados de Presidente Prudente,20/02/2021 11:59,https://g1.globo.com/sp/presidente-prudente-regiao/noticia/2021/02/20/sedepp-solicita-medidas-de-controle-de-aglomeracoes-em-supermercados-de-presidente-prudente.ghtml
2020-12-28,demanda,"Fechados no confinamento, supermercados de Araraquara tem alta demanda de delivery",23/02/2021 16:25,https://g1.globo.com/sp/sao-carlos-regiao/noticia/2021/02/23/fechados-no-confinamento-supermercados-de-araraquara-tem-alta-demanda-de-delivery.ghtml
2020-12-28,produto,Mais de 70 quilos de produtos são apreendidos pelo Procon em supermercados de Manaus,25/02/2021 10:00,https://g1.globo.com/am/amazonas/noticia/2021/02/25/mais-de-70-quilos-de-alimentos-sao-apreendidos-pelo-procon-em-supermercados-de-manaus.ghtml
2020-12-28,distribuição,Projeto de lei quer tornar gratuita distribuição de sacolas em supermercados no Pará,19/02/2021 19:40,https://g1.globo.com/pa/para/noticia/2021/02/19/projeto-de-lei-quer-tornar-gratuita-distribuicao-de-sacolas-biodegradaveis-no-para.ghtml
2020-12-28,covid-19,Covid-19: Uberlândia altera funcionamento de supermercados aos domingos e atendimento por delivery,19/03/2021 20:05,https://g1.globo.com/mg/triangulo-mineiro/noticia/2021/03/19/covid-19-uberlandia-altera-funcionamento-de-supermercados-aos-domingos-e-atendimento-por-delivery.ghtml
2020-12-28,termina,Governo determina fechamento de mercados e supermercados às 20h no Estado do Piauí,17/03/2021 09:17,https://g1.globo.com/pi/piaui/noticia/2021/03/17/governo-determina-fechamento-de-mercados-e-supermercados-as-20h-no-estado-do-piaui.ghtml
2020-12-28,falta,Associação de supermercados diz que não faltarão alimentos na quarentena mais rígida no ES,26/03/2021 13:43,https://g1.globo.com/es/espirito-santo/noticia/2021/03/26/associacao-de-supermercados-diz-que-nao-faltarao-alimentos-na-quarentena-mais-rigida-no-es.ghtml
2020-12-28,fila,Supermercados e postos de Araraquara têm filas após decreto anunciar fechamento por 60 horas,20/02/2021 16:50,https://g1.globo.com/sp/sao-carlos-regiao/noticia/2021/02/20/supermercados-e-postos-de-combustiveis-de-araraquara-tem-filas-apos-decreto-de-fechamento-por-60-horas.ghtml
2020-12-28,lotam,Supermercados lotam após áudio falso em redes sociais sobre fechamento total no Amazonas,23/01/2021 18:08,https://g1.globo.com/am/amazonas/noticia/2021/01/23/supermercados-lotam-apos-audio-falso-em-redes-sociais-sobre-fechamento-total-no-amazonas.ghtml
2020-12-28,fila,"Filas em supermercados após anúncio de restrições eram previstas, diz prefeito de Ribeirão Preto",16/03/2021 20:33,https://g1.globo.com/sp/ribeirao-preto-franca/noticia/2021/03/16/filas-em-supermercados-apos-anuncio-de-restricoes-eram-previstas-diz-prefeito-de-ribeirao-preto.ghtml
2020-12-28,produto,Mais de 30 quilos de alimentos e produtos de limpeza são apreendidos em supermercados de Manaus,19/02/2021 09:33,https://g1.globo.com/am/amazonas/noticia/2021/02/19/mais-de-30-quilos-de-alimentos-e-produtos-de-limpeza-sao-apreendidos-em-supermercados-de-manaus.ghtml
2020-12-28,produto,Grupo é preso por furtar quase 90 produtos de supermercados em Leopoldina,25/03/2021 10:50,https://g1.globo.com/mg/zona-da-mata/noticia/2021/03/25/grupo-e-preso-por-furtar-quase-90-produtos-de-supermercados-em-leopoldina.ghtml
2020-12-28,covid-19,Covid-19: Prefeitura de Uberaba impõe medidas mais rígidas e fecha supermercados aos domingos,25/02/2021 16:01,https://g1.globo.com/mg/triangulo-mineiro/noticia/2021/02/25/covid-19-prefeitura-de-uberaba-impoe-medidas-mais-rigidas-e-fecha-supermercados-aos-domingos.ghtml
2020-12-28,covid-19,Covid-19: Supermercados de Igarapé na Grande BH ficam fechados nos fins de semana,20/03/2021 01:19,https://g1.globo.com/mg/minas-gerais/noticia/2021/03/19/covid-19-supermercados-de-igarape-na-grande-bh-ficam-fechados-nos-fins-de-semana.ghtml
2020-12-28,covid-19,Decreto de Florianópolis com medidas contra Covid-19 define regras para restaurantes e supermercados,07/01/2021 17:13,https://g1.globo.com/sc/santa-catarina/noticia/2021/01/07/decreto-de-florianopolis-com-medidas-contra-covid-19-define-regras-para-restaurantes-e-supermercados.ghtml
2020-12-28,preço,"Pesquisa aponta queda de 4,36% no preço do arroz em supermercados de Presidente Prudente",19/01/2021 17:42,https://g1.globo.com/sp/presidente-prudente-regiao/noticia/2021/01/19/pesquisa-aponta-queda-de-436percent-no-preco-do-arroz-em-supermercados-de-presidente-prudente.ghtml
2020-12-28,preço,Preços do tomate e da cebola estão 30% mais caros em supermercados de Presidente Prudente,12/01/2021 09:19,https://g1.globo.com/sp/presidente-prudente-regiao/noticia/2021/01/12/precos-do-tomate-e-da-cebola-estao-30percent-mais-caros-em-supermercados-de-presidente-prudente.ghtml
2020-12-28,covid-19,Funcionária de supermercado vai trabalhar com Covid-19 a pedido do chefe é denunciada por fiscal em MT,18/03/2021 12:11,https://g1.globo.com/mt/mato-grosso/noticia/2021/03/18/funcionaria-de-supermercado-vai-trabalhar-com-covid-19-a-pedido-do-chefe-e-denunciada-por-fiscal-em-mt.ghtml
2020-12-28,coronavírus,Coronavírus: Pato Branco decreta horários de funcionamento para comércio e supermercados,23/02/2021 14:07,https://g1.globo.com/pr/oeste-sudoeste/noticia/2021/02/23/coronavirus-pato-branco-decreta-horarios-de-funcionamento-para-comercio-e-supermercados.ghtml
2020-12-28,comida,Três mulheres são presas após assaltar supermercado no PA e polícia apreende comida e itens de cozinha,20/01/2021 23:29,https://g1.globo.com/pa/para/noticia/2021/01/20/tres-mulheres-sao-presas-apos-assaltar-supermercado-no-pa-e-policia-apreende-comida-e-itens-de-cozinha.ghtml
2020-12-28,produto,Startup usa rede de vizinhos para vender produtos de supermercado,28/02/2021 09:24,https://g1.globo.com/economia/pme/pequenas-empresas-grandes-negocios/noticia/2021/02/28/startup-usa-rede-de-vizinhos-para-vender-produtos-de-supermercado.ghtml
2020-12-28,interditado,Supermercado de Pirassununga é interditado e autuado em mais de R$ 5 mil por descumprir decreto na pandemia,07/03/2021 17:27,https://g1.globo.com/sp/sao-carlos-regiao/noticia/2021/03/07/supermercado-de-pirassununga-e-interditado-e-autuado-em-mais-de-r-5-mil-por-descumprir-decreto-na-pandemia.ghtml
2020-12-28,produto,Procon apreende quase duas toneladas de produtos vencidos em supermercado de Alexânia,11/02/2021 18:31,https://g1.globo.com/go/goias/noticia/2021/02/11/procon-apreende-quase-duas-toneladas-de-produtos-vencidos-em-supermercado-de-alexania.ghtml
2020-12-28,prateleira,"Prateleiras amorteceram queda de telhado de supermercado em Guaíra, SP, diz bombeiro",06/01/2021 20:09,https://g1.globo.com/sp/ribeirao-preto-franca/noticia/2021/01/06/prateleiras-amorteceram-queda-de-telhado-de-supermercado-em-guaira-sp-diz-bombeiro.ghtml
2020-12-28,alimento,Mais de 25 Kg de alimentos são apreendidos em supermercado em Manaus,24/02/2021 09:36,https://g1.globo.com/am/amazonas/noticia/2021/02/24/mais-de-25-kg-de-alimentos-sao-apreendidos-em-supermercado-em-manaus.ghtml
2020-12-28,fila,Candidatos formam fila gigante após supermercado anunciar contratação de 250 funcionários em Fernandópolis,01/03/2021 13:39,https://g1.globo.com/sp/sao-jose-do-rio-preto-aracatuba/noticia/2021/03/01/candidatos-formam-fila-gigante-apos-supermercado-anunciar-contratacao-de-250-funcionarios-em-fernandopolis.ghtml
2020-12-28,produto,Procon apreende 20kg de alimentos e produtos de limpeza em supermercado de Manaus,11/03/2021 13:31,https://g1.globo.com/am/amazonas/noticia/2021/03/11/procon-apreende-20kg-de-alimentos-e-produtos-de-limpeza-em-supermercado-de-manaus.ghtml
2020-12-28,termina,Juíza determina reconstituição do assassinato de João Alberto em supermercado de Porto Alegre,22/02/2021 19:46,https://g1.globo.com/rs/rio-grande-do-sul/noticia/2021/02/22/juiza-determina-reconstituicao-do-assassinato-de-joao-alberto-em-supermercado-de-porto-alegre.ghtml
2020-12-28,aglomeração,Prefeito de Teresina vai a inauguração de supermercado com aglomeração de pessoas; vídeo,05/02/2021 08:48,https://g1.globo.com/pi/piaui/noticia/2021/02/04/prefeito-de-teresina-vai-a-inauguracao-de-supermercado-com-aglomeracao-de-pessoas-video.ghtml
2020-12-28,interditado,Supermercado de Mogi das Cruzes é interditado por causa de incêndio,22/03/2021 09:36,https://g1.globo.com/sp/mogi-das-cruzes-suzano/noticia/2021/03/21/supermercado-de-mogi-das-cruzes-e-interditado-por-causa-de-incendio.ghtml
2020-12-28,interditado,Supermercado de Rio Preto é interditado por descumprir normas de prevenção contra a Covid-19,15/01/2021 15:04,https://g1.globo.com/sp/sao-jose-do-rio-preto-aracatuba/noticia/2021/01/15/supermercado-de-rio-preto-e-interditado-por-descumprir-normas-de-prevencao-contra-a-covid-19.ghtml
2020-12-28,compra,Viatura da PM é usada para transportar compras em supermercado de Belém; Veja o vídeo,04/02/2021 09:53,https://g1.globo.com/pa/para/noticia/2021/02/04/viatura-da-pm-e-usada-para-transportar-compras-em-supermercado-de-belem-veja-o-video.ghtml
2020-12-28,compra,"Morre idosa que levou facada enquanto fazia compras em supermercado de Valparaíso de Goiás, diz delegado",04/02/2021 21:18,https://g1.globo.com/go/goias/noticia/2021/02/04/idosa-esfaqueada-dentro-de-supermercado-atacadista-de-valparaiso-de-goias-morre-em-hospital-diz-delegado.ghtml
2020-12-28,alimento,Alimentos armazenados de forma incorreta e com validade vencida são encontrados em supermercado de Patos de Minas,19/01/2021 12:38,https://g1.globo.com/mg/triangulo-mineiro/noticia/2021/01/19/alimentos-armazenados-de-forma-incorreta-e-com-validade-vencida-sao-encontrados-em-supermercado-de-patos-de-minas.ghtml
2020-12-28,correria,Tentativa de assalto gera correria dentro de supermercado e suspeito é preso com arma falsa em Natal,06/02/2021 12:39,https://g1.globo.com/rn/rio-grande-do-norte/noticia/2021/02/06/tentativa-de-assalto-gera-correria-dentro-de-supermercado-e-suspeito-e-preso-com-arma-falsa-em-natal.ghtml
2020-12-28,busca,"Centenas de candidatos formam fila em busca de vagas de emprego em novo supermercado, em Ponta Grossa",27/01/2021 15:02,https://g1.globo.com/pr/campos-gerais-sul/noticia/2021/01/27/centenas-de-candidatos-formam-fila-em-busca-de-vagas-de-emprego-em-novo-supermercado-em-ponta-grossa.ghtml
2020-12-28,acaba,Homem quebra cautelar da justiça e acaba detido pela PM quando fazia compras em supermercado em Santarém,22/01/2021 18:54,https://g1.globo.com/pa/santarem-regiao/noticia/2021/01/22/homem-quebra-cautelar-da-justica-e-acaba-detido-pela-pm-quando-fazia-compras-em-supermercado-em-santarem.ghtml
2020-12-28,fila,"Centenas de pessoas formam fila para tentar vagas em rede de supermercado, em Rolândia",26/01/2021 17:33,https://g1.globo.com/pr/norte-noroeste/noticia/2021/01/26/centenas-de-pessoas-formam-fila-para-tentar-vagas-em-rede-de-supermercado-em-rolandia.ghtml
2021-03-29,alimento,Campanha arrecada alimentos em parceria com supermercados de Paraguaçu Paulista,26/04/2021 09:39,https://g1.globo.com/sp/bauru-marilia/noticia/2021/04/26/campanha-arrecada-alimentos-em-parceria-com-supermercados-de-paraguacu-paulista.ghtml
2021-03-29,preço,Pesquisa aponta variação de preço de até 207% em supermercados de Vitória,05/05/2021 13:10,https://g1.globo.com/es/espirito-santo/noticia/2021/05/04/pesquisa-aponta-variacao-de-preco-de-ate-207percent-em-supermercados-de-vitoria.ghtml
2021-03-29,preço,Pesquisa aponta variação de preço de até 300% em supermercados de Vitória,22/04/2021 13:28,https://g1.globo.com/es/espirito-santo/noticia/2021/04/22/pesquisa-aponta-variacao-de-preco-de-ate-300percent-em-supermercados-de-vitoria.ghtml
2021-03-29,pandemia,Pandemia: governo do DF amplia horário de funcionamento de supermercados e lanchonetes,21/06/2021 17:11,https://g1.globo.com/df/distrito-federal/noticia/2021/06/21/pandemia-governo-do-df-amplia-horario-de-funcionamento-de-supermercados-e-lanchonetes.ghtml
2021-03-29,fila,"Moradores de Franca, SP, formam filas em supermercados após prefeito decretar 'lockdown'",25/05/2021 11:50,https://g1.globo.com/sp/ribeirao-preto-franca/noticia/2021/05/25/moradores-de-franca-sp-formam-filas-em-supermercados-apos-prefeito-decretar-lockdown.ghtml
2021-03-29,restrição,"Supermercados contratam entregadores para período de restrição em Ribeirão Preto, SP",26/05/2021 19:58,https://g1.globo.com/sp/ribeirao-preto-franca/noticia/2021/05/26/supermercados-contratam-entregadores-para-periodo-de-restricao-em-ribeirao-preto-sp.ghtml
2021-03-29,coronavírus,"Coronavírus: Maringá autoriza supermercados, padarias e açougues a abrirem no sábado (3)",01/04/2021 15:07,https://g1.globo.com/pr/norte-noroeste/noticia/2021/04/01/coronavirus-maringa-autoriza-supermercados-padarias-e-acougues-a-abrirem-no-sabado-3.ghtml
2021-03-29,produto,142 quilos de produtos impróprios para consumo são apreendidos em supermercados de Manaus,04/05/2021 10:00,https://g1.globo.com/am/amazonas/noticia/2021/05/04/142-quilos-de-produtos-improprios-para-consumo-sao-apreendidos-em-supermercados-de-manaus.ghtml
2021-03-29,comida,Comércio eletrônico: comida por delivery e supermercados são categorias que mais crescem na pandemia,26/05/2021 07:49,https://g1.globo.com/economia/noticia/2021/05/26/comercio-eletronico-comida-por-delivery-e-supermercados-sao-categorias-que-mais-crescem-na-pandemia.ghtml
2021-03-29,fila,Supermercados e lojas com produtos de Páscoa registram filas na véspera de feriado em Varginha,01/04/2021 21:33,https://g1.globo.com/mg/sul-de-minas/noticia/2021/04/01/supermercados-e-lojas-com-produtos-de-pascoa-registram-filas-na-vespera-de-feriado-em-varginha.ghtml
2021-03-29,covid-19,Covid-19: Campo Mourão fechará supermercados e comércio a partir de quinta (27),25/05/2021 10:27,https://g1.globo.com/pr/norte-noroeste/noticia/2021/05/25/covid-19-campo-mourao-fechara-supermercados-e-comercio-a-partir-de-quinta-27.ghtml
2021-03-29,fila,"Após registrarem filas e aglomeração, supermercados de Altamira são proibidos de funcionar até domingo",02/04/2021 18:21,https://g1.globo.com/pa/para/noticia/2021/04/02/apos-registrarem-filas-e-aglomeracao-supermercados-de-altamira-sao-proibidos-de-funcionar-ate-domingo.ghtml
2021-03-29,preço,Procon aponta variação de até 190% no preço de itens em supermercados de Vitória,04/06/2021 08:11,https://g1.globo.com/es/espirito-santo/noticia/2021/06/03/pesquisa-aponta-variacao-de-ate-190percent-no-preco-de-itens-em-supermercados-de-vitoria.ghtml
2021-03-29,aglomeração,"Após denúncias de aglomeração, supermercados são fiscalizados em Manaus",01/04/2021 09:15,https://g1.globo.com/am/amazonas/noticia/2021/04/01/apos-denuncias-de-aglomeracao-supermercados-sao-fiscalizados-em-manaus.ghtml
2021-03-29,fila,"Após fim do confinamento em Franca, SP, moradores formam filas em bancos e supermercados",11/06/2021 16:30,https://g1.globo.com/sp/ribeirao-preto-franca/noticia/2021/06/11/apos-fim-do-confinamento-em-franca-sp-moradores-formam-filas-em-bancos-e-supermercados.ghtml
2021-03-29,preço,"Supermercado é multado em mais de R$ 240 mil por expor produtos sem preço, sem validade e com embalagens violadas, em Maringá",11/04/2021 15:01,https://g1.globo.com/pr/norte-noroeste/noticia/2021/04/11/supermercado-e-multado-em-mais-de-r-240-mil-por-expor-produtos-sem-preco-sem-validade-e-com-embalagens-violadas-em-maringa.ghtml
2021-03-29,produto,Procon apreende mais de 50 quilos de produtos em supermercado de Manaus,11/06/2021 10:39,https://g1.globo.com/am/amazonas/noticia/2021/06/11/procon-apreende-mais-de-50-quilos-de-produtos-em-supermercado-de-manaus.ghtml
2021-03-29,produto,"Procon apreende 44,5 quilos de alimentos e 26,3 litros de produtos de limpeza em supermercado em Manaus",06/05/2021 11:31,https://g1.globo.com/am/amazonas/noticia/2021/05/06/procon-apreende-445-quilos-de-alimentos-e-263-litros-de-produtos-de-limpeza-em-supermercado-em-manaus.ghtml
2021-03-29,covid-19,Técnico é denunciado por furtar doses de vacina contra Covid-19 em Goiânia e vendê-las na porta de supermercado,01/05/2021 16:00,https://g1.globo.com/go/goias/noticia/2021/05/01/tecnico-e-denunciado-por-furtar-doses-de-vacina-contra-covid-19-em-goiania-e-vende-las.ghtml
2021-03-29,compra,Supermercado online em Goiânia: faça suas compras sem sair de casa,11/06/2021 11:16,https://g1.globo.com/go/goias/especial-publicitario/bretas/noticia/2021/06/11/supermercado-online-em-goiania-faca-suas-compras-sem-sair-de-casa.ghtml
2021-03-29,produto,Produtos vencidos são encontrados à venda pelo Procon em supermercado de Ituiutaba,12/05/2021 19:42,https://g1.globo.com/mg/triangulo-mineiro/noticia/2021/05/12/produtos-vencidos-sao-encontrados-a-venda-pelo-procon-em-supermercado-de-ituiutaba.ghtml
2021-03-29,alimento,Moradores pegam alimentos após incêndio em depósito de supermercado em Boa Vista,05/06/2021 17:52,https://g1.globo.com/rr/roraima/noticia/2021/06/05/moradores-pegam-alimentos-apos-incendio-em-deposito-de-supermercado-em-boa-vista.ghtml
2021-03-29,covid-19,Supermercado suspende atendimento em São Manuel após surto de Covid-19 em funcionários,24/05/2021 11:42,https://g1.globo.com/sp/bauru-marilia/noticia/2021/05/24/supermercado-suspende-atendimento-em-sao-manuel-apos-surto-de-covid-19-em-funcionarios.ghtml
2021-03-29,interditado,Supermercado é interditado em Araraquara após 6 funcionários testarem positivo para Covid-19,24/04/2021 10:22,https://g1.globo.com/sp/sao-carlos-regiao/noticia/2021/04/24/supermercado-e-interditado-em-araraquara-apos-6-funcionarios-testarem-positivo-para-covid-19.ghtml
2021-03-29,produto,Mulheres são presas após tentarem furtar produtos de supermercado em Rio Preto,30/04/2021 10:47,https://g1.globo.com/sp/sao-jose-do-rio-preto-aracatuba/noticia/2021/04/30/mulheres-sao-presas-apos-tentarem-furtar-produtos-de-supermercado-em-rio-preto.ghtml
2021-03-29,produto,Mais de 45 quilos de alimentos e produtos de limpeza são apreendidos em supermercado Manaus,12/06/2021 12:25,https://g1.globo.com/am/amazonas/noticia/2021/06/12/mais-de-45-quilos-de-alimentos-e-produtos-de-limpeza-sao-apreendidos-em-supermercado-manaus.ghtml
2021-03-29,produto,Procon apreende mais de 40 Kg de produtos fora da validade em supermercado em Manaus,26/04/2021 20:44,https://g1.globo.com/am/amazonas/noticia/2021/04/26/procon-apreende-mais-de-40-kg-de-produtos-fora-da-validade-em-supermercado-em-manaus.ghtml
2021-03-29,defesa civil,Defesa Civil de Paulínia faz vistoria em supermercado destruído por incêndio e interdita casa vizinha,14/06/2021 13:01,https://g1.globo.com/sp/campinas-regiao/noticia/2021/06/14/defesa-civil-de-paulinia-faz-vistoria-em-supermercado-destruido-por-incendio-e-interdita-casa-vizinha.ghtml
2021-03-29,produto,Procon apreende mais de 50 quilos de alimentos e produtos de limpeza em supermercado de Manaus,21/05/2021 13:34,https://g1.globo.com/am/amazonas/noticia/2021/05/21/procon-apreende-mais-de-50-quilos-de-alimentos-e-produtos-de-limpeza-em-supermercado-de-manaus.ghtml
2021-03-29,fila,"Réu é condenado por matar vítima a tiros em discussão na fila de supermercado, no PA",25/06/2021 06:56,https://g1.globo.com/pa/para/noticia/2021/06/25/reu-e-condenado-por-matar-vitima-a-tiros-em-discussao-na-fila-de-supermercado-no-pa.ghtml
2021-03-29,prateleira,MP e empresa firmam acordo para indenizar vítimas de desabamento de prateleiras de supermercado no MA,29/04/2021 17:11,https://g1.globo.com/ma/maranhao/noticia/2021/04/29/mp-e-empresa-firmam-acordo-para-indenizar-vitimas-de-desabamento-de-prateleiras-de-supermercado-no-ma.ghtml
2021-03-29,covid-19,Supermercado de São Carlos suspende atendimento após 16 casos de Covid-19 entre funcionários,15/06/2021 14:32,https://g1.globo.com/sp/sao-carlos-regiao/noticia/2021/06/11/supermercado-de-sao-carlos-suspende-atendimento-apos-casos-de-covid-19-entre-funcionarios.ghtml
2021-06-28,produto,"Mais de 3,2 mil produtos vencidos são apreendidos em supermercados; alguns venceram há mais de um ano",10/09/2021 17:48,https://g1.globo.com/to/tocantins/noticia/2021/09/10/mais-de-32-mil-produtos-vencidos-sao-apreendidos-em-supermercados-alguns-venceram-ha-mais-de-um-ano.ghtml
2021-06-28,alimento,O que você não sabia sobre versatilidade de alimentos em supermercados,24/09/2021 10:41,https://g1.globo.com/sp/vale-do-paraiba-regiao/especial-publicitario/rede-hakuo-de-supermercados/rede-hakuo/noticia/2021/09/23/o-que-voce-nao-sabia-sobre-versatilidade-de-alimentos-em-supermercados.ghtml
2021-06-28,produto,Denúncias de produtos fora da validade em supermercados triplicam no AM,17/08/2021 21:04,https://g1.globo.com/am/amazonas/noticia/2021/08/17/denuncias-de-produtos-fora-da-validade-em-supermercados-triplicam-no-am.ghtml
2021-06-28,covid-19,Covid-19: Maringá reduz toque de recolher e libera supermercados aos domingos,06/08/2021 11:00,https://g1.globo.com/pr/norte-noroeste/noticia/2021/08/06/covid-19-maringa-reduz-toque-de-recolher-e-libera-supermercados-aos-domingos.ghtml
2021-06-28,covid-19,Covid-19: Londrina autoriza abertura de supermercados e hipermercados durante 24 horas,20/07/2021 16:04,https://g1.globo.com/pr/norte-noroeste/noticia/2021/07/20/covid-19-londrina-funcionamento-de-supermercados-e-hipermercados-durante-24-horas.ghtml
2021-06-28,interditada,Sete balanças de pesagem são interditadas em supermercados de João Pessoa em operação,13/08/2021 14:52,https://g1.globo.com/pb/paraiba/noticia/2021/08/13/sete-balancas-de-pesagem-sao-interditadas-em-supermercados-de-joao-pessoa-em-operacao.ghtml
2021-06-28,limitar,Supermercados são notificados pelo Procon por limitarem compra de carnes e enlatados em Fortaleza,19/08/2021 20:34,https://g1.globo.com/ce/ceara/noticia/2021/08/19/mercados-sao-notificados-pelo-procon-por-limitarem-compra-de-carnes-e-enlatados-em-fortaleza.ghtml
2021-06-28,preço,"Confira supermercados de Fortaleza com os preços mais baixos de arroz, feijão, carne e ovos",01/09/2021 16:05,https://g1.globo.com/ce/ceara/noticia/2021/09/01/confira-supermercados-de-fortaleza-com-os-precos-mais-baixos-de-arroz-feijao-carne-e-ovos.ghtml
2021-06-28,preço,Preço do tomate tem variação de 100% e chega a quase R$ 7 nos supermercados de Palmas,25/07/2021 16:43,https://g1.globo.com/to/tocantins/noticia/2021/07/25/preco-do-tomate-tem-variacao-de-100percent-e-chega-a-quase-r-7-nos-supermercados-de-palmas.ghtml
2021-06-28,alimento,TV Integração arrecada alimentos e agasalhos no Circuito Junino 2021 em Juiz de Fora; veja onde doar,28/06/2021 17:31,https://g1.globo.com/mg/zona-da-mata/noticia/2021/06/28/tv-integracao-arrecada-alimentos-e-agasalhos-no-circuito-junino-2021-m-juiz-de-fora-veja-onde-doar.ghtml
2021-06-28,preço,"Preços de frutas e legumes podem variar até 207% em supermercados de Fortaleza, aponta pesquisa do Procon",27/07/2021 19:09,https://g1.globo.com/ce/ceara/noticia/2021/07/27/precos-de-frutas-e-legumes-podem-variar-ate-207percent-em-supermercados-de-fortaleza-aponta-pesquisa-do-procon.ghtml
2021-06-28,aumento,Consumidores do Alto Tietê usam estratégias para driblar aumentos para manter consumo de carnes,26/08/2021 16:01,https://g1.globo.com/sp/mogi-das-cruzes-suzano/noticia/2021/08/26/consumidores-do-alto-tiete-usam-estrategias-para-driblar-aumentos-para-manter-consumo-de-carnes.ghtml
2021-06-28,alimento,Mais de 400 kg de alimentos são confiscados durante ação de vistoria do Procon em Juiz de Fora; sete supermercados foram autuados,20/09/2021 16:56,https://g1.globo.com/mg/zona-da-mata/noticia/2021/09/20/mais-de-400-kg-de-alimentos-sao-confiscados-durante-acao-de-vistoria-do-procon-em-juiz-de-fora-sete-supermercados-foram-autuados.ghtml
2021-06-28,preço,"Preços nos supermercados de Fortaleza variam até 216% em agosto; esponja de aço, cenoura e laranja estão no topo da lista",31/08/2021 21:49,https://g1.globo.com/ce/ceara/noticia/2021/08/31/precos-nos-supermercados-de-fortaleza-variam-ate-216percent-esponja-de-aco-cenoura-e-laranja-estao-no-topo-da-lista.ghtml
2021-06-28,preço,Alta nos preços faz consumidores do Alto Tietê procurarem alternativas para manter a alimentação,08/09/2021 11:28,https://g1.globo.com/sp/mogi-das-cruzes-suzano/noticia/2021/09/08/alta-nos-precos-faz-consumidores-do-alto-tiete-procurarem-alternativas-para-manter-a-alimentacao.ghtml
2021-06-28,produto,Feira livre com produtos da agricultura familiar é inaugurada no Centro Político Administrativo em Cuiabá,16/09/2021 14:53,https://g1.globo.com/mt/mato-grosso/noticia/2021/09/16/feira-livre-com-produtos-da-agricultura-familiar-e-inaugurada-no-centro-politico-administrativo-em-cuiaba.ghtml
2021-06-28,alimento,"Com campanha para arrecadar doações de alimentos não perecíveis, PRF divulga novos pontos de coleta",18/07/2021 19:13,https://g1.globo.com/ms/mato-grosso-do-sul/noticia/2021/07/18/prf-lanca-campanha-para-arrecadar-doacoes-de-alimentos-nao-pereciveis-em-ms.ghtml
2021-06-28,aumento,Carne mais cara no supermercado: alta no custo da criação dos bois é sentida no Paraná e ajuda explicar aumento,11/07/2021 07:25,https://g1.globo.com/pr/parana/caminhos-do-campo/noticia/2021/07/11/carne-mais-cara-no-supermercado-alta-no-custo-da-criacao-dos-bois-e-sentida-no-parana-e-ajuda-explicar-aumento.ghtml
2021-06-28,preço,"Influenciado por seca, preço do café sobe nos supermercados e pode ter mais reajustes em Ribeirão Preto",08/08/2021 17:59,https://g1.globo.com/sp/ribeirao-preto-franca/noticia/2021/08/08/influenciado-por-seca-preco-do-cafe-sobe-nos-supermercados-e-pode-ter-mais-reajustes-em-ribeirao-preto.ghtml
2021-06-28,compra,Funcionário com Covid-19 é demitido após ir ao supermercado onde trabalhava para fazer compras durante o isolamento em MT,03/09/2021 19:42,https://g1.globo.com/mt/mato-grosso/noticia/2021/09/03/funcionario-com-covid-19-e-demitido-apos-ir-ao-supermercado-onde-trabalhava-para-fazer-compras-durante-o-isolamento-em-mt.ghtml
2021-06-28,produto,Mais de 40 quilos de produtos são apreendidos em supermercado na zona sul de Manaus,24/08/2021 16:21,https://g1.globo.com/am/amazonas/noticia/2021/08/24/mais-de-40-quilos-de-produtos-sao-apreendidos-em-supermercado-na-zona-sul-de-manaus.ghtml
2021-06-28,compra,Servidor da prefeitura é suspeito de fraude na compra de cestas básicas para favorecer o próprio supermercado em Itapaci,01/09/2021 13:31,https://g1.globo.com/go/goias/noticia/2021/09/01/servidor-da-prefeitura-e-suspeito-fraude-na-compra-de-cestas-basicas-para-de-favorecer-o-proprio-supermercado-em-itapaci.ghtml
2021-06-28,compra,'Vim aqui pra comprar e me chamam de ladrão'; vídeo mostra homem negro sem roupa em supermercado de Limeira,09/08/2021 19:48,https://g1.globo.com/sp/piracicaba-regiao/noticia/2021/08/09/video-mostra-homem-tirando-parte-da-roupa-em-supermercado-de-limeira-caso-foi-registrado-como-constrangimento.ghtml
2021-06-28,produto,Produtos impróprios para o consumo são apreendidos em supermercado de Manaus,31/08/2021 14:29,https://g1.globo.com/am/amazonas/noticia/2021/08/31/produtos-improprios-para-o-consumo-sao-apreendidos-em-supermercado-de-manaus.ghtml
2021-06-28,produto,Procon autua supermercado em Uberaba por venda de produtos impróprios para consumo,19/08/2021 15:16,https://g1.globo.com/mg/triangulo-mineiro/noticia/2021/08/19/procon-autua-supermercado-em-uberaba-por-venda-de-produtos-improprios-para-consumo.ghtml
2021-06-28,compra,Supermercado em Goiânia oferece até 50% de desconto em delivery de compras,06/09/2021 15:38,https://g1.globo.com/go/goias/especial-publicitario/supermercado-bretas/noticia/2021/09/06/supermercado-em-goiania-oferece-ate-50percent-de-desconto-em-delivery-de-compras.ghtml
2021-06-28,produto,Procon apreende mais de 100 Kg de produtos em supermercado de Manaus,15/07/2021 10:53,https://g1.globo.com/am/amazonas/noticia/2021/07/15/procon-apreende-mais-de-100-kg-de-produtos-em-supermercado-de-manaus.ghtml
2021-06-28,produto,60 quilos de produtos são apreendidos pelo Procon em supermercado de Manaus,20/08/2021 10:17,https://g1.globo.com/am/amazonas/noticia/2021/08/20/60-quilos-de-produtos-sao-apreendidos-pelo-procon-em-supermercado-de-manaus.ghtml
2021-06-28,alimento,Procon apreende mais de 790 quilos de alimentos em supermercado de Manaus,04/09/2021 13:27,https://g1.globo.com/am/amazonas/noticia/2021/09/04/procon-apreende-mais-de-790-quilos-de-alimentos-em-supermercado-de-manaus.ghtml
2021-06-28,produto,Mais de 50 quilos de produtos são apreendidos em supermercado de shopping em Manaus,29/06/2021 09:12,https://g1.globo.com/am/amazonas/noticia/2021/06/29/mais-de-50-quilos-de-produtos-sao-apreendidos-em-supermercado-de-shopping-em-manaus.ghtml
2021-06-28,interditado,Supermercado de São Carlos é interditado após 10 funcionários testarem positivo para Covid-19,13/07/2021 16:47,https://g1.globo.com/sp/sao-carlos-regiao/noticia/2021/07/13/supermercado-de-sao-carlos-e-interditado-apos-10-funcionarios-testarem-positivo-para-covid-19.ghtml
2021-06-28,prateleira,Mulher encontra cobra em prateleira de supermercado na Austrália,19/08/2021 05:23,https://g1.globo.com/mundo/noticia/2021/08/19/mulher-encontra-cobra-em-prateleira-de-supermercado-na-australia.ghtml
2021-06-28,compra,"VÍDEO: Cliente fica preso em supermercado por mais de 3h, após fazer compras em Salvador",01/09/2021 14:36,https://g1.globo.com/ba/bahia/noticia/2021/09/01/video-cliente-fica-preso-em-mercado-por-mais-de-3h-apos-fazer-compras-em-salvador.ghtml
2021-06-28,alimento,Procon apreende mais de 50 kg de alimentos impróprios para consumo em supermercado do ES,27/08/2021 07:53,https://g1.globo.com/es/espirito-santo/noticia/2021/08/26/procon-apreende-mais-de-50-quilos-de-alimentos-improprios-para-consumo-em-supermercado-do-es.ghtml
2021-06-28,termina,Tentativa de roubo a caminhão com carga de supermercado termina em perseguição policial na Av. Paulista,11/09/2021 14:47,https://g1.globo.com/sp/sao-paulo/noticia/2021/09/11/tentativa-de-roubo-a-caminhao-com-carga-de-supermercado-termina-em-perseguicao-policial-na-av-paulista.ghtml
2021-06-28,produto,Procon apreende mais de 80 Kg de alimentos e produtos de limpeza vencidos em supermercado de Manaus,09/07/2021 20:59,https://g1.globo.com/am/amazonas/noticia/2021/07/09/procon-apreende-mais-de-80-kg-de-alimentos-e-produtos-de-limpeza-vencidos-em-supermercado-de-manaus.ghtml
2021-06-28,falta,"Supermercado em Campos, RJ, é autuado após flagrante de alimentos impróprios para consumo e falta de higiene",15/09/2021 20:11,https://g1.globo.com/rj/norte-fluminense/noticia/2021/09/15/supermercado-em-campos-rj-e-autuado-apos-flagrante-de-alimentos-improprios-para-consumo-e-falta-de-hiegene.ghtml
2021-06-28,temporal,"Cobertura de supermercado cai sobre carros, hospitais alagam e bairros ficam sem energia durante temporal no AC; vídeos",24/09/2021 20:01,https://g1.globo.com/ac/acre/noticia/2021/09/24/vendaval-derruba-arvores-desaba-cobertura-de-supermercado-alaga-salas-no-ps-e-deixa-alguns-bairros-sem-energia-em-rio-branco.ghtml
2021-06-28,covid-19,Clientes de supermercado agridem fiscais da Prefeitura durante fiscalização de normas contra a Covid-19 em Santa Vitória,27/07/2021 13:00,https://g1.globo.com/mg/triangulo-mineiro/noticia/2021/07/27/clientes-agridem-fiscais-da-prefeitura-durante-fiscalizacao-de-normas-contra-a-covid-19-em-supermercado-de-santa-vitoria.ghtml
2021-06-28,falta,"Supermercado é interditado por falta de higiene e outras irregularidades sanitárias em Campos, no RJ",29/07/2021 21:31,https://g1.globo.com/rj/norte-fluminense/noticia/2021/07/29/supermercado-e-interditado-por-falta-de-higiene-e-outras-irregularidades-sanitarias-em-campos-no-rj.ghtml
2021-09-27,busca,"Consumidores buscam carnes e itens da cesta básica na Black Friday dos supermercados de Ribeirão Preto, SP",20/11/2021 14:01,https://g1.globo.com/sp/ribeirao-preto-franca/noticia/2021/11/20/consumidores-buscam-carnes-e-itens-da-cesta-basica-na-black-friday-dos-supermercados-de-ribeirao-preto-sp.ghtml
2021-09-27,produto,Supermercados devem destacar data de validade de produtos em promoção,09/12/2021 10:05,https://g1.globo.com/pr/parana/especial-publicitario/assembleia-legislativa-do-parana/momento-assembleia-parana/noticia/2021/12/09/supermercados-devem-destacar-data-de-validade-de-produtos-em-promocao.ghtml
2021-09-27,dispara,Preço dos produtos da ceia de Natal dispara nos supermercados de Palmas,25/11/2021 18:44,https://g1.globo.com/to/tocantins/noticia/2021/11/25/preco-dos-produtos-da-ceia-de-natal-dispara-nos-supermercados-de-palmas.ghtml
2021-09-27,alimento,Cadastro da PBH monta banco de alimentos que seriam descartados por supermercados,07/10/2021 06:54,https://g1.globo.com/mg/minas-gerais/noticia/2021/10/07/cadastro-da-pbh-monta-banco-de-alimentos-que-seriam-descartados-por-supermercados.ghtml
2021-09-27,covid-19,Vacinação contra Covid-19 e gripe segue sendo realizada em supermercados de Palmas,25/11/2021 08:13,https://g1.globo.com/to/tocantins/noticia/2021/11/25/vacinacao-contra-covid-19-e-gripe-segue-sendo-realizada-em-supermercados-de-palmas.ghtml
2021-09-27,preço,"Preço do café sobe e chega a R$ 7,49 nos supermercados de Palmas",18/10/2021 09:31,https://g1.globo.com/to/tocantins/noticia/2021/10/18/preco-do-cafe-sobe-e-chega-a-r-749-nos-supermercados-de-palmas.ghtml
2021-09-27,preço,Aplicativo ajuda consumidores a encontrarem ofertas e preços mais baixos em supermercados do Ceará,05/10/2021 23:17,https://g1.globo.com/ce/ceara/noticia/2021/10/05/aplicativo-ajuda-consumidores-a-encontrarem-ofertas-e-precos-mais-baixos-em-supermercados-do-ceara.ghtml
2021-09-27,preço,"Preço de produtos nos supermercados de Fortaleza pode chegar a R$ 710, diz Procon",26/10/2021 21:49,https://g1.globo.com/ce/ceara/noticia/2021/10/26/preco-de-cesta-basica-nos-supermercados-de-fortaleza-pode-chegar-a-r-710-diz-procon.ghtml
2021-09-27,preço,"Com deflação de 3,93%, preço da cesta básica chega a R$ 872,90 em supermercados de Presidente Prudente",10/12/2021 14:14,https://g1.globo.com/sp/presidente-prudente-regiao/noticia/2021/12/10/com-deflacao-de-393percent-preco-da-cesta-basica-chega-a-r-87290-em-supermercados-de-presidente-prudente.ghtml
2021-09-27,produto,Produtos da ceia de Natal são vendidos com variação de até 184% nos supermercados de Palmas,15/12/2021 15:36,https://g1.globo.com/to/tocantins/noticia/2021/12/15/produtos-da-ceia-de-natal-sao-vendidos-com-variacao-de-ate-184percent-nos-supermercados-de-palmas.ghtml
2021-09-27,compra,Alteração na lei que proíbe supermercados de conferir compras de clientes após o pagamento é aprovada em Uberlândia,16/11/2021 11:45,https://g1.globo.com/mg/triangulo-mineiro/noticia/2021/11/12/alteracao-na-lei-que-proibe-supermercados-de-conferir-compras-de-clientes-apos-o-pagamento-e-aprovada-em-uberlandia.ghtml
2021-09-27,covid-19,Rio Branco tem vacinação contra a Covid-19 em unidades de saúde e supermercados neste sábado (2),01/10/2021 21:12,https://g1.globo.com/ac/acre/noticia/2021/10/01/rio-branco-tem-vacinacao-contra-a-covid-19-em-unidades-de-saude-e-supermercados-neste-sabado-2.ghtml
2021-09-27,alimento,Quatro homens são presos suspeitos de desviar alimentos estragados de supermercados de BH para revender,01/10/2021 12:37,https://g1.globo.com/mg/minas-gerais/noticia/2021/10/01/quatro-homens-sao-presos-suspeitos-de-desviar-alimentos-estragados-de-supermercados-de-bh-para-revender.ghtml
2021-09-27,covid-19,"Saúde espera vacinar mais de 3,4 mil pessoas contra Covid-19 durante ação em supermercados de Rio Branco",02/10/2021 12:39,https://g1.globo.com/ac/acre/noticia/2021/10/02/saude-espera-vacinar-mais-de-34-mil-pessoas-contra-covid-19-durante-acao-em-supermercados-de-rio-branco.ghtml
2021-09-27,preço,"Cenoura, pimentão e cebola são os itens com maior variação de preço nos supermercados de Fortaleza, diz Procon",29/09/2021 17:46,https://g1.globo.com/ce/ceara/noticia/2021/09/29/cenoura-pimentao-e-cebola-sao-os-itens-com-maior-variacao-de-preco-nos-supermercados-de-fortaleza-diz-procon.ghtml
2021-09-27,alimento,Telespectadora flagra alimentos sendo jogados fora em caminhão de lixo em Belo Horizonte,08/10/2021 08:58,https://g1.globo.com/mg/minas-gerais/noticia/2021/10/08/telespectadora-flagra-alimentos-sendo-jogados-fora-em-caminhao-de-lixo-em-belo-horizonte.ghtml
2021-09-27,comida,"'Não havia crime', diz juiz que absolveu acusados por furto de comida vencida descartada por supermercado no RS",28/10/2021 19:30,https://g1.globo.com/rs/rio-grande-do-sul/noticia/2021/10/28/nao-havia-crime-diz-juiz-que-absolveu-acusados-por-furto-de-comida-vencida-descartada-por-supermercado-no-rs.ghtml
2021-09-27,preço,Preços de produtos para ceia de Natal variam até 207% em supermercados de Campinas,21/12/2021 17:30,https://g1.globo.com/sp/campinas-regiao/noticia/2021/12/21/precos-de-produtos-para-ceia-de-natal-variam-ate-207percent-em-supermercados-de-campinas.ghtml
2021-09-27,comida,"Desempregado pede comida a cliente de supermercado, história viraliza na web e homem consegue trabalho no RN",17/11/2021 09:00,https://g1.globo.com/rn/rio-grande-do-norte/noticia/2021/11/17/desempregado-pede-comida-para-cliente-de-supermercado-historia-viraliza-na-web-e-homem-consegue-trabalho-no-rn.ghtml
2021-09-27,fila,Mulher é agredida a socos e chutes na fila de caixa de supermercado na Serra do RS; VÍDEO,29/11/2021 19:50,https://g1.globo.com/rs/rio-grande-do-sul/noticia/2021/11/29/mulher-e-agredida-a-socos-e-chutes-na-fila-de-caixa-de-supermercado-na-serra-do-rs-video.ghtml
2021-09-27,medo,"Vídeo mostra clientes saindo de supermercado que pegou fogo em Florianópolis: 'Medo que ia explodir', diz moradora",23/12/2021 19:36,https://g1.globo.com/sc/santa-catarina/noticia/2021/12/23/video-mostra-clientes-deixando-supermercado-apos-inicio-de-incendio-em-sc-medo-que-ia-explodir-diz-moradora.ghtml
2021-09-27,busca,"Pessoas cercam lixo de supermercado em busca de comida em BH; 'vergonha é roubar', diz uma delas",08/10/2021 22:16,https://g1.globo.com/mg/minas-gerais/noticia/2021/10/08/pessoas-cercam-lixo-de-supermercado-em-busca-de-comida-em-bh-vergonha-e-roubar-pedir-e-esperar-nao-e-vergonha.ghtml
2021-09-27,compra,"Do supermercado à cafeteria, saiba como usar pontos nas suas compras",28/10/2021 18:16,https://g1.globo.com/sp/especial-publicitario/livelo/noticia/2021/10/28/do-supermercado-a-cafeteria-saiba-como-usar-pontos-nas-suas-compras.ghtml
2021-09-27,compra,"Do supermercado à cafeteria, saiba como usar pontos nas suas compras",28/10/2021 18:20,https://g1.globo.com/rs/rio-grande-do-sul/especial-publicitario/livelo/noticia/2021/10/28/do-supermercado-a-cafeteria-saiba-como-usar-pontos-nas-suas-compras.ghtml
2021-09-27,compra,"Do supermercado à cafeteria, saiba como usar pontos nas suas compras",28/10/2021 18:23,https://g1.globo.com/pe/pernambuco/especial-publicitario/livelo/noticia/2021/10/28/do-supermercado-a-cafeteria-saiba-como-usar-pontos-nas-suas-compras.ghtml
2021-09-27,compra,"Do supermercado à cafeteria, saiba como usar pontos nas suas compras",28/10/2021 18:21,https://g1.globo.com/ba/bahia/especial-publicitario/livelo/noticia/2021/10/28/do-supermercado-a-cafeteria-saiba-como-usar-pontos-nas-suas-compras.ghtml
2021-09-27,limitar,Justiça proíbe supermercado de limitar ida de funcionários ao banheiro em MT,02/12/2021 15:01,https://g1.globo.com/mt/mato-grosso/noticia/2021/12/02/justica-proibe-supermercado-de-limitar-ida-de-funcionarios-ao-banheiro-em-mt.ghtml
2021-09-27,alimento,Procon apreende alimentos vencidos em supermercado e loja de conveniência em Uberaba,29/09/2021 13:09,https://g1.globo.com/mg/triangulo-mineiro/noticia/2021/09/28/procon-apreende-alimentos-vencidos-em-supermercado-e-loja-de-conveniencia-em-uberaba.ghtml
2021-09-27,compra,Globo Comunidade: consumidora dá dicas de como economizar com as compras do supermercado,10/11/2021 15:34,https://g1.globo.com/rj/rio-de-janeiro/noticia/2021/11/07/globo-comunidade-consumidora-da-dicas-de-como-economizar-com-as-compras-do-supermercado.ghtml
2021-09-27,compra,"Do supermercado à cafeteria, saiba como usar pontos nas suas compras",28/10/2021 18:19,https://g1.globo.com/rj/rio-de-janeiro/especial-publicitario/livelo/noticia/2021/10/28/do-supermercado-a-cafeteria-saiba-como-usar-pontos-nas-suas-compras.ghtml
2021-09-27,chuva,VÍDEO: telhado de supermercado desaba durante chuva e ventos fortes em Monte Carmelo,30/09/2021 19:32,https://g1.globo.com/mg/triangulo-mineiro/noticia/2021/09/30/video-telhado-de-supermercado-desaba-durante-chuva-e-ventos-fortes-em-monte-carmelo.ghtml
2021-09-27,alimento,Mais de 500 quilos de alimentos vencidos são apreendidos em supermercado de Manaus,09/11/2021 18:34,https://g1.globo.com/am/amazonas/noticia/2021/11/09/mais-de-500-quilos-de-alimentos-vencidos-sao-apreendidos-em-supermercado-de-manaus.ghtml
2021-09-27,produto,VÍDEO: Homem furta produtos de supermercado duas vezes em um dia em Garanhuns,02/12/2021 09:31,https://g1.globo.com/pe/caruaru-regiao/noticia/2021/12/02/video-homem-furta-produtos-de-supermercado-duas-vezes-em-um-dia-em-garanhuns.ghtml
2021-09-27,produto,Procon apreende 169 Kg de produtos fora da validade em supermercado de Manaus,15/12/2021 14:07,https://g1.globo.com/am/amazonas/noticia/2021/12/14/procon-apreende-169-kg-de-produtos-fora-da-validade-em-supermercado-de-manaus.ghtml
2021-09-27,termina,Assalto em supermercado termina com cliente baleado em Macapá; criminosos fugiram a pé,06/10/2021 12:10,https://g1.globo.com/ap/amapa/noticia/2021/10/06/assalto-em-supermercado-termina-com-cliente-baleado-em-macapa-criminosos-fugiram-a-pe.ghtml
2021-09-27,preço,Preço do mesmo produto varia até 300% de um supermercado para outro em Vitória,08/10/2021 08:00,https://g1.globo.com/es/espirito-santo/noticia/2021/10/07/preco-do-mesmo-produto-pode-variar-ate-300percent-de-um-supermercado-para-outro-em-vitoria.ghtml
2021-09-27,produto,Procon apreende mais de 70 Kg de produtos em supermercado na Zona Leste de Manaus,13/10/2021 18:03,https://g1.globo.com/am/amazonas/noticia/2021/10/13/procon-apreende-mais-de-70-kg-de-produtos-em-supermercado-na-zona-leste-de-manaus.ghtml
2021-09-27,abastecimento,É #FAKE que medidas de isolamento social provocaram desabastecimento em supermercado na Bélgica,13/10/2021 16:06,https://g1.globo.com/fato-ou-fake/coronavirus/noticia/2021/10/13/e-fake-que-medidas-de-isolamento-social-provocaram-desabastecimento-em-supermercado-na-belgica.ghtml
2021-09-27,acaba,PM reage a assalto em supermercado e dois suspeitos acabam mortos em Cruzeiro do Sul,11/12/2021 15:16,https://g1.globo.com/ac/acre/noticia/2021/12/11/pm-reage-a-assalto-em-supermercado-e-adolescente-de-17-anos-acaba-morto-em-cruzeiro-do-sul.ghtml
2021-12-27,racionamento,Jogador do RJ na Ucrânia cita corrida a postos de gasolina e supermercados: 'Já tem racionamento de comida',24/02/2022 18:27,https://g1.globo.com/rj/rio-de-janeiro/noticia/2022/02/24/jogador-do-rj-na-ucrania-cita-corrida-a-postos-de-gasolina-e-supermercados-ja-tem-racionamento-de-comida.ghtml
2021-12-27,logística,"Rede de supermercados faz mutirão de emprego com vagas para auxiliar de logística e repositor, em Curitiba",03/02/2022 07:21,https://g1.globo.com/pr/parana/noticia/2022/02/03/rede-de-supermercados-faz-mutirao-de-emprego-com-vagas-para-auxiliar-de-logistica-e-repositor-em-curitiba.ghtml
2021-12-27,preço,"Preço do sal fica 33,81% mais caro e ajuda a ‘amargar’ inflação nos supermercados de Presidente Prudente",04/02/2022 18:08,https://g1.globo.com/sp/presidente-prudente-regiao/noticia/2022/02/04/preco-do-sal-fica-3381percent-mais-caro-e-ajuda-a-amargar-inflacao-nos-supermercados-de-presidente-prudente.ghtml
2021-12-27,dispara,Alta do milho faz preço dos ovos 'dispararem' nas prateleiras dos supermercados no Sul de Minas,02/03/2022 14:45,https://g1.globo.com/mg/sul-de-minas/noticia/2022/03/02/alta-do-milho-faz-preco-dos-ovos-dispararem-nas-prateleiras-dos-supermercados-no-sul-de-minas.ghtml
2021-12-27,preço,Altas nos preços do tomate e da batata impulsionam inflação nos supermercados em Presidente Prudente,12/03/2022 13:45,https://g1.globo.com/sp/presidente-prudente-regiao/noticia/2022/03/12/altas-nos-precos-do-tomate-e-da-batata-impulsionam-inflacao-nos-supermercados-em-presidente-prudente.ghtml
2021-12-27,produto,Quase três mil produtos vencidos são apreendidos em supermercados de duas cidades,25/02/2022 19:23,https://g1.globo.com/to/tocantins/noticia/2022/02/25/quase-tres-mil-produtos-vencidos-sao-apreendidos-em-supermercados-de-duas-cidades.ghtml
2021-12-27,compra,"Supermercados são pontos de vacinação contra Covid em Manaus: 'como eu estava fazendo compras, aproveitei', diz estudante",13/01/2022 13:03,https://g1.globo.com/am/amazonas/noticia/2022/01/13/supermercados-sao-pontos-de-vacinacao-contra-covid-em-manaus-como-eu-estava-fazendo-compras-aproveitei-diz-estudante.ghtml
2021-12-27,preço,"Mortadela, sabão e banana são os itens com maior variação de preços em supermercados de Fortaleza, segundo Procon",03/02/2022 07:04,https://g1.globo.com/ce/ceara/noticia/2022/01/31/mortadela-sabao-e-banana-sao-os-itens-com-maior-variacao-de-precos-em-supermercados-de-fortaleza-segundo-procon.ghtml
2021-12-27,preço,"Mamão, banana e laranja são os itens com as maiores diferenças de preços entre supermercados de Fortaleza",17/02/2022 18:42,https://g1.globo.com/ce/ceara/noticia/2022/02/17/mamao-banana-e-laranja-sao-os-itens-com-as-maiores-diferencas-de-precos-entre-supermercados-de-fortaleza.ghtml
2021-12-27,preço,"Preços dos cortes bovinos ficarão estáveis no 1º trimestre de 2022, diz associação de supermercados de SP",07/02/2022 14:50,https://g1.globo.com/economia/agronegocios/noticia/2022/02/07/precos-dos-cortes-bovinos-ficarao-estaveis-no-1o-trimestre-de-2022-diz-associacao-de-supermercados-de-sp.ghtml
2021-12-27,falta,"Jornalista brasileiro relata a falta de itens básicos para moradores de Kiev, capital da Ucrânia",01/03/2022 22:21,https://g1.globo.com/jornal-nacional/noticia/2022/03/01/jornalista-brasileiro-relata-a-falta-de-itens-basicos-para-moradores-de-kiev-capital-da-ucrania.ghtml
2021-12-27,covid-19,Confira o cronograma de vacinação contra Covid-19 durante o fim de semana em Palmas,26/03/2022 09:07,https://g1.globo.com/to/tocantins/noticia/2022/03/26/confira-o-cronograma-de-vacinacao-contra-covid-19-durante-o-fim-de-semana-em-palmas.ghtml
2021-12-27,covid-19,"Covid-19: com transmissão descontrolada, Uberaba proíbe eventos, competições esportivas e reduz a 50% lotações de supermercados, cinemas e igrejas",11/01/2022 09:41,https://g1.globo.com/mg/triangulo-mineiro/noticia/2022/01/11/covid-19-com-transmissao-descontrolada-uberaba-proibe-eventos-competicoes-esportivas-e-reduz-a-50percent-lotacoes-de-supermercados-cinemas-e-igrejas.ghtml
2021-12-27,aumento,"Apesar de queda no valor da cesta básica, pesquisa registra aumento de mais de 39% no preço do creme dental em supermercados",17/02/2022 17:42,https://g1.globo.com/sp/presidente-prudente-regiao/noticia/2022/02/17/apesar-de-queda-no-valor-da-cesta-basica-pesquisa-registra-aumento-de-mais-de-39percent-no-preco-do-creme-dental-em-supermercados.ghtml
2021-12-27,falta,Moradores de Kiev convivem com bombardeios e falta de itens básicos,23/03/2022 23:04,https://g1.globo.com/jornal-nacional/noticia/2022/03/23/moradores-de-kiev-convivem-com-bombardeios-e-falta-de-itens-basicos.ghtml
2021-12-27,compra,Promoção ‘Acelera Minha Vida Rondon’ está dando 1 Ford Ranger 4x4 e vales-compras no valor de R$ 2 mil,08/02/2022 10:55,https://g1.globo.com/sp/sao-jose-do-rio-preto-aracatuba/especial-publicitario/supermercados-rondon/noticia/2022/02/08/promocao-acelera-minha-vida-rondon-esta-dando-1-ford-ranger-4x4-e-vales-compras-no-valor-de-r-2-mil.ghtml
2021-12-27,preço,"Com alta de 22%, preço da cebola impulsiona inflação da cesta básica em Presidente Prudente",14/01/2022 19:19,https://g1.globo.com/sp/presidente-prudente-regiao/noticia/2022/01/14/com-alta-de-22percent-preco-da-cebola-impulsiona-inflacao-da-cesta-basica-em-presidente-prudente.ghtml
2021-12-27,compra,População chega de madrugada e passa 7 horas em fila para comprar ovo mais barato em Teresina; vídeo,18/03/2022 09:35,https://g1.globo.com/pi/piaui/noticia/2022/03/18/populacao-chega-de-madrugada-e-passa-7-horas-em-fila-para-comprar-ovo-mais-barato-em-teresina-video.ghtml
2021-12-27,produto,Quase 280 kg de produtos impróprios para o consumo são descartados em operação do Procon em Paraty,24/03/2022 15:40,https://g1.globo.com/rj/sul-do-rio-costa-verde/noticia/2022/03/24/quase-280-kg-de-produtos-improprios-para-o-consumo-sao-descartados-em-operacao-do-procon-em-paraty.ghtml
2021-12-27,alimento,"Vigilância apreende mais de 1 tonelada de alimentos vencidos e sem registro de fabricação em Franca, SP",12/02/2022 13:17,https://g1.globo.com/sp/ribeirao-preto-franca/noticia/2022/02/12/vigilancia-apreende-mais-de-1-tonelada-de-alimentos-vencidos-e-sem-registro-de-fabricacao-em-franca-sp.ghtml
2021-12-27,aumentam,"Após tragédia, aumentam denúncias de preços abusivos em supermercados de Petrópolis, diz Procon",09/03/2022 18:52,https://g1.globo.com/rj/regiao-serrana/noticia/2022/03/09/apos-tragedia-aumentam-denuncias-de-precos-abusivos-em-supermercados-de-petropolis-diz-procon.ghtml
2021-12-27,preço,"Safra de grãos deve ser recorde no TO em 2022, mas preços de alimentos nos supermercados dependem do dólar",28/02/2022 07:05,https://g1.globo.com/to/tocantins/noticia/2022/02/28/safra-de-graos-deve-ser-recorde-no-to-em-2022-mas-precos-de-alimentos-nos-supermercados-dependem-do-dolar.ghtml
2021-12-27,preço,Preço dos ovos sobe nos supermercados de Palmas após alta dos insumos nas granjas,21/03/2022 09:29,https://g1.globo.com/to/tocantins/noticia/2022/03/20/alta-dos-insumos-provoca-reajuste-no-preco-dos-ovos-nos-supermercados-de-palmas.ghtml
2021-12-27,produto,"Homem é preso suspeito de furtar e consumir produtos dentro de supermercado na avenida Agamenon Magalhães, em Caruaru",23/03/2022 06:39,https://g1.globo.com/pe/caruaru-regiao/noticia/2022/03/23/homem-e-preso-suspeito-de-furtar-e-consumir-produtos-dentro-de-supermercado-na-avenida-agamenon-magalhaes-em-caruaru.ghtml
2021-12-27,medo,Entenda por que o medo da inflação pode gerar mais inflação nos supermercados,22/01/2022 21:48,https://g1.globo.com/jornal-nacional/noticia/2022/01/22/entenda-por-que-o-medo-da-inflacao-pode-gerar-mais-inflacao-nos-supermercados.ghtml
2021-12-27,deslizamento,"Deslizamento de terra atinge supermercado em Aperibé, RJ; VÍDEO",09/02/2022 12:55,https://g1.globo.com/rj/norte-fluminense/noticia/2022/02/09/deslizamento-de-terra-atinge-supermercado-em-aperibe-rj-video.ghtml
2021-12-27,produto,VÍDEO: Bandido invade supermercado pelo teto e rouba produtos em Caruaru,18/02/2022 11:14,https://g1.globo.com/pe/caruaru-regiao/noticia/2022/02/18/video-bandido-invade-supermercado-pelo-teto-e-rouba-produtos-em-caruaru.ghtml
2021-12-27,defesa civil,"Supermercado que pegou fogo em Florianópolis tem estrutura totalmente comprometida, diz Defesa Civil",27/12/2021 18:07,https://g1.globo.com/sc/santa-catarina/noticia/2021/12/27/estrutura-de-supermercado-que-pegou-fogo-em-florianopolis-foi-totalmente-comprometida-diz-defesa-civil.ghtml
2021-12-27,produto,Guarda Municipal recupera R$ 4 mil e produtos furtados de supermercado em Capivari,10/03/2022 15:31,https://g1.globo.com/sp/piracicaba-regiao/noticia/2022/03/10/guarda-municipal-recupera-r-4-mil-e-produtos-furtados-de-supermercado-em-capivari.ghtml
2021-12-27,alimento,"Moradores recolhem alimentos em escombros de supermercado destruído por incêndio, em João Pessoa",07/01/2022 10:57,https://g1.globo.com/pb/paraiba/noticia/2022/01/07/moradores-recolhem-alimentos-em-escombros-de-supermercado-destruido-por-incendio-em-joao-pessoa.ghtml
2021-12-27,produto,"Vídeo: criminosos arrombam loja em supermercado e furtam produtos eletrônicos na Serra, ES",04/03/2022 07:50,https://g1.globo.com/es/espirito-santo/noticia/2022/03/03/video-criminosos-arrombam-loja-em-supermercado-e-furtam-produtos-eletronicos-na-serra-es.ghtml
2021-12-27,produto,Fiscalização apreende produtos vencidos e 170 kg de carne em supermercado no sul de Palmas,15/02/2022 18:21,https://g1.globo.com/to/tocantins/noticia/2022/02/15/fiscalizacao-apreende-produtos-vencidos-e-170-kg-de-carne-em-supermercado-no-sul-de-palmas.ghtml
2021-12-27,compra,Polícia investiga abordagem a menino negro expulso de supermercado em Porto Alegre enquanto fazia compras,23/02/2022 21:23,https://g1.globo.com/rs/rio-grande-do-sul/noticia/2022/02/23/policia-investiga-abordagem-a-menino-negro-expulso-de-supermercado-em-porto-alegre-enquanto-fazia-compras.ghtml
2021-12-27,compra,"Homem enche carrinho de compras e sai do supermercado sem pagar, em Aparecida de Goiânia; vídeo",25/03/2022 10:58,https://g1.globo.com/go/goias/noticia/2022/03/25/homem-enche-carrinho-de-compras-e-sai-do-supermercado-sem-pagar-em-aparecida-de-goiania-video.ghtml
2021-12-27,comida,PM é preso após furtar R$ 1 mil em comida e bebida em supermercado no DF,09/01/2022 17:05,https://g1.globo.com/df/distrito-federal/noticia/2022/01/09/pm-e-preso-apos-furtar-r-1-mil-em-comida-e-bebida-em-supermercado-no-df.ghtml
2021-12-27,termina,Discussão em caixa de supermercado de Mococa termina com tiro acidental e agressões,27/02/2022 12:40,https://g1.globo.com/sp/sao-carlos-regiao/noticia/2022/02/27/discussao-em-caixa-de-supermercado-de-mococa-termina-com-tiro-acidental-e-agressoes.ghtml
2021-12-27,alimento,"Moradores se arriscam na madrugada para pegar sobras de alimentos em supermercado que pegou fogo, na PB",08/01/2022 13:32,https://g1.globo.com/pb/paraiba/noticia/2022/01/08/moradores-se-arriscam-na-madrugada-para-pegar-sobras-de-alimentos-em-supermercado-que-pegou-fogo-na-pb.ghtml
2021-12-27,falta,"Micro-ônibus bate em poste, atinge muro de supermercado e provoca falta de energia, em Fortaleza",29/01/2022 11:05,https://g1.globo.com/ce/ceara/noticia/2022/01/29/micro-onibus-bate-em-poste-atinge-muro-de-supermercado-e-provoca-falta-de-energia-em-fortaleza.ghtml
2021-12-27,produto,"Supermercados são autuados por venderem produtos vencidos, em João Pessoa",04/02/2022 10:06,https://g1.globo.com/pb/paraiba/noticia/2022/02/04/supermercado-sao-autuados-por-venderem-produtos-vencidos-em-joao-pessoa.ghtml
2021-12-27,preço,Preço da cenoura mais que dobra em um ano nos supermercados de Palmas,17/03/2022 07:04,https://g1.globo.com/to/tocantins/noticia/2022/03/17/preco-da-cenoura-mais-que-dobra-em-um-ano-nos-supermercados-de-palmas.ghtml
2021-12-27,vazia,Ômicron deixa prateleiras dos supermercados dos EUA quase vazias,14/01/2022 17:07,https://g1.globo.com/economia/noticia/2022/01/14/omicron-deixa-prateleiras-dos-supermercados-dos-eua-quase-vazias.ghtml
2021-12-27,abastecimento,Brasileiro mostra desabastecimento em supermercados e fila em bancos da Ucrânia,25/02/2022 16:47,https://g1.globo.com/fantastico/noticia/2022/02/25/brasileiro-mostra-desabastecimento-em-supermercados-e-fila-em-bancos-da-ucrania.ghtml
2021-12-27,compra,Supermercado terá que indenizar em R$ 15 mil cliente que foi atingida por fardos de farinha durante compras em Contagem,15/02/2022 20:16,https://g1.globo.com/mg/minas-gerais/noticia/2022/02/15/supermercado-tera-que-indenizar-em-r-15-mil-cliente-que-foi-atingida-por-fardos-de-farinha-durante-compras-em-contagem.ghtml
2021-12-27,chuva,Forte chuva causa quedas de árvores e destrói teto de posto de gasolina e de supermercado em BH; veja imagens,17/02/2022 08:38,https://g1.globo.com/mg/minas-gerais/noticia/2022/02/16/forte-chuva-causa-quedas-de-arvores-e-destroi-teto-de-posto-de-gasolina-e-de-supermercado-em-bh-veja-imagens.ghtml
2021-12-27,covid-19,Veja supermercados que receberão pontos de vacinação contra a Covid-19 em Manaus,11/01/2022 20:59,https://g1.globo.com/am/amazonas/noticia/2022/01/11/veja-supermercados-que-receberao-pontos-de-vacinacao-contra-a-covid-19-em-manaus.ghtml
2021-12-27,produto,Supermercado é condenado pela Justiça da BA a pagar indenização de R$ 100 mil por vender produtos com agrotóxicos proibidos,13/01/2022 20:09,https://g1.globo.com/ba/bahia/noticia/2022/01/13/supermercado-e-condenado-pela-justica-da-ba-a-pagar-indenizacao-de-r-100-mil-por-vender-produtos-com-agrotoxicos-proibidos.ghtml
2022-03-28,preço,"Preço da batata sobe 32,15% e 'puxa' inflação nos supermercados em Presidente Prudente",25/04/2022 14:43,https://g1.globo.com/sp/presidente-prudente-regiao/noticia/2022/04/25/preco-da-batata-sobe-3215percent-e-puxa-inflacao-nos-supermercados-em-presidente-prudente.ghtml
2022-03-28,termina,Justiça determina suspensão da venda de produtos com altos níveis de agrotóxicos em grande rede de supermercados,07/05/2022 12:47,https://g1.globo.com/ba/bahia/noticia/2022/05/07/justica-determina-suspensao-da-venda-de-produtos-com-altos-niveis-de-agrotoxicos-em-grande-rede-de-supermercados.ghtml
2022-03-28,covid-19,Mutirão contra a Covid-19 terá vacina em postos de saúde e supermercados da capital neste sábado (2),01/04/2022 19:31,https://g1.globo.com/ac/acre/noticia/2022/04/01/mutirao-contra-a-covid-19-tera-vacina-em-postos-de-saude-e-supermercados-da-capital-neste-sabado-2.ghtml
2022-03-28,preço,"Preço do kg da cebola apresenta alta de 82,39% nos supermercados de Presidente Prudente",27/05/2022 12:36,https://g1.globo.com/sp/presidente-prudente-regiao/noticia/2022/05/27/preco-do-kg-da-cebola-apresenta-alta-de-8239percent-nos-supermercados-de-presidente-prudente.ghtml
2022-03-28,alimento,Aplicativo mostra a grupos de trabalhos sociais quais supermercados têm alimentos para doar,19/04/2022 13:11,https://g1.globo.com/pe/pernambuco/noticia/2022/04/19/aplicativo-mostra-a-grupos-de-trabalhos-sociais-quais-supermercados-tem-alimentos-para-doar.ghtml
2022-03-28,compra,Deic de Sorocaba investiga esquema de compra de bebidas de empresa de fachada em supermercados,27/04/2022 15:24,https://g1.globo.com/sp/sorocaba-jundiai/noticia/2022/04/27/deic-de-sorocaba-investiga-esquema-de-compra-de-bebidas-de-empresa-de-fachada-em-supermercados.ghtml
2022-03-28,produto,Informar validade de produtos em promoção nos supermercados deixa de ser obrigatório no AM,23/06/2022 12:35,https://g1.globo.com/am/amazonas/noticia/2022/06/23/informar-validade-de-produtos-em-promocao-nos-supermercados-deixa-de-ser-obrigatorio-no-am.ghtml
2022-03-28,preço,"Alho e queijo mussarela são os itens com maior variação de preços em supermercados de Fortaleza, diz Procon",03/05/2022 14:46,https://g1.globo.com/ce/ceara/noticia/2022/05/03/alho-e-queijo-mussarela-sao-os-itens-com-maior-variacao-de-precos-em-supermercados-de-fortaleza-diz-procon.ghtml
2022-03-28,preço,Saiba o motivo do preço do café torrado e moído ter subido mais de 50% nos supermercados,11/04/2022 10:25,https://g1.globo.com/mg/sul-de-minas/grao-sagrado/noticia/2022/04/11/saiba-o-motivo-do-preco-do-cafe-torrado-e-moido-ter-subido-mais-de-50percent-nos-supermercados.ghtml
2022-03-28,preço,"Preços dos produtos nos supermercados de Fortaleza sobem mais de 800% em um ano, aponta pesquisa do Procon",30/03/2022 17:37,https://g1.globo.com/ce/ceara/noticia/2022/03/30/precos-dos-produtos-nos-supermercados-de-fortaleza-sobem-mais-de-800percent-em-um-ano-aponta-pesquisa-do-procon.ghtml
2022-03-28,busca,Alta nos preços estimula busca por produtos próximos à data de validade nos supermercados de Ribeirão Preto,18/06/2022 08:50,https://g1.globo.com/sp/ribeirao-preto-franca/noticia/2022/06/18/alta-nos-precos-estimula-busca-por-produtos-proximos-a-data-de-validade-nos-supermercados-de-ribeirao-preto.ghtml
2022-03-28,preço,"Do quentão à paçoca: preços de produtos de festa junina variam até 150,3% em supermercados de Campinas, diz Procon",14/06/2022 06:57,https://g1.globo.com/sp/campinas-regiao/noticia/2022/06/14/do-quentao-a-pacoca-precos-de-produtos-de-festa-junina-variam-ate-1503percent-em-supermercados-de-campinas-diz-procon.ghtml
2022-03-28,preço,"Barra do Ceará e Carlito Pamplona são os bairros com menores preços nos supermercados em abril em Fortaleza, aponta Procon",03/05/2022 16:34,https://g1.globo.com/ce/ceara/noticia/2022/05/03/barra-do-ceara-e-carlito-pamplona-sao-os-bairros-com-menores-precos-nos-supermercados-em-abril-em-fortaleza-aponta-procon.ghtml
2022-03-28,fila,Trabalhadores enfrentam fila para conseguir emprego em rede de supermercados em Vitória,13/04/2022 13:46,https://g1.globo.com/es/espirito-santo/noticia/2022/04/13/trabalhadores-enfrentam-fila-para-conseguir-emprego-em-rede-de-supermercados-em-vitoria.ghtml
2022-03-28,preço,"Preços dos produtos sofrem alta de 10,26% nos supermercados de Fortaleza em maio, diz Procon",07/06/2022 18:33,https://g1.globo.com/ce/ceara/noticia/2022/06/07/precos-dos-produtos-sofrem-alta-de-1026percent-nos-supermercados-de-fortaleza-em-maio-diz-procon.ghtml
2022-03-28,defesa civil,"Estrutura de supermercado que pegou fogo no Bairro Dom Almir terá que ser demolida, segundo a Defesa Civil de Uberlândia",13/04/2022 21:00,https://g1.globo.com/mg/triangulo-mineiro/noticia/2022/04/13/estrutura-de-supermercado-que-pegou-fogo-no-bairro-dom-almir-tera-que-ser-demolida-segundo-a-defesa-civil-de-uberlandia.ghtml
2022-03-28,acaba,Bombeiros tentam há 11 horas acabar com incêndio de grandes proporções em supermercado atacadista na Bahia,08/04/2022 20:13,https://g1.globo.com/ba/bahia/noticia/2022/04/08/bombeiros-tentam-ha-11-horas-acabar-com-incendio-de-grandes-proporcoes-em-supermercado-atacadista-na-bahia.ghtml
2022-03-28,falta,Quadrilha mascarada: o que se sabe e o que falta esclarecer sobre o assalto ao supermercado em Sorocaba,06/04/2022 13:03,https://g1.globo.com/sp/sorocaba-jundiai/noticia/2022/04/05/quadrilha-mascarada-o-que-se-sabe-e-o-que-falta-esclarecer-sobre-o-assalto-ao-supermercado-em-sorocaba.ghtml
2022-03-28,busca,"Dona de supermercado destruído por incêndio em Uberlândia busca recomeço: 'não posso deixar morrer, faz parte da minha vida'",23/04/2022 15:12,https://g1.globo.com/mg/triangulo-mineiro/noticia/2022/04/23/dona-de-supermercado-destruido-por-incendio-em-uberlandia-busca-recomeco-nao-posso-deixar-morrer-faz-parte-da-minha-vida.ghtml
2022-03-28,produto,Jovem é preso furtando diversos produtos em supermercado de Barra Mansa,19/06/2022 13:39,https://g1.globo.com/rj/sul-do-rio-costa-verde/noticia/2022/06/19/homem-e-preso-furtando-diversos-produtos-em-supermercado-de-barra-mansa.ghtml
2022-03-28,produto,Trio suspeito de furtar produtos de supermercado é detido em Gravatá,14/05/2022 13:11,https://g1.globo.com/pe/caruaru-regiao/noticia/2022/05/14/trio-suspeito-de-furtar-produtos-de-supermercado-e-detido-em-gravata.ghtml
2022-03-28,produto,Mulher é presa por furtar diversos produtos em supermercado em Valença,20/05/2022 16:53,https://g1.globo.com/rj/sul-do-rio-costa-verde/noticia/2022/05/20/idosa-e-presa-por-furtar-diversos-produtos-em-supermercado-em-valenca.ghtml
2022-03-28,termina,Tiroteio em supermercado termina com caixa assassinada e vigilante ferido no ES,29/04/2022 15:24,https://g1.globo.com/es/espirito-santo/noticia/2022/01/15/criminosos-voltam-para-se-vingar-de-seguranca-e-caixa-de-supermercado-e-assassinada-no-es.ghtml
2022-03-28,tumulto,"VÍDEO: cebola a R$ 0,99 o quilo gera tumulto em supermercado do DF",02/05/2022 21:23,https://g1.globo.com/df/distrito-federal/noticia/2022/05/02/video-cebola-a-r-099-o-quilo-gera-tumulto-em-supermercado-do-df.ghtml
2022-03-28,produto,Idoso é preso com diversos produtos furtados de supermercado em Barra do Piraí,29/05/2022 10:21,https://g1.globo.com/rj/sul-do-rio-costa-verde/noticia/2022/05/29/idoso-e-preso-com-diversos-produtos-furtados-de-supermercado-em-barra-do-pirai.ghtml
2022-03-28,alimento,Como identificar se um alimento é orgânico no supermercado?,12/04/2022 20:37,https://g1.globo.com/economia/agronegocios/noticia/2022/02/16/como-identificar-se-um-alimento-e-organico-no-supermercado.ghtml
2022-03-28,produto,Alimentos e produtos de limpeza vencidos são apreendidos pelo Procon em supermercado de Manaus,25/04/2022 19:05,https://g1.globo.com/am/amazonas/noticia/2022/04/25/alimentos-e-produtos-de-limpeza-vencidos-sao-apreendidos-pelo-procon-em-supermercado-de-manaus.ghtml
2022-03-28,produto,Alimentos e produtos de limpeza vencidos são apreendidos em supermercado da Zona Leste de Manaus,24/05/2022 09:33,https://g1.globo.com/am/amazonas/noticia/2022/05/24/alimentos-e-produtos-de-limpeza-vencidos-sao-apreendidos-em-supermercado-da-zona-leste-de-manaus.ghtml
2022-03-28,pânico,Vizinha relata momentos de pânico durante assalto de quadrilha mascarada a supermercado: 'Cena de filme',06/04/2022 10:25,https://g1.globo.com/sp/sorocaba-jundiai/noticia/2022/04/06/vizinha-relata-momentos-de-panico-durante-assalto-de-quadrilha-mascarada-a-supermercado-cena-de-filme.ghtml
2022-03-28,chuva,"Supermercado tem 'cascata' de água, poças e baldes espalhados por corredores durante chuva em Cabo Frio; VÍDEO",02/05/2022 18:25,https://g1.globo.com/rj/regiao-dos-lagos/noticia/2022/05/02/supermercado-tem-cascata-de-agua-pocas-e-baldes-espalhados-por-corredores-durante-chuva-em-cabo-frio-video.ghtml
2022-03-28,interditado,Mais de 600 kg de carnes vencidas são apreendidos em supermercado de Porto Nacional; açougue foi interditado,20/04/2022 08:59,https://g1.globo.com/to/tocantins/noticia/2022/04/20/mais-de-600-kg-de-carnes-vencidas-sao-apreendidos-em-supermercado-de-porto-nacional-acougue-foi-interditado.ghtml
2022-03-28,acaba,Suspeito de furtar supermercado rasga camisa de segurança e acaba preso em Presidente Prudente,30/05/2022 12:22,https://g1.globo.com/sp/presidente-prudente-regiao/noticia/2022/05/30/suspeito-de-furtar-supermercado-rasga-camisa-de-seguranca-e-acaba-preso-em-presidente-prudente.ghtml
2022-06-27,preço,Preço do queijo e de outros derivados do leite sobe nos supermercados de Palmas,29/06/2022 21:18,https://g1.globo.com/to/tocantins/noticia/2022/06/29/preco-do-queijo-e-de-outros-derivados-do-leite-sobe-nos-supermercados-de-palmas.ghtml
2022-06-27,produto,Trio do Ceará é preso após ser flagrado com produtos furtados de supermercados em Natal,05/08/2022 20:14,https://g1.globo.com/rn/rio-grande-do-norte/noticia/2022/08/05/trio-do-ceara-e-preso-apos-ser-flagrado-com-produtos-furtados-de-supermercados-em-natal.ghtml
2022-06-27,preço,"Frutas e verduras lideram maiores variações de preço nos supermercados de Fortaleza, diz Procon",30/06/2022 15:17,https://g1.globo.com/ce/ceara/noticia/2022/06/30/frutas-e-verduras-lideram-maiores-variacoes-de-preco-nos-supermercados-de-fortaleza-diz-procon.ghtml
2022-06-27,preço,Pesquisa de preços constata deflação de 12% no preço da muçarela em supermercados de Presidente Prudente,09/09/2022 09:23,https://g1.globo.com/sp/presidente-prudente-regiao/noticia/2022/09/09/pesquisa-de-precos-constata-deflacao-de-12percent-no-preco-da-mucarela-em-supermercados-de-presidente-prudente.ghtml
2022-06-27,produto,Supermercados de Fortaleza são autuados por 'publicidade enganosa' na venda de produtos similares a requeijão e manteiga,21/09/2022 20:55,https://g1.globo.com/ce/ceara/noticia/2022/09/21/supermercados-de-fortaleza-sao-autuados-por-publicidade-enganosa-na-venda-de-produtos-similares-a-requeijao-e-manteiga.ghtml
2022-06-27,aumento,"Média de preços mais barata nos supermercados de Fortaleza tem aumento de quase 6% em um mês, mostra Procon",02/08/2022 18:16,https://g1.globo.com/ce/ceara/noticia/2022/08/02/media-de-precos-mais-barata-nos-supermercados-de-fortaleza-tem-aumento-de-quase-6percent-em-um-mes-mostra-procon.ghtml
2022-06-27,alimento,"Em setembro, Fumacense Alimentos é a empresa parceira da Campanha SuperAção",02/09/2022 14:13,https://g1.globo.com/sc/santa-catarina/especial-publicitario/grupo-ezos/grupo-ezos/noticia/2022/09/02/em-setembro-fumacense-alimentos-e-a-empresa-parceira-da-campanha-superacao.ghtml
2022-06-27,preço,"Pesquisa de preços constata deflação de 17,98% no preço do frango resfriado inteiro em supermercados de Presidente Prudente",22/09/2022 08:23,https://g1.globo.com/sp/presidente-prudente-regiao/noticia/2022/09/22/pesquisa-de-precos-constata-deflacao-de-1798percent-no-preco-do-frango-resfriado-inteiro-em-supermercados-de-presidente-prudente.ghtml
2022-06-27,preço,"Preço de produtos de hortifruti tem diferença de até R$ 40, em João Pessoa, diz Procon-JP",03/08/2022 19:43,https://g1.globo.com/pb/paraiba/noticia/2022/08/03/preco-de-produtos-de-hortifruti-tem-diferenca-de-ate-r-40-em-joao-pessoa-diz-procon-jp.ghtml
2022-06-27,fila,Agência bancária é autuada pelo Procon por descumprir Lei das Filas em Manaus,03/08/2022 00:25,https://g1.globo.com/am/amazonas/noticia/2022/08/03/agencia-bancaria-e-autuada-pelo-procon-por-descumprir-lei-das-filas-em-manaus.ghtml
2022-06-27,produto,Pesquisa do Procon-JP aponta o leite em pó como o produto que pode mais afetar a cesta básica,12/07/2022 19:54,https://g1.globo.com/pb/paraiba/noticia/2022/07/12/pesquisa-do-procon-jp-aponta-o-leite-ninho-como-o-produto-que-pode-mais-afetar-a-cesta-basica.ghtml
2022-06-27,acaba,Por que supermercados britânicos estão acabando com etiquetas de validade de produtos,02/08/2022 15:29,https://g1.globo.com/economia/agronegocios/noticia/2022/08/02/por-que-supermercados-britanicos-estao-acabando-com-etiquetas-de-validade-de-produtos.ghtml
2022-06-27,produto,Ação apreende mais de 4 mil produtos vencidos e aplica 52 infrações em supermercados da capital e do interior,22/08/2022 21:12,https://g1.globo.com/to/tocantins/noticia/2022/08/22/acao-apreende-mais-de-4-mil-produtos-vencidos-e-aplica-52-infracoes-em-supermercados-da-capital-e-do-interior.ghtml
2022-06-27,compra,Prefeitura de Diamante d'Oeste é condenada a pagar indenização de R$ 30 mil a indígenas impedidos de comprar comida em supermercado durante a pandemia,22/09/2022 12:15,https://g1.globo.com/pr/oeste-sudoeste/noticia/2022/09/22/prefeitura-de-diamante-doeste-e-condenada-a-pagar-indenizacao-de-r-30-mil-a-indigenas-impedidos-de-comprar-comida-em-supermercado-durante-a-pandemia.ghtml
2022-06-27,preço,"Preço de cesta básica apresenta variação de 65,43% em João Pessoa, diz Procon",23/08/2022 21:38,https://g1.globo.com/pb/paraiba/noticia/2022/08/23/preco-de-cesta-basica-apresenta-variacao-de-6543percent-em-joao-pessoa-diz-procon.ghtml
2022-06-27,compra,Idosa deve ser indenizada em R$ 8 mil após cair e quebrar o joelho enquanto fazia compras em supermercado,09/09/2022 07:09,https://g1.globo.com/go/goias/noticia/2022/09/08/idosa-deve-ser-indenizada-em-r-8-mil-apos-cair-e-quebrar-o-joelho-enquanto-fazia-compras-em-supermercado.ghtml
2022-06-27,preço,"Mais caro que gasolina, preço do litro do leite assusta o consumidor: 'Quase caí de costas quando entrei no supermercado'",01/07/2022 22:13,https://g1.globo.com/pr/parana/economia/noticia/2022/07/01/mais-caro-que-gasolina-preco-do-litro-do-leite-assusta-o-consumidor-quase-cai-de-costas-quando-entrei-no-supermercado.ghtml
2022-06-27,alimento,Supermercado de Uberaba é flagrado com 40 kg de alimentos vencidos,29/06/2022 07:28,https://g1.globo.com/mg/triangulo-mineiro/noticia/2022/06/28/supermercado-de-uberaba-e-flagrado-com-40-kg-de-alimentos-vencidos.ghtml
2022-06-27,compra,Carrinho inteligente calcula valor da compra e recebe pagamentos em supermercado de Campinas; entenda,20/07/2022 13:57,https://g1.globo.com/sp/campinas-regiao/noticia/2022/07/20/carrinho-inteligente-calcula-valor-da-compra-e-recebe-pagamentos-em-supermercado-de-campinas-entenda.ghtml
2022-06-27,alimento,Suspeito de furtar alimentos em supermercado e repassar para empresário é preso no recôncavo,28/07/2022 15:25,https://g1.globo.com/ba/bahia/noticia/2022/07/28/suspeito-de-furtar-alimentos-em-supermercado-e-repassar-para-empresario-e-preso-no-reconcavo.ghtml
2022-06-27,fila,Mutirão para vagas de emprego em supermercado forma longas filas em Juiz de Fora,30/08/2022 11:51,https://g1.globo.com/mg/zona-da-mata/concursos-e-emprego/noticia/2022/08/30/mutirao-para-vagas-de-emprego-em-supermercado-forma-longas-filas-em-juiz-de-fora.ghtml
2022-06-27,fila,Homem filma por baixo da saia de cliente em fila de supermercado em Anápolis; vídeo,07/07/2022 15:55,https://g1.globo.com/go/goias/noticia/2022/07/07/homem-e-suspeito-de-filmar-por-baixo-da-saia-de-cliente-de-supermercado-em-anapolis-video.ghtml
2022-06-27,produto,Mulher é presa após furtar produtos de higiene e alimentos em supermercado em Dracena,02/08/2022 19:00,https://g1.globo.com/sp/presidente-prudente-regiao/noticia/2022/08/02/mulher-e-presa-apos-furtar-produtos-de-higiene-e-alimentos-em-supermercado-em-dracena.ghtml
2022-06-27,produto,MP aciona rede de supermercado e marca de produtos alimentícios por irregularidades em lojas de Salvador,05/09/2022 15:53,https://g1.globo.com/ba/bahia/noticia/2022/09/02/mp-aciona-lojas-do-supermercado-hiperideal-por-irregularidades-sanitarias-em-salvador.ghtml
2022-06-27,compra,Polícia prende suspeito de furtar perfumes importados com carrinhos de compras em loja de supermercado; vídeo,27/07/2022 19:05,https://g1.globo.com/sp/bauru-marilia/noticia/2022/07/27/policia-prende-suspeito-de-furtar-perfumes-importados-com-carrinhos-de-compras-em-loja-de-supermercado-video.ghtml
2022-06-27,acaba,Inscrições em quase 300 vagas de emprego em supermercado de João Pessoa acabam em um mês,31/07/2022 18:49,https://g1.globo.com/pb/paraiba/noticia/2022/07/31/inscricoes-em-quase-300-vagas-de-emprego-em-supermercado-de-joao-pessoa-acabam-neste-domingo.ghtml
2022-06-27,compra,"Com menor poder de compra, moradores recorrem a cartão de crédito para pagar supermercado em Ribeirão Preto",05/09/2022 06:56,https://g1.globo.com/sp/ribeirao-preto-franca/noticia/2022/09/03/com-menor-poder-de-compra-moradores-recorrem-a-cartao-de-credito-para-pagar-supermercado-em-ribeirao-preto.ghtml
2022-06-27,corrida,"'Morreu nos meus braços', diz marido de mulher que sofreu descarga elétrica em alambrado de supermercado durante corrida",23/09/2022 09:07,https://g1.globo.com/sp/bauru-marilia/noticia/2022/09/23/morreu-nos-meus-bracos-diz-marido-de-mulher-que-sofreu-descarga-eletrica-em-alambrado-de-supermercado.ghtml
2022-06-27,compra,Quadrilha furta loja em supermercado e usa carrinhos de compras para levar perfumes importados; vídeo,27/07/2022 07:16,https://g1.globo.com/sp/bauru-marilia/noticia/2022/07/27/quadrilha-furta-loja-em-supermercado-e-usa-carrinhos-de-compras-para-levar-perfumes-importados-video.ghtml
2022-09-26,preço,"Após chegar a quase R$ 9, preço do leite tem redução nos supermercados de Palmas",28/09/2022 15:08,https://g1.globo.com/to/tocantins/noticia/2022/09/28/apos-chegar-a-quase-r-9-preco-do-leite-tem-reducao-nos-supermercados-de-palmas.ghtml
2022-09-26,covid-19,Supermercados de Macapá se tornam pontos de vacinação contra a Covid-19 e o sarampo,22/11/2022 12:56,https://g1.globo.com/ap/amapa/noticia/2022/11/22/supermercados-de-macapa-se-tornam-pontos-de-vacinacao-contra-a-covid-19-e-o-sarampo.ghtml
2022-09-26,produto,Três supermercados de João Pessoa são autuados por venda de produtos vencidos,20/10/2022 10:33,https://g1.globo.com/pb/paraiba/noticia/2022/10/20/tres-supermercados-de-joao-pessoa-sao-autuados-por-venda-de-produtos-vencidos.ghtml
2022-09-26,fila,Furacão Ian: brasileiros na Flórida estocam mantimentos e enfrentam filas em supermercados,29/09/2022 11:31,https://g1.globo.com/pb/paraiba/noticia/2022/09/28/furacao-ian-brasileiros-na-florida-estocam-mantimentos-e-enfrentam-filas-em-supermercados.ghtml
2022-09-26,preço,"Produtos de limpeza têm queda de 7,6% no preço em supermercados de Presidente Prudente",23/12/2022 13:08,https://g1.globo.com/sp/presidente-prudente-regiao/noticia/2022/12/23/produtos-de-limpeza-tem-queda-de-76percent-no-preco-em-supermercados-de-presidente-prudente.ghtml
2022-09-26,aumento,Pesquisa de preços registra aumento de 60% no valor da batata em supermercados de Presidente Prudente,08/10/2022 15:04,https://g1.globo.com/sp/presidente-prudente-regiao/noticia/2022/10/08/pesquisa-de-precos-registra-aumento-de-60percent-no-valor-da-batata-em-supermercados-de-presidente-prudente.ghtml
2022-09-26,alimento,Como os alimentos podem ajudar a controlar ou piorar a ansiedade,11/10/2022 14:14,https://g1.globo.com/pr/parana/especial-publicitario/italo-supermercados/noticia/2022/10/11/como-os-alimentos-podem-ajudar-a-controlar-ou-piorar-a-ansiedade.ghtml
2022-09-26,itens,Itens que fazem parte da ceia de natal têm variação de até 171% nos supermercados de Palmas,17/12/2022 19:53,https://g1.globo.com/to/tocantins/noticia/2022/12/17/itens-que-fazem-parte-da-ceia-de-natal-tem-variacao-de-ate-171percent-nos-supermercados-de-palmas.ghtml
2022-09-26,produto,Startup cria app que une clientes e supermercados e dá desconto de pelo menos 50% em produtos perto do vencimento,06/11/2022 09:00,https://g1.globo.com/empreendedorismo/pegn/noticia/2022/11/06/startup-cria-app-que-une-clientes-e-supermercados-e-da-desconto-de-pelo-menos-50percent-em-produtos-perto-do-vencimento.ghtml
2022-09-26,preço,Valor do peru pode ser até R$ 15 mais barato entre supermercados de Manaus; veja lista de preços da ceia,22/12/2022 17:01,https://g1.globo.com/am/amazonas/noticia/2022/12/22/valor-do-peru-pode-ser-ate-r-15-mais-barato-entre-supermercados-de-manaus-veja-lista-de-precos-da-ceia.ghtml
2022-09-26,preço,"A poucos dias do Natal, veja como estão os preços dos principais itens da ceia em Belo Horizonte",22/12/2022 12:25,https://g1.globo.com/mg/minas-gerais/noticia/2022/12/22/a-poucos-dias-do-natal-veja-como-estao-os-precos-dos-principais-itens-da-ceia-em-belo-horizonte.ghtml
2022-09-26,produto,Ipem-SP encontra irregularidades em produtos destinados às ceias de fim de ano em Bauru,12/12/2022 18:20,https://g1.globo.com/sp/bauru-marilia/noticia/2022/12/12/ipem-sp-encontra-irregularidades-em-produtos-destinados-as-ceias-de-fim-de-ano-em-bauru.ghtml
2022-09-26,estoque,Associação de Supermercados do Rio de Janeiro diz que estoques estão regulares,01/11/2022 16:12,https://g1.globo.com/rj/rio-de-janeiro/noticia/2022/11/01/associacao-de-supermercados-do-rio-de-janeiro-diz-que-estoques-estao-regulares.ghtml
2022-09-26,falta,"Após bloqueios ilegais, São Carlos e Araraquara têm falta de produtos e preços sobem nos supermercados",03/11/2022 19:46,https://g1.globo.com/sp/sao-carlos-regiao/noticia/2022/11/03/apos-bloqueios-ilegais-sao-carlos-e-araraquara-tem-falta-de-produtos-e-precos-sobem-nos-supermercados.ghtml
2022-09-26,compra,Supermercados fazem 'viradão' para compras de Natal em Manaus,23/12/2022 21:15,https://g1.globo.com/am/amazonas/noticia/2022/12/23/supermercados-fazem-viradao-para-compras-de-natal-em-manaus.ghtml
2022-09-26,terminou,Homem vítima de tortura em supermercado no RS diz não saber que amigo furtava picanha: 'minha vida terminou ali'; VÍDEOS,09/12/2022 21:06,https://g1.globo.com/rs/rio-grande-do-sul/noticia/2022/12/09/homem-vitima-de-tortura-em-supermercado-no-rs-diz-nao-saber-que-amigo-furtava-picanha-minha-vida-terminou-ali-videos.ghtml
2022-09-26,alimento,Procon apreende quase meia tonelada de alimentos vencidos em supermercado de Goiânia,18/10/2022 10:34,https://g1.globo.com/go/goias/noticia/2022/10/18/procon-apreende-quase-meia-tonelada-de-alimentos-vencidos-em-supermercado-de-goiania.ghtml
2022-09-26,distribuição,1° dia de mutirão com 200 vagas de emprego para supermercado de Sumaré tem fila e distribuição de senhas,10/10/2022 09:17,https://g1.globo.com/sp/campinas-regiao/concursos-e-emprego/noticia/2022/10/10/1-dia-de-mutirao-com-200-vagas-de-emprego-para-supermercado-de-sumare-tem-fila-e-distribuicao-de-senhas.ghtml
2022-09-26,lotam,"VÍDEO: Ladrões invadem supermercado e lotam Kombi com carnes, bebidas e perfumes",21/10/2022 10:38,https://g1.globo.com/pr/norte-noroeste/noticia/2022/10/21/video-video-ladroes-invadem-supermercado-e-lotam-kombi-com-carnes-bebidas-e-perfumes.ghtml
2022-09-26,compra,Donos de supermercado são indiciados por comprarem carga furtada de ração de cachorro,24/10/2022 17:58,https://g1.globo.com/mt/mato-grosso/noticia/2022/10/24/donos-de-supermercado-sao-indiciados-por-comprar-carga-furtada-de-racao-de-cachorro.ghtml
2022-09-26,alimento,"Três pessoas são detidas após protesto por alimentos, em supermercado de João Pessoa",17/12/2022 18:55,https://g1.globo.com/pb/paraiba/noticia/2022/12/17/tres-pessoas-sao-detidas-apos-protesto-por-alimentos-em-supermercado-de-joao-pessoa.ghtml
2022-09-26,abastecer,"Supermercado é suspeito de furtar energia suficiente para abastecer 2 mil casas, no DF",17/11/2022 09:51,https://g1.globo.com/df/distrito-federal/noticia/2022/11/17/supermercado-e-suspeito-de-furtar-energia-suficiente-para-abastecer-2-mil-casas-no-df.ghtml
2022-09-26,abastecimento,Supermercado limita quantidade de produtos de hortifruti para evitar desabastecimento: 'Três quilos por CPF',02/11/2022 17:54,https://g1.globo.com/sp/bauru-marilia/noticia/2022/11/02/supermercado-limita-quantidade-de-produtos-de-hortifruti-para-evitar-desabastecimento-tres-quilos-por-cpf.ghtml
2022-09-26,produto,Bancário acusa funcionários de supermercado de racismo e diz ter sido acusado de furtar produtos,08/10/2022 13:20,https://g1.globo.com/rj/rio-de-janeiro/noticia/2022/10/08/bancario-acusa-funcionarios-de-supermercado-de-racismo.ghtml
2022-09-26,estoque,Supermercado é multado por armazenar pescado sem declaração de estoque durante piracema em Quatá,09/11/2022 19:19,https://g1.globo.com/sp/bauru-marilia/noticia/2022/11/09/supermercado-e-multado-por-armazenar-pescado-sem-declaracao-de-estoque-durante-piracema-em-quata.ghtml
2022-09-26,alimento,Vídeo mostra mulher armada com faca roubando alimentos em supermercado da Zona Norte do Recife,25/10/2022 15:48,https://g1.globo.com/pe/pernambuco/noticia/2022/10/25/video-mostra-mulher-armada-com-faca-roubando-alimentos-em-supermercado-da-zona-norte-do-recife.ghtml
2022-09-26,chuva,"Chuva derruba telhado de supermercado e parte de estrutura de escola em Três Corações, MG",04/10/2022 19:56,https://g1.globo.com/mg/sul-de-minas/noticia/2022/10/04/chuva-derruba-telhado-de-supermercado-e-parte-de-estrutura-de-escola-em-tres-coracoes-mg.ghtml
2022-09-26,falta,O que se sabe e o que falta saber sobre caso de tortura em supermercado de Canoas,09/12/2022 17:20,https://g1.globo.com/rs/rio-grande-do-sul/noticia/2022/12/06/o-que-se-sabe-e-o-que-falta-saber-sobre-caso-de-tortura-em-supermercado-de-canoas.ghtml
2022-09-26,alimento,Fiscais apreendem mais de 400 kg de carnes e outros alimentos estragados em supermercado de Guaraí; veja imagens,20/12/2022 19:35,https://g1.globo.com/to/tocantins/noticia/2022/12/20/fiscais-apreendem-mais-de-400-kg-de-carnes-e-outros-alimentos-estragados-em-supermercado-de-guarai-veja-imagens.ghtml
2022-09-26,fila,"Cliente relata que foi chamada de 'macaca' e agredida por idosa em fila de supermercado em Petrópolis, no RJ",09/12/2022 18:11,https://g1.globo.com/rj/regiao-serrana/noticia/2022/12/09/mulher-e-chamada-de-macaca-e-agredida-por-idosa-em-fila-de-supermercado-em-petropolis-no-rj.ghtml
2022-09-26,busca,"Rede de supermercado abre vagas para jovens que buscam primeiro emprego, deficientes e idosos, em Foz do Iguaçu; confira",21/10/2022 11:11,https://g1.globo.com/pr/oeste-sudoeste/noticia/2022/10/21/rede-de-supermercado-abre-vagas-para-jovens-que-buscam-primeiro-emprego-deficientes-e-idosos-em-foz-do-iguacu-confira.ghtml
2022-09-26,termina,Sequestro de dono de supermercado termina com dois homens presos em Santo Antônio do Caiuá,18/12/2022 15:05,https://g1.globo.com/pr/norte-noroeste/noticia/2022/12/18/sequestro-de-dono-de-supermercado-termina-com-dois-homens-presos-em-santo-antonio-do-caiua.ghtml
2022-12-26,produto,Procon autua dois supermercados de João Pessoa por venda de produtos vencidos,21/03/2023 17:07,https://g1.globo.com/pb/paraiba/noticia/2023/03/21/procon-jp-autua-dois-supermercados-de-joao-pessoa-por-venda-produtos-vencidos.ghtml
2022-12-26,tumulto,Whisky a menos de R$ 8 causa tumulto em supermercado de Juiz de Fora; saiba o que diz o Procon,21/03/2023 06:51,https://g1.globo.com/mg/zona-da-mata/noticia/2023/03/20/whisky-a-menos-de-r-8-causa-tumulto-em-supermercado-de-juiz-de-fora-saiba-o-que-diz-o-procon.ghtml
2022-12-26,compra,"Nota Legal: prêmio de R$ 500 mil vai para morador de Águas Claras, no DF, por compra de R$ 116 em supermercado",02/01/2023 09:26,https://g1.globo.com/df/distrito-federal/noticia/2022/06/28/nota-legal-premio-de-r-500-mil-vai-para-morador-de-aguas-claras-no-df-por-compra-de-r-11678-em-supermercado.ghtml
2022-12-26,covid-19,Supermercados ofertam vacinação contra a Covid-19 em Manaus; veja endereços,12/01/2023 21:56,https://g1.globo.com/am/amazonas/noticia/2023/01/12/cdl-campanha-incentivar-vacinacao-contra-covid-em-manaus.ghtml
2022-12-26,compra,Supermercados de Manaus estendem horários para compras de fim de ano,28/12/2022 09:34,https://g1.globo.com/am/amazonas/noticia/2022/12/28/supermercados-de-manaus-estendem-horarios-para-compras-de-fim-de-ano.ghtml
2022-12-26,produto,"Mais de 5,3 mil produtos vencidos são apreendidos em supermercados do Tocantins",21/03/2023 21:57,https://g1.globo.com/to/tocantins/noticia/2023/03/21/mais-de-53-mil-produtos-vencidos-sao-apreendidos-em-supermercados-do-tocantins.ghtml
2022-12-26,dispara,"Preço da batata dispara quase 30% nos supermercados de Presidente Prudente, aponta levantamento",17/01/2023 17:17,https://g1.globo.com/sp/presidente-prudente-regiao/noticia/2023/01/17/preco-da-batata-dispara-quase-30percent-nos-supermercados-de-presidente-prudente-aponta-levantamento.ghtml
2022-12-26,compra,Jovem dá prejuízo de R$ 17 mil a supermercado após comprar todos os dias usando falso PIX em MS,14/03/2023 16:53,https://g1.globo.com/ms/mato-grosso-do-sul/noticia/2023/03/14/jovem-da-prejuizo-de-r-17-mil-a-supermercado-apos-comprar-todos-os-dias-usando-falso-pix-em-ms.ghtml
2022-12-26,alimento,Procon apreende 400 kg de alimentos fora da validade e sem refrigeração em supermercados de Juiz de Fora,04/02/2023 12:20,https://g1.globo.com/mg/zona-da-mata/noticia/2023/02/04/procon-apreende-400-kg-de-alimentos-vencidos-e-sem-refrigeracao-em-supermercados-de-juiz-de-fora.ghtml
2022-12-26,preço,'Vilões da inflação': famílias deixam de ir aos supermercados e retiram da dieta frutas consideradas 'de luxo' diante de preços elevados,27/12/2022 07:22,https://g1.globo.com/sp/campinas-regiao/noticia/2022/12/27/viloes-da-inflacao-familias-deixam-de-ir-aos-supermercados-e-retiram-da-dieta-frutas-consideradas-de-luxo-diante-de-precos-elevados.ghtml
2022-12-26,preço,"Preços na regional mais barata de Fortaleza são 24% menores que na regional mais cara, aponta Procon",31/01/2023 11:46,https://g1.globo.com/ce/ceara/noticia/2023/01/31/precos-na-regional-mais-barata-de-fortaleza-sao-24percent-menor-que-na-regional-mais-cara-aponta-procon.ghtml
2022-12-26,alimento,Operação apreende 700 kg de alimentos impróprios e interdita dois estabelecimentos no Litoral Norte do RS; imagens fortes,09/02/2023 21:49,https://g1.globo.com/rs/rio-grande-do-sul/noticia/2023/02/09/operacao-apreende-700-kg-de-alimentos-improprios-e-interdita-dois-estabelecimentos-no-litoral-norte-do-rs.ghtml
2022-12-26,preço,"Carne bovina, feijão e batata: itens da cesta básica sobem de preço em Divinópolis",13/02/2023 07:28,https://g1.globo.com/mg/centro-oeste/noticia/2023/02/13/carne-bovina-feijao-e-batata-itens-da-cesta-basica-sobem-de-preco-em-divinopolis.ghtml
2022-12-26,disparada,"Com a disparada do preço do chocolate, consumidores estão substituindo o ovo de Páscoa por opções mais baratas",08/03/2023 15:02,https://g1.globo.com/bom-dia-brasil/noticia/2023/03/07/com-a-disparada-no-preco-do-chocolate-consumidores-estao-substituindo-o-ovo-de-pascoa.ghtml
2022-12-26,aumento,Pesquisa aponta aumento no preço dos artigos de limpeza em supermercados de Presidente Prudente,27/01/2023 20:09,https://g1.globo.com/sp/presidente-prudente-regiao/noticia/2023/01/27/pesquisa-aponta-aumento-no-preco-dos-artigos-de-limpeza-em-supermercados-de-presidente-prudente.ghtml
2022-12-26,fila,Supermercado arrecada 100 toneladas em alimentos e produtos de limpeza para instituições filantrópicas; doações ainda podem ser feitas,24/03/2023 13:50,https://g1.globo.com/mg/zona-da-mata/noticia/2023/03/23/supermercado-arrecada-100-toneladas-em-alimentos-e-produtos-de-limpeza-para-instituicoes-de-juiz-de-fora-doacoes-ainda-podem-ser-feitas.ghtml
2022-12-26,compra,"Cachorro 'furta' compras de supermercado em Miguelópolis, SP; veja vídeo",22/02/2023 11:50,https://g1.globo.com/sp/ribeirao-preto-franca/noticia/2023/02/22/cachorro-furta-compras-de-supermercado-em-miguelopolis-sp-veja-video.ghtml
2022-12-26,alimento,"Funcionário de supermercado é preso suspeito de jogar alimentos em lixo para furtá-los depois, em Anápolis",16/02/2023 16:51,https://g1.globo.com/go/goias/noticia/2023/02/16/funcionario-de-supermercado-e-preso-suspeito-de-jogar-alimentos-em-lixo-para-furta-los-depois-em-anapolis.ghtml
2022-12-26,produto,"Perícia confirma alteração proposital em datas de validade de produtos vendidos em supermercado de Rurópolis, diz polícia",17/03/2023 19:25,https://g1.globo.com/pa/santarem-regiao/noticia/2023/03/17/pericia-confirma-alteracao-proposital-em-datas-de-validade-de-produtos-vendidos-em-supermercado-de-ruropolis-diz-policia.ghtml
2022-12-26,interditado,Prefeitura de Suzano libera supermercado atingido por incêndio; galpão segue interditado,04/01/2023 15:18,https://g1.globo.com/sp/mogi-das-cruzes-suzano/noticia/2023/01/04/prefeitura-de-suzano-libera-supermercado-atingido-por-incendio-galpao-segue-interditado.ghtml
2022-12-26,chuva,Parte de teto de supermercado desaba após chuva em Cândido Mota,15/03/2023 19:13,https://g1.globo.com/sp/bauru-marilia/noticia/2023/03/15/parte-de-teto-de-supermercado-desaba-apos-chuva-em-candido-mota.ghtml
2022-12-26,produto,Fiscalização encontra mais de 500 produtos vencidos sendo comercializados em supermercado,06/01/2023 09:17,https://g1.globo.com/to/tocantins/noticia/2023/01/06/fiscalizacao-encontra-mais-de-500-produtos-vencidos-sendo-comercializados-em-supermercado.ghtml
2022-12-26,temporal,"Bebedouro, SP, tem enxurradas, motoristas ilhados e supermercado alagado durante temporal; VÍDEO",10/03/2023 20:12,https://g1.globo.com/sp/ribeirao-preto-franca/noticia/2023/03/10/chuva-alaga-ruas-e-deixa-motoristas-ilhados-em-bebedouro-sp.ghtml
2022-12-26,interditado,Supermercado é interditado pela Polícia e Vigilância Sanitária por crime contra o consumidor,02/03/2023 12:10,https://g1.globo.com/pa/santarem-regiao/noticia/2023/03/02/supermercado-e-interditado-pela-policia-e-vigilancia-sanitaria-por-crime-contra-o-consumidor.ghtml
2022-12-26,produto,Produtos vencidos são apreendidos e supermercado de Cuiabá é notificado pelo Procon,22/03/2023 10:34,https://g1.globo.com/mt/mato-grosso/noticia/2023/03/22/produtos-vencidos-sao-apreendidos-e-supermercado-de-cuiaba-e-notificado-pelo-procon.ghtml
2022-12-26,isolado,VÍDEO: cliente flagra rato em supermercado de São Carlos; unidade vê 'incidente isolado',04/03/2023 14:06,https://g1.globo.com/sp/sao-carlos-regiao/noticia/2023/03/03/video-cliente-flagra-rato-em-supermercado-de-sao-carlos-unidade-ve-incidente-isolado.ghtml
2022-12-26,abastecer,Supermercado é flagrado desviando energia suficiente para abastecer 150 casas por um mês,17/01/2023 18:51,https://g1.globo.com/pe/pernambuco/noticia/2023/01/17/supermercado-e-flagrado-desviando-energia-suficiente-para-abastecer-150-casas-por-um-mes.ghtml
2022-12-26,alimento,Homem é preso após furtar alimentos de supermercado onde era gerente em Divinolândia de Minas,23/03/2023 15:34,https://g1.globo.com/mg/vales-mg/noticia/2023/03/23/homem-e-preso-apos-furtar-alimentos-de-supermercado-onde-era-gerente-em-divinolandia-de-minas.ghtml
2022-12-26,produto,Quatro pessoas são presas suspeitas de furtar cerca de 380 produtos de supermercado em Aracaju,22/01/2023 14:25,https://g1.globo.com/se/sergipe/noticia/2023/01/22/quatro-pessoas-sao-presas-suspeitas-de-furtar-cerca-de-380-produtos-de-supermercado-em-aracaju.ghtml
2022-12-26,interditado,"Após avaliação da Defesa Civil, supermercado do Centro de Suzano atingido por um incêndio é interditado",04/01/2023 15:42,https://g1.globo.com/sp/mogi-das-cruzes-suzano/noticia/2023/01/03/apos-avaliacao-da-defesa-civil-supermercado-do-centro-de-suzano-atingido-por-um-incendio-e-interditado.ghtml
2022-12-26,produto,Homem é preso suspeito de furtar mais de R$ 8 mil em produtos de supermercado na Bahia,17/03/2023 19:58,https://g1.globo.com/ba/bahia/noticia/2023/03/17/homem-e-preso-suspeito-de-furtar-mais-de-r-8-mil-em-produtos-de-supermercado-na-bahia.ghtml
2022-12-26,compra,Homem joga carrinho de compras em mulher dentro de supermercado em Goiás; vídeo,23/02/2023 16:39,https://g1.globo.com/go/goias/noticia/2023/02/23/homem-joga-carrinho-de-compras-em-mulher-dentro-de-supermercado-em-goias-video.ghtml
2023-03-27,preço,Redução da oferta mundial de açúcar tem aumentado o preço do produto nos supermercados,09/06/2023 21:07,https://g1.globo.com/jornal-nacional/noticia/2023/06/09/reducao-da-oferta-mundial-de-acucar-tem-aumentado-o-preco-do-produto-nos-supermercados.ghtml
2023-03-27,covid-19,"Ex-funcionário é indenizado em R$ 1,8 mil por supermercado que o obrigou a apagar postagem em homenagem a colega que morreu de Covid-19",15/05/2023 16:24,https://g1.globo.com/mg/triangulo-mineiro/noticia/2023/05/15/ex-funcionario-e-indenizado-em-r-18-mil-por-supermercado-que-o-obrigou-a-apagar-postagem-em-homenagem-a-colega-que-morreu-de-covid-19.ghtml
2023-03-27,covid-19,Fim de semana terá vacinação itinerante contra a Covid-19 e Influenza em Campo Grande,03/06/2023 10:04,https://g1.globo.com/ms/mato-grosso-do-sul/noticia/2023/06/03/fim-de-semana-tera-vacinacao-itinerante-contra-a-covid-19-e-influenza-em-campo-grande.ghtml
2023-03-27,falta,Supermercado é condenado a indenizar cozinheira em R$ 10 mil por assédio sexual na BA; juíza cita falta de acolhimento e vê violência de gênero,14/06/2023 13:24,https://g1.globo.com/ba/bahia/noticia/2023/06/14/justica-determina-que-cozinheira-de-supermercado-de-salvador-receba-indenizacao-de-r-10-mil-por-assedio-sexual.ghtml
2023-03-27,compra,"Tauste Supermercados inicia Campanha ""Cada Compra é um Flash”",03/05/2023 12:05,https://g1.globo.com/sp/bauru-marilia/especial-publicitario/tauste-supermercados/noticia/2023/05/03/tauste-supermercados-inicia-campanha-cada-compra-e-um-flash.ghtml
2023-03-27,preço,Preço do feijão tem variação de mais de 90% em supermercados de João Pessoa,14/06/2023 10:40,https://g1.globo.com/pb/paraiba/noticia/2023/06/14/preco-do-feijao-tem-variacao-de-mais-de-90percent-em-supermercados-de-joao-pessoa.ghtml
2023-03-27,preço,Preços dos alimentos da Semana Santa podem variar até 304% nos supermercados de Fortaleza,04/04/2023 18:40,https://g1.globo.com/ce/ceara/noticia/2023/04/04/precos-dos-alimentos-da-semana-santa-podem-variar-ate-304percent-nos-supermercados-de-fortaleza.ghtml
2023-03-27,preço,"Macaxeira, mamão e beterraba são os itens com maior variação de preços em abril nos supermercados de Fortaleza, diz Procon",27/04/2023 18:59,https://g1.globo.com/ce/ceara/noticia/2023/04/27/macaxeira-mamao-e-beterraba-sao-os-itens-com-maior-variacao-de-precos-em-abril-nos-supermercados-de-fortaleza-diz-procon.ghtml
2023-03-27,aumento,"Pesquisa aponta aumento de 13,36% nos preços dos artigos de limpeza em supermercados de Presidente Prudente",16/05/2023 12:28,https://g1.globo.com/sp/presidente-prudente-regiao/noticia/2023/05/16/pesquisa-aponta-aumento-de-1336percent-nos-precos-dos-artigos-de-limpeza-em-supermercados-de-presidente-prudente.ghtml
2023-03-27,preço,"Média de preços nos supermercados cai 14,27% no mês de maio em Fortaleza, aponta Procon",01/06/2023 17:24,https://g1.globo.com/ce/ceara/noticia/2023/06/01/media-de-precos-nos-supermercados-cai-1427percent-no-mes-de-maio-em-fortaleza-aponta-procon.ghtml
2023-03-27,compra,Seis moradores de rua são detidos por assaltar supermercados para comprar crack no Recife; VÍDEO,26/04/2023 20:15,https://g1.globo.com/pe/pernambuco/noticia/2023/04/26/seis-moradores-de-rua-sao-detidos-por-assaltar-supermercados-para-comprar-crack-no-recife-video.ghtml
2023-03-27,produto,Mulheres são presas suspeitas de furtar mais de R$ 70 mil em produtos de supermercados em Goiânia e Aparecida,01/06/2023 13:07,https://g1.globo.com/go/goias/noticia/2023/06/01/mulheres-sao-presas-suspeitas-de-furtar-mais-de-r-70-mil-em-produtos-de-supermercados-em-goiania-e-aparecida.ghtml
2023-03-27,produto,Operação apreende mais de 800 kg de produtos impróprios para consumo em Barão,12/04/2023 15:01,https://g1.globo.com/rs/rio-grande-do-sul/noticia/2023/04/12/operacao-apreende-mais-de-800-kg-de-produtos-improprios-para-consumo-em-barao.ghtml
2023-03-27,compra,Caixa de supermercado é presa após passar R$ 4 mil em compras e cobrar R$ 380 para pagar dívida com cliente em MT,08/04/2023 13:10,https://g1.globo.com/mt/mato-grosso/noticia/2023/04/08/caixa-de-supermercado-e-presa-apos-passar-r-4-mil-em-compras-e-cobrar-r-380-para-pagar-divida-com-cliente-em-mt.ghtml
2023-03-27,preço,Preço de ovo de chocolate de personagem infantil tem variação de 69% nos supermercados de Palmas,04/04/2023 16:18,https://g1.globo.com/to/tocantins/noticia/2023/04/04/preco-de-ovo-de-chocolate-de-personagem-infantil-tem-variacao-de-69percent-nos-supermercados-de-palmas.ghtml
2023-03-27,interditado,"Açougue de supermercado é interditado após Vigilância Sanitária encontrar carne armazenada dentro de caixa d'água em Linhares, Norte do ES",02/05/2023 14:02,https://g1.globo.com/es/espirito-santo/noticia/2023/04/29/mais-de-900-kg-de-carne-sao-apreendidos-em-supermercado-em-linhares-norte-do-es.ghtml
2023-03-27,produto,Suspeito de tentar furtar quase 40 produtos de higiene pessoal de supermercado é preso em Teresina,05/04/2023 19:11,https://g1.globo.com/pi/piaui/noticia/2023/04/05/suspeito-de-tentar-furtar-quase-40-produtos-de-higiene-pessoal-de-supermercado-e-preso-em-teresina.ghtml
2023-03-27,medo,Jovem que teve pescoço cortado por adolescente em banheiro de supermercado descreve ataque: 'Muito medo de morrer',18/04/2023 18:06,https://g1.globo.com/to/tocantins/noticia/2023/04/18/jovem-que-teve-pescoco-cortado-por-adolescente-em-banheiro-de-supermercado-descreve-ataque-muito-medo-de-morrer.ghtml
2023-03-27,compra,Jovem de 21 anos sai para comprar refrigerante e é morto a tiros em frente a supermercado,24/06/2023 18:33,https://g1.globo.com/to/tocantins/noticia/2023/06/24/jovem-de-22-anos-e-morto-a-tiros-em-frente-a-supermercado-no-sul-de-palmas.ghtml
2023-03-27,compra,Iniciativa pioneira: “Carrinhos inteligentes” agilizam compra em supermercado catarinense,15/06/2023 11:29,https://g1.globo.com/sc/santa-catarina/especial-publicitario/supermercado-brasao/noticia/2023/06/15/iniciativa-pioneira-carrinhos-inteligentes-agilizam-compra-em-supermercado-catarinense.ghtml
2023-03-27,produto,MP investiga supermercado do DF por venda de produtos vencidos,12/04/2023 11:32,https://g1.globo.com/df/distrito-federal/noticia/2023/04/11/mp-investiga-supermercado-do-df-por-venda-de-produtos-vencidos.ghtml
2023-03-27,alimento,Polícia Civil apreende alimentos vencidos em supermercado de Ponta Grossa,04/04/2023 14:32,https://g1.globo.com/pr/campos-gerais-sul/noticia/2023/04/04/policia-civil-apreende-alimentos-vencidos-em-supermercado-de-ponta-grossa.ghtml
2023-03-27,termina,Justiça determina paralisação de obra de supermercado no Urbanova em São José dos Campos,16/06/2023 11:59,https://g1.globo.com/sp/vale-do-paraiba-regiao/noticia/2023/06/16/justica-determina-paralisacao-de-obra-de-supermercado-no-urbanova-em-sao-jose-dos-campos.ghtml
2023-03-27,acaba,"Homem furta supermercado, é encontrado em fazenda da prefeita de Mucajaí e acaba preso",06/04/2023 15:30,https://g1.globo.com/rr/roraima/noticia/2023/04/06/homem-furta-supermercado-e-encontrado-em-fazenda-da-prefeita-de-mucajai-e-acaba-preso.ghtml
2023-03-27,acaba,"Discussão em frente a supermercado acaba com um homem morto na Estrutural, no DF",27/04/2023 20:15,https://g1.globo.com/df/distrito-federal/noticia/2023/04/27/discussao-em-frente-a-supermercado-acaba-com-um-homem-morto-na-estrutural-no-df.ghtml
2023-03-27,fila,Homem leva tiro na barriga dentro de supermercado durante briga por causa de fila,30/04/2023 18:10,https://g1.globo.com/pe/pernambuco/noticia/2023/04/30/homem-leva-tiro-dentro-de-supermercado-durante-briga-por-causa-de-fila.ghtml
2023-03-27,termina,Justiça determina internação de adolescente suspeita de cortar pescoço de mulher em banheiro de supermercado,18/04/2023 18:04,https://g1.globo.com/to/tocantins/noticia/2023/04/18/justica-determina-internacao-de-adolescente-suspeita-de-cortar-pescoco-de-mulher-em-banheiro-de-supermercado.ghtml
2023-03-27,compra,"Homem que jogou carrinho de compras em mulher dentro de supermercado é preso, diz polícia",15/04/2023 12:51,https://g1.globo.com/go/goias/noticia/2023/04/15/homem-que-jogou-carrinho-de-compras-em-mulher-dentro-de-supermercado-e-preso-diz-policia.ghtml
2023-03-27,produto,Grávida e dois homens são presos após roubarem R$ 10 mil em produtos em supermercado,23/04/2023 13:05,https://g1.globo.com/pe/pernambuco/noticia/2023/04/23/gravida-e-dois-homens-sao-presos-apos-praticarem-furtos-em-supermercado.ghtml
2023-03-27,compra,Mulher aplica golpe do PIX em supermercado e é presa em flagrante enquanto recebia compras,31/05/2023 16:14,https://g1.globo.com/mg/grande-minas/noticia/2023/05/31/mulher-aplica-golpe-do-pix-em-supermercado-e-e-presa-em-flagrante-enquanto-recebia-compras.ghtml
2023-03-27,compra,Homem que jogou carrinho de compras em mulher dentro de supermercado tem prisão decretada pela Justiça,15/04/2023 07:10,https://g1.globo.com/go/goias/noticia/2023/04/14/justica-decreta-prisao-de-acusado-de-jogar-carrinho-de-compras-em-mulher-dentro-de-supermercado-em-goias.ghtml
2023-03-27,interditado,"Açougue de supermercado interditado por armazenar carne em caixa d'água volta a funcionar em Linhares, ES",03/05/2023 11:06,https://g1.globo.com/es/espirito-santo/noticia/2023/05/03/acougue-de-supermercado-interditado-por-armazenar-carne-em-caixa-dagua-volta-a-funcionar-em-linhares-es.ghtml
2023-03-27,interditado,Supermercado atacadista é interditado após fiscais encontrarem sujeira e até fezes de animais em depósito,30/05/2023 09:38,https://g1.globo.com/to/tocantins/noticia/2023/05/29/supermercado-atacadista-e-interditado-apos-fiscais-encontrarem-sujeira-e-ate-fezes-de-animais-em-deposito.ghtml
2023-06-26,preço,Clima influencia variação de preços de alimentos e comportamento de consumidores no Alto Tietê,22/07/2023 20:31,https://g1.globo.com/sp/mogi-das-cruzes-suzano/noticia/2023/07/22/clima-influencia-variacao-de-precos-de-alimentos-e-comportamento-de-consumidores-no-alto-tiete.ghtml
2023-06-26,alimento,Vigilância Sanitária descarta 44 kg de alimentos vencidos em supermercados de Cabo Frio,04/08/2023 17:47,https://g1.globo.com/rj/regiao-dos-lagos/noticia/2023/08/04/operacao-da-vigilancia-sanitaria-flagra-produtos-vencidos-em-mercados-de-cabo-frio.ghtml
2023-06-26,abastecimento,"Problemas de abastecimento afetam mais de 70% dos supermercados em pelo menos 7 estados e DF, diz Abras",31/08/2023 18:07,https://g1.globo.com/economia/noticia/2022/11/01/mais-de-70percent-dos-supermercados-enfrentam-problema-de-abastecimento-em-pelo-menos-7-estados-e-df-aponta-abras.ghtml
2023-06-26,produto,"Mais de 500 produtos vencidos e estragados, entre pães e biscoitos, são apreendidos em supermercados no ES",23/08/2023 19:44,https://g1.globo.com/es/espirito-santo/noticia/2023/08/23/mais-de-500-produtos-vencidos-e-estragados-entre-paes-e-biscoitos-sao-apreendidos-em-supermercados-no-es.ghtml
2023-06-26,aumentar,"Supermercados dizem que reforma tributária vai aumentar imposto da cesta básica; 'conta está errada', rebate secretário",01/07/2023 16:56,https://g1.globo.com/sp/sao-paulo/noticia/2023/07/01/com-reforma-tributaria-imposto-da-cesta-basica-vai-ficar-muito-proximo-do-atual-diz-appy.ghtml
2023-06-26,falta,"Moscas, falta de higiene e mais de 400 kg de carnes estragadas: açougues de supermercados são interditados no Norte do ES",14/07/2023 14:13,https://g1.globo.com/es/espirito-santo/norte-noroeste-es/noticia/2023/07/13/moscas-falta-de-higiene-e-mais-de-400-kg-de-carnes-estragadas-acougues-de-supermercados-sao-interditados-no-norte-do-es.ghtml
2023-06-26,termina,"Briga entre vizinhos termina com uma pessoa morta e outra ferida, em Belo Horizonte",14/08/2023 15:47,https://g1.globo.com/mg/minas-gerais/noticia/2023/08/14/briga-entre-vizinhos-termina-com-uma-pessoa-morta-e-outra-ferida-em-belo-horizonte.ghtml
2023-06-26,acaba,Grupo invade mercado atacadista e um homem acaba preso por furto no litoral de SP,01/07/2023 10:33,https://g1.globo.com/sp/santos-regiao/noticia/2023/07/01/grupo-invade-mercado-atacadista-e-um-homem-acaba-preso-por-furto-no-litoral-de-sp.ghtml
2023-06-26,produto,"Em setembro, compre produtos da Fumacense Alimentos e contribua com o Bairro da Juventude",05/09/2023 10:33,https://g1.globo.com/sc/santa-catarina/especial-publicitario/grupo-ezos/grupo-ezos/noticia/2023/09/05/em-setembro-compre-produtos-da-fumacense-alimentos-e-contribua-com-o-bairro-da-juventude.ghtml
2023-06-26,preço,"Preço do quilo do feijão cai mais de 20%, em Presidente Prudente",28/08/2023 09:36,https://g1.globo.com/sp/presidente-prudente-regiao/noticia/2023/08/28/preco-do-quilo-do-feijao-cai-mais-de-20percent-em-presidente-prudente.ghtml
2023-06-26,preço,Preço da carne em queda: filé-mignon foi o que mais barateou,15/09/2023 10:00,https://g1.globo.com/economia/agronegocios/noticia/2023/09/15/preco-da-carne-em-queda-file-mignon-foi-o-que-mais-barateou.ghtml
2023-06-26,preço,"Preço da cesta básica sobe, em média, R$ 38 em Presidente Prudente",13/07/2023 09:37,https://g1.globo.com/sp/presidente-prudente-regiao/noticia/2023/07/13/preco-da-cesta-basica-sobe-em-media-r-38-em-presidente-prudente.ghtml
2023-06-26,produto,"Mais caros, produtos de higiene e limpeza vão na contramão da deflação; entenda",28/07/2023 17:24,https://g1.globo.com/sp/campinas-regiao/noticia/2023/07/28/entenda-por-que-produtos-de-higiene-e-limpeza-estao-mais-caros-e-vao-na-contramao-da-deflacao.ghtml
2023-06-26,produto,Panificadora é interditada após Vigilância Sanitária encontrar vários produtos vencidos,02/08/2023 12:26,https://g1.globo.com/to/tocantins/noticia/2023/08/02/panificadora-e-interditada-apos-vigilancia-sanitaria-encontrar-varios-produtos-vencidos.ghtml
2023-06-26,compra,Rede de supermercados anuncia compra de terreno de antiga fábrica da Campari em Sorocaba,10/08/2023 18:06,https://g1.globo.com/sp/sorocaba-jundiai/noticia/2023/08/10/rede-de-supermercados-anuncia-compra-de-terreno-de-antiga-fabrica-da-campari-em-sorocaba.ghtml
2023-06-26,quantidade,Posto em Teresópolis tem bicos de etanol interditados por vender quase meio litro a menos da quantidade indicada na bomba,29/06/2023 13:44,https://g1.globo.com/rj/regiao-serrana/noticia/2023/06/29/posto-em-teresopolis-tem-bicos-de-etanol-interditados-por-vender-quase-meio-litro-a-menos-da-quantidade-indicada-na-bomba.ghtml
2023-06-26,alimento,MP flagra venda de alimentos vencidos em fiscalização a supermercados em Campo Belo,03/09/2023 11:40,https://g1.globo.com/mg/sul-de-minas/noticia/2023/09/03/mp-flagra-venda-de-alimentos-vencidos-em-fiscalizacao-a-supermercados-em-campo-belo.ghtml
2023-06-26,preço,"Preço da dúzia do ovo sobe 36,8% em um ano em Curitiba e chega à casa dos R$ 11; entenda por que",20/07/2023 08:29,https://g1.globo.com/pr/parana/economia/noticia/2023/07/20/preco-da-duzia-do-ovo-sobe-368percent-em-um-ano-em-curitiba-e-chega-a-casa-dos-r-11-entenda-por-que.ghtml
2023-06-26,compra,"Tauste Supermercados divulga contemplados na Promoção ""Cada Compra é um Flash”",10/07/2023 16:19,https://g1.globo.com/sp/bauru-marilia/especial-publicitario/tauste-supermercados/noticia/2023/07/10/tauste-supermercados-divulga-contemplados-na-promocao-cada-compra-e-um-flash.ghtml
2023-06-26,preço,"Preço da cebola cai, em média, 19,25% nos supermercados de Presidente Prudente",30/06/2023 09:56,https://g1.globo.com/sp/presidente-prudente-regiao/noticia/2023/06/30/cesta-basica-esta-em-media-r-15-mais-barata-em-presidente-prudente.ghtml
2023-06-26,produto,Produtos explodiram e foram arremessados durante incêndio em supermercado; VÍDEO,29/07/2023 19:46,https://g1.globo.com/to/tocantins/noticia/2023/07/29/produtos-explodiram-e-foram-arremessados-durante-incendio-em-supermercado-video.ghtml
2023-06-26,crise,Crise econômica na Argentina gera 'turismo de supermercado' de países vizinhos,14/07/2023 08:38,https://g1.globo.com/mundo/noticia/2023/07/13/crise-economica-na-argentina-gera-turismo-de-supermercado-de-paises-vizinhos.ghtml
2023-06-26,preço,Preço da carne continua caindo mais no campo do que no supermercado,14/09/2023 11:44,https://g1.globo.com/economia/agronegocios/noticia/2023/09/12/preco-da-carne-continua-caindo-mais-no-campo-do-que-no-supermercado.ghtml
2023-06-26,produto,Gerente de supermercado é preso após vender produtos vencidos e estragados em Indaiatuba,29/06/2023 12:53,https://g1.globo.com/sp/campinas-regiao/noticia/2023/06/29/gerente-de-supermercado-e-preso-apos-vender-produtos-vencidos-e-estragados-em-indaiatuba.ghtml
2023-06-26,produto,VÍDEO: Pombos aparecem voando e bicando produtos em corredores de supermercado dentro de shopping no ES,31/07/2023 12:04,https://g1.globo.com/es/espirito-santo/noticia/2023/07/31/video-pombos-aparecem-voando-e-bicando-produtos-em-corredores-de-supermercado-dentro-de-shopping-no-es.ghtml
2023-06-26,estoque,"Refletor aquece, queima estoque de papel higiênico e destrói parte de depósito de supermercado em MG",19/09/2023 09:48,https://g1.globo.com/mg/vales-mg/noticia/2023/09/19/refletor-aquece-queima-estoque-de-papel-higienico-e-destroi-parte-de-deposito-de-supermercado-em-mg.ghtml
2023-06-26,produto,Consumidores procuram produtos perto do vencimento como alternativa para baratear supermercado,08/08/2023 14:42,https://g1.globo.com/jornal-hoje/noticia/2023/08/08/consumidores-procuram-produtos-perto-do-vencimento-como-alternativa-para-baratear-supermercado.ghtml
2023-06-26,produto,Suspeitos de furtar quase 50 kg de produtos em supermercado de Volta Redonda são presos no Rio,31/08/2023 08:15,https://g1.globo.com/rj/sul-do-rio-costa-verde/noticia/2023/08/31/presos-suspeitos-de-furtar-supermercado.ghtml
2023-06-26,vazia,VÍDEO: Brasileira mostra prateleiras vazias em supermercado e furacão se aproximando da Flórida: 'Preparada para o pior',30/08/2023 13:16,https://g1.globo.com/es/espirito-santo/noticia/2023/08/30/video-brasileira-mostra-prateleiras-vazias-em-supermercado-e-furacao-se-aproximando-da-florida-preparada-para-o-pior.ghtml
2023-06-26,compra,Mulher entrega bilhete com pedido de socorro em supermercado e é resgatada por policial que fazia compras,04/09/2023 19:41,https://g1.globo.com/ms/mato-grosso-do-sul/noticia/2023/09/04/mulher-entrega-bilhete-com-pedido-de-socorro-em-supermercado-e-e-resgatada-por-policial-que-fazia-compras.ghtml
2023-06-26,fila,Motorista é condenado por atropelar de propósito e matar homem após discussão por demora em fila de supermercado; vídeo,11/08/2023 09:22,https://g1.globo.com/go/goias/noticia/2023/08/11/motorista-e-condenado-por-atropelar-de-proposito-e-matar-homem-apos-discussao-por-demora-em-fila-de-supermercado.ghtml
2023-06-26,compra,Crianças de 3 e 5 anos são identificadas em situação de abandono ao tentarem comprar bolo e cerveja em supermercado,18/08/2023 11:38,https://g1.globo.com/mg/triangulo-mineiro/noticia/2023/08/18/criancas-de-3-e-5-anos-sao-identificadas-em-situacao-de-abandono-ao-tentarem-comprar-bolo-e-cerveja-em-supermercado.ghtml
2023-06-26,prateleira,"Vídeo mostra quando homem invade supermercado com facão, derruba prateleiras e só é contido após ser atingido por arma de choque",03/08/2023 15:28,https://g1.globo.com/go/goias/noticia/2023/08/03/video-mostra-quando-homem-invade-supermercado-com-facao-derruba-prateleiras-e-so-e-contido-apos-ser-atingido-por-arma-de-choque-disparada-por-policiais.ghtml
2023-06-26,acaba,"Mulher tenta usar cheque furtado para fazer compra em supermercado, mas acaba denunciada por funcionários e presa em flagrante, em Pacaembu",10/08/2023 17:56,https://g1.globo.com/sp/presidente-prudente-regiao/noticia/2023/08/10/mulher-tenta-usar-cheque-furtado-para-fazer-compra-em-supermercado-mas-acaba-denunciada-por-funcionarios-e-presa-em-flagrante-em-pacaembu.ghtml
2023-06-26,dispara,Arma de vigilante de carro-forte dispara e estilhaços deixam dois feridos em supermercado de Mogi Guaçu,22/07/2023 20:14,https://g1.globo.com/sp/campinas-regiao/noticia/2023/07/22/arma-de-vigilante-de-carro-forte-dispara-e-estilhacos-deixam-dois-feridos-em-supermercado-de-mogi-guacu.ghtml
2023-09-25,compra,Empresa de investimentos compra rede de supermercados da Bahia; estimativa é de cerca de 20 mil novos empregos diretos,04/10/2023 08:18,https://g1.globo.com/ba/bahia/noticia/2023/10/04/empresa-de-investimentos-compra-rede-de-supermercados-da-bahia-estimativa-e-de-cerca-de-20-mil-novos-empregos-diretos.ghtml
2023-09-25,aumento,Cebola tem aumento de preço superior a 80% e ajuda a elevar valor da cesta básica em Presidente Prudente,30/10/2023 13:51,https://g1.globo.com/sp/presidente-prudente-regiao/noticia/2023/10/30/cebola-tem-aumento-de-preco-superior-a-80percent-e-ajuda-a-elevar-valor-da-cesta-basica-em-presidente-prudente.ghtml
2023-09-25,comida,Moradores coletam comida em caminhão de lixo em Fortaleza; vídeo,08/12/2023 08:15,https://g1.globo.com/ce/ceara/noticia/2021/10/18/moradores-coletam-comida-em-caminhao-de-lixo-em-fortaleza.ghtml
2023-09-25,preço,"Cesta básica fica R$ 30 mais barata em Presidente Prudente, aponta levantamento de preços",02/10/2023 18:57,https://g1.globo.com/sp/presidente-prudente-regiao/noticia/2023/10/02/cesta-basica-fica-r-30-mais-barata-em-presidente-prudente-aponta-levantamento-de-precos.ghtml
2023-09-25,aumento,"Com aumento de 0,69% em três meses, preço da cesta básica se mantém estável em Rio Branco",05/12/2023 18:27,https://g1.globo.com/ac/acre/noticia/2023/12/05/com-aumento-de-069percent-em-tres-meses-preco-da-cesta-basica-se-mantem-estavel-em-rio-branco.ghtml
2023-09-25,preço,Pesquisa realizada pela Fundação Procon-SP constata diferenças de preços de até 43% na Ceia de Natal em Presidente Prudente,15/12/2023 17:28,https://g1.globo.com/sp/presidente-prudente-regiao/noticia/2023/12/15/pesquisa-realizada-pela-fundacao-procon-sp-constata-diferencas-de-precos-de-ate-43percent-na-ceia-de-natal-em-presidente-prudente.ghtml
2023-09-25,produto,Operação Natal: universitários de São Carlos arrecadam alimentos e produtos de higiene e limpeza para instituições; veja como ajudar,10/11/2023 11:02,https://g1.globo.com/sp/sao-carlos-regiao/noticia/2023/11/10/operacao-natal-universitarios-de-sao-carlos-arrecadam-alimentos-e-produtos-de-higiene-e-limpeza-para-instituicoes-veja-como-ajudar.ghtml
2023-09-25,preço,Preços dos itens da ceia de Natal podem variar até 143% em Palmas; veja pesquisa,13/12/2023 17:14,https://g1.globo.com/to/tocantins/noticia/2023/12/13/precos-dos-itens-da-ceia-de-natal-podem-variar-ate-143percent-em-palmas-veja-pesquisa.ghtml
2023-09-25,vazia,Homem é preso em flagrante por furto de 20 garrafas de 300 ml vazias em Osvaldo Cruz,20/12/2023 19:05,https://g1.globo.com/sp/presidente-prudente-regiao/noticia/2023/12/19/homem-e-preso-em-flagrante-por-furto-de-20-garrafas-vazias-de-romarinho-em-osvaldo-cruz.ghtml
2023-09-25,produto,"Chocolate, suco e sabonete: veja produtos que ficaram mais caros, mas diminuíram de tamanho",16/10/2023 09:27,https://g1.globo.com/economia/noticia/2023/10/13/chocolate-suco-e-sabonete-veja-produtos-que-ficaram-mais-caros-mas-diminuiram-de-tamanho.ghtml
2023-09-25,comida,Famílias coletam restos de comida de caminhão de lixo em Fortaleza 'para ter o que comer',08/12/2023 08:12,https://g1.globo.com/ce/ceara/noticia/2023/06/24/familias-coletam-restos-de-comida-de-caminhao-de-lixo-em-fortaleza-para-ter-o-que-comer.ghtml
2023-09-25,itens,Cesta básica: supermercados e agro criticam 'cashback' na reforma tributária e pedem alíquota menor em itens,01/11/2023 09:31,https://g1.globo.com/economia/noticia/2023/11/01/cesta-basica-supermercados-e-agro-criticam-cashback-na-reforma-tributaria-e-pedem-aliquota-menor.ghtml
2023-09-25,chuva,Curitiba tem 105 pontos de arrecadação para ajudar vítimas das chuvas no Paraná; veja lista e o que doar,16/10/2023 15:11,https://g1.globo.com/pr/parana/noticia/2023/10/16/curitiba-tem-105-pontos-de-arrecadacao-para-ajudar-vitimas-das-chuvas-no-parana-veja-lista-e-o-que-doar.ghtml
2023-09-25,preço,"Preço do quilo do bacalhau pode passar de R$ 200 em João Pessoa, aponta Procon",06/12/2023 11:07,https://g1.globo.com/pb/paraiba/noticia/2023/12/06/preco-do-quilo-do-bacalhau-pode-passar-de-r-200-em-joao-pessoa-aponta-procon.ghtml
2023-09-25,preço,"Cesta básica fica R$ 7,44 mais barata nos supermercados de Presidente Prudente, aponta pesquisa de preços",11/12/2023 15:37,https://g1.globo.com/sp/presidente-prudente-regiao/noticia/2023/12/11/cesta-basica-fica-r-744-mais-barata-nos-supermercados-de-presidente-prudente-aponta-pesquisa-de-precos.ghtml
2023-09-25,compra,Envelopes com dinheiro e compra de casa: O que se sabe sobre o gerente suspeito de desviar quase R$ 500 mil de supermercado,18/11/2023 06:01,https://g1.globo.com/to/tocantins/noticia/2023/11/18/envelopes-com-dinheiro-e-compra-de-casa-o-que-se-sabe-sobre-o-gerente-suspeito-de-desviar-quase-r-500-mil-de-supermercado.ghtml
2023-09-25,preço,Pesquisa aponta diferença superior a 200% nos preços da margarina e do absorvente entre supermercados,21/12/2023 12:46,https://g1.globo.com/sp/presidente-prudente-regiao/noticia/2023/12/21/pesquisa-aponta-diferenca-superior-a-200percent-nos-precos-da-margarina-e-do-absorvente-entre-supermercados.ghtml
2023-09-25,produto,Supermercado investe em mix variado de produtos para pets,21/11/2023 15:03,https://g1.globo.com/sp/campinas-regiao/especial-publicitario/covabra/noticia/2023/03/14/supermercado-investe-em-mix-variado-de-produtos-para-pets.ghtml
2023-09-25,preço,Preços de itens da ceia de Natal variam em até R$ 24 em supermercados de Boa Vista,18/12/2023 12:34,https://g1.globo.com/rr/roraima/noticia/2023/12/18/precos-de-itens-da-ceia-de-natal-variam-em-ate-r-24-em-supermercados-de-boa-vista.ghtml
2023-09-25,compra,É #FAKE vídeo em que carrinho de compras 'fantasma' anda sozinho na madrugada em supermercado,20/10/2023 12:43,https://g1.globo.com/fato-ou-fake/noticia/2023/10/20/e-fake-video-em-que-carrinho-de-compras-fantasma-anda-sozinho-na-madrugada-em-supermercado.ghtml
2023-09-25,acaba,"Tentativa de assalto em supermercado acaba em tiroteio e mulher baleada em Ananindeua, na Grande Belém",18/10/2023 16:34,https://g1.globo.com/pa/para/noticia/2023/10/18/tentativa-de-assalto-em-supermercado-acaba-em-tiroteio-e-mulher-baleada-em-ananindeua-na-grande-belem.ghtml
2023-09-25,termina,"Roubo a supermercado termina com perseguição, troca de tiros e mais de R$ 14 mil recuperados",27/11/2023 12:14,https://g1.globo.com/mg/triangulo-mineiro/noticia/2023/11/27/roubo-a-supermercado-termina-com-perseguicao-troca-de-tiros-e-mais-de-r-14-mil-recuperados.ghtml
2023-09-25,compra,"Gerente é suspeito de desviar quase R$ 500 mil de supermercado e comprar casa, diz polícia",17/11/2023 12:55,https://g1.globo.com/to/tocantins/noticia/2023/11/16/gerente-e-suspeito-de-desviar-quase-r-500-mil-de-supermercado-e-comprar-casa-diz-policia.ghtml
2023-09-25,compra,Suspeito de fraudar sistema de pontos de supermercado para não pagar compras é preso,20/12/2023 08:36,https://g1.globo.com/rj/sul-do-rio-costa-verde/noticia/2023/12/20/suspeito-de-fraudar-sistema-de-pontos-de-supermercado-para-nao-pagar-compras-e-preso.ghtml
2023-09-25,produto,"Entregador furta carnes, pizzas e cervejas de carrinho de supermercado, se arrepende e devolve produtos em Araçatuba",02/11/2023 15:26,https://g1.globo.com/sp/sao-jose-do-rio-preto-aracatuba/noticia/2023/11/02/entregador-furta-carnes-pizzas-e-cervejas-de-carrinho-de-supermercado-se-arrepende-e-devolve-produtos-em-aracatuba.ghtml
2023-09-25,chuva,"Chuva com ventos fortes na região de Campinas derruba telhado e árvores, danifica supermercado e deixa família ferida",07/10/2023 20:17,https://g1.globo.com/sp/campinas-regiao/noticia/2023/10/07/chuva-com-rajadas-de-vento-provoca-alagamentos-em-cidades-da-regiao-de-campinas.ghtml
2023-09-25,produto,"Casal é preso em Cabo Frio após sair de supermercado, sem pagar, com mais de R$ 500 em produtos",23/10/2023 18:20,https://g1.globo.com/rj/regiao-dos-lagos/noticia/2023/10/23/casal-e-preso-em-cabo-frio-apos-sair-de-supermercado-sem-pagar-com-mais-de-r-500-em-produtos.ghtml
2023-09-25,compra,Esposa de secretário de Justiça de RR é vista usando carro oficial blindado para fazer compras em supermercado no final de semana,22/11/2023 13:13,https://g1.globo.com/rr/roraima/noticia/2023/11/22/esposa-de-secretario-de-justica-de-rr-e-vista-usando-carro-oficial-blindado-para-fazer-compras-em-supermercado-no-final-de-semana.ghtml
2023-09-25,distribuição,MPRJ interdita centro de distribuição de carnes de rede de supermercados em Itaperuna,20/10/2023 18:47,https://g1.globo.com/rj/norte-fluminense/noticia/2023/10/20/mprj-interdita-centro-de-distribuicao-de-carnes-de-rede-de-supermercados-em-itaperuna.ghtml
2023-09-25,preço,Procon-AP fiscaliza preços e produtos nos supermercados durante festas de fim de ano,12/12/2023 11:32,https://g1.globo.com/ap/amapa/noticia/2023/12/12/procon-ap-fiscaliza-precos-e-produtos-nos-supermercados-durante-festas-de-fim-de-ano.ghtml
2023-09-25,alimento,"Após denúncias de infestação de ratos e alimentos estragados, supermercado é interditado em São José de Ribamar",01/11/2023 18:43,https://g1.globo.com/ma/maranhao/noticia/2023/11/01/apos-denuncias-de-infestacao-de-ratos-e-alimentos-estragados-supermercado-e-interditado-em-sao-jose-de-ribamar.ghtml
2023-12-25,produto,"Fiscais encontram mais de 1,4 mil produtos vencidos em dois supermercados de Paraíso",11/01/2024 20:41,https://g1.globo.com/to/tocantins/noticia/2024/01/11/fiscais-encontram-mais-de-14-mil-produtos-vencidos-em-dois-supermercados-de-paraiso.ghtml
2023-12-25,preço,"Diferença de preço de um mesmo ovo de Páscoa chega a 66% em supermercados de São José dos Campos, diz Procon",21/03/2024 23:02,https://g1.globo.com/sp/vale-do-paraiba-regiao/noticia/2024/03/21/diferenca-de-preco-de-um-mesmo-ovo-de-pascoa-chega-a-66percent-em-supermercados-de-sao-jose-dos-campos-diz-procon.ghtml
2023-12-25,acaba,"Homem esconde peça de picanha na cintura, mas acaba preso",31/01/2024 09:03,https://g1.globo.com/mg/zona-da-mata/noticia/2024/01/31/homem-esconde-peca-de-picanha-na-cintura-mas-acaba-preso-em-mg.ghtml
2023-12-25,alimento,MP apreende 6 toneladas de alimentos impróprios para o consumo em Tramandaí; FOTOS,09/02/2024 04:01,https://g1.globo.com/rs/rio-grande-do-sul/noticia/2024/02/09/mp-apreende-6-toneladas-de-alimentos-improprios-para-o-consumo-em-tramandai-fotos.ghtml
2023-12-25,chuva,Árvore cai e rompe fiação elétrica durante forte chuva em Penápolis; vídeo,19/01/2024 19:24,https://g1.globo.com/sp/sao-jose-do-rio-preto-aracatuba/noticia/2024/01/19/arvore-cai-e-rompe-fiacao-eletrica-durante-forte-chuva-em-penapolis-video.ghtml
2023-12-25,abastecimento,Procon fiscaliza preços abusivos após desabastecimento de água por vazamento de ácido em Joinville,30/01/2024 10:43,https://g1.globo.com/sc/santa-catarina/noticia/2024/01/30/procon-precos-abusivos-desabastecimento-agua-vazamento-rio-joinville-acido.ghtml
2023-12-25,preço,"Preço da cesta básica aumenta mais de 10% em três meses em Rio Branco, diz estudo",10/03/2024 16:30,https://g1.globo.com/ac/acre/noticia/2024/03/10/preco-da-cesta-basica-aumenta-mais-de-10percent-em-tres-meses-em-rio-branco-diz-estudo.ghtml
2023-12-25,distribuição,Presos suspeitos de furtar mais de R$ 2 milhões em produtos de centros de distribuição de rede de supermercado no MA,08/03/2024 17:05,https://g1.globo.com/ma/maranhao/noticia/2024/03/08/presos-suspeitos-de-furtar-mais-de-r-2-milhoes-em-produtos-de-centros-de-distribuicao-de-rede-de-supermercado-no-ma.ghtml
2023-12-25,temporal,"Uma pessoa morre e outras 10 ficam feridas durante temporal em Cachoeirinha, diz Defesa Civil",17/01/2024 14:43,https://g1.globo.com/rs/rio-grande-do-sul/noticia/2024/01/17/uma-pessoa-morre-e-outras-10-ficam-feridas-durante-temporal-em-cachoeirinha-diz-defesa-civil.ghtml
2023-12-25,alimento,'Este café não nasceu aqui': projeto em MG cria plaquinhas para explicar aos consumidores caminho dos alimentos até o supermercado,25/02/2024 09:30,https://g1.globo.com/mg/triangulo-mineiro/noticia/2024/02/25/este-cafe-nao-nasceu-aqui-projeto-em-mg-cria-plaquinhas-para-explicar-aos-consumidores-caminho-dos-alimentos-ate-o-supermercado.ghtml
2023-12-25,acaba,VÍDEO: Homem passa a mão nas nádegas de vizinha em supermercado e acaba preso por importunação sexual,21/03/2024 14:47,https://g1.globo.com/mg/triangulo-mineiro/noticia/2024/03/21/video-homem-passa-a-mao-nas-nadegas-de-vizinha-em-supermercado-e-acaba-preso-por-importunacao-sexual.ghtml
2023-12-25,compra,Vídeo mostra carro oficial de prefeitura sendo usado para levar compras de supermercado; município apura o caso,27/12/2023 13:29,https://g1.globo.com/sp/santos-regiao/noticia/2023/12/27/video-mostra-carro-oficial-de-prefeitura-sendo-usado-para-levar-compras-de-supermercado-municipio-apura-o-caso.ghtml
2023-12-25,alimento,"Com carrinho de supermercado, homem furta quase 50 pacotes de feijão e outros alimentos em Juiz de Fora",26/02/2024 12:39,https://g1.globo.com/mg/zona-da-mata/noticia/2024/02/26/com-carrinho-de-supermercado-homem-furta-quase-50-pacotes-de-feijao-e-outros-alimentos-em-juiz-de-fora.ghtml
2023-12-25,produto,É possível ter uma alimentação saudável e natural com produtos do supermercado?,20/02/2024 13:29,https://g1.globo.com/sc/santa-catarina/especial-publicitario/bistek-supermercados/noticia/2024/02/20/e-possivel-ter-uma-alimentacao-saudavel-e-natural-com-produtos-do-supermercado.ghtml
2023-12-25,termina,Briga em supermercado termina em agressão e prisão por racismo no RJ,19/02/2024 15:19,https://g1.globo.com/rj/rio-de-janeiro/noticia/2024/02/19/briga-em-supermercado-termina-em-agressao-e-prisao-por-racismo-no-rj.ghtml
2023-12-25,aumento,"Com queda nos preços de produtos básicos, consumo das famílias no supermercado aumentou em 2023",24/01/2024 21:22,https://g1.globo.com/jornal-nacional/noticia/2024/01/24/com-queda-nos-precos-de-produtos-basicos-consumo-das-familias-no-supermercado-aumentou-em-2023.ghtml
2023-12-25,estoque,Incêndio atinge estoque de supermercado no Grande Recife; VÍDEO,08/01/2024 14:26,https://g1.globo.com/pe/pernambuco/noticia/2024/01/08/incendio-atinge-estoque-de-supermercado-no-grande-recife-video.ghtml
2023-12-25,preço,"Barra do Ceará, Vila Velha e Carlito Pamplona têm os menores preços no supermercado em Fortaleza",01/02/2024 17:52,https://g1.globo.com/ce/ceara/noticia/2024/02/01/barra-do-ceara-vila-velha-e-carlito-pamplona-tem-os-menores-precos-de-supermercado-em-fortaleza.ghtml
2023-12-25,alagamento,Único supermercado de Monteiro Lobato (SP) perde mercadorias após alagamento: 'Depois da tempestade vem a bonança',02/03/2024 13:42,https://g1.globo.com/sp/vale-do-paraiba-regiao/noticia/2024/03/02/unico-supermercado-de-monteiro-lobato-sp-perde-mercadorias-apos-alagamento-depois-da-tempestade-vem-a-bonanca.ghtml
2023-12-25,alimento,"Cerca de 300 kg de alimentos são apreendidos em supermercado de Manacapuru, interior do AM",12/02/2024 15:28,https://g1.globo.com/am/amazonas/noticia/2024/02/12/cerca-de-300-kg-de-alimentos-sao-apreendidos-em-supermercado-de-manacapuru-interior-do-am.ghtml
2024-03-25,preço,"Preço da batata aumenta mais de 40% em três meses na capital, diz estudo",10/06/2024 11:44,https://g1.globo.com/ac/acre/noticia/2024/06/10/preco-da-batata-aumenta-mais-de-40percent-em-tres-meses-na-capital-diz-estudo.ghtml
2024-03-25,alimento,"30 quilos de carnes, hambúrgueres, pizzas e alimentos estragados são apreendidos em supermercados de Umuarama",08/05/2024 10:36,https://g1.globo.com/pr/norte-noroeste/noticia/2024/05/08/30-quilos-de-pizzas-hamburgueres-carnes-e-alimentos-estragados-sao-apreendidos-em-supermercado-de-umuarama.ghtml
2024-03-25,estoque,Venda de arroz é limitada em supermercados mesmo com a garantia de que há estoque para toda população,09/05/2024 13:55,https://g1.globo.com/mg/minas-gerais/noticia/2024/05/09/venda-de-arroz-e-limitada-em-supermercados-governo-diz-que-nao-ha-risco-de-desabastecimento.ghtml
2024-03-25,dispara,"Preço da batata dispara e ajuda a inflacionar cesta básica nos supermercados de Presidente Prudente, aponta pesquisa",24/05/2024 14:29,https://g1.globo.com/sp/presidente-prudente-regiao/noticia/2024/05/24/preco-da-batata-dispara-e-ajuda-a-inflacionar-cesta-basica-nos-supermercados-de-presidente-prudente-aponta-pesquisa.ghtml
2024-03-25,logística,"Enchentes no RS causam problemas de logística, e supermercados no MS começam a racionar alimentos",10/05/2024 09:44,https://g1.globo.com/ms/mato-grosso-do-sul/noticia/2024/05/09/com-estradas-bloqueadas-por-enchentes-no-rs-supermercados-de-ms-comecam-a-racionar-arroz.ghtml
2024-03-25,limitam,Supermercados de Ribeirão Preto limitam compra de arroz por problema logístico após tragédia climática no RS,17/05/2024 19:59,https://g1.globo.com/sp/ribeirao-preto-franca/noticia/2024/05/17/supermercados-de-ribeirao-preto-limitam-compra-de-arroz-por-problema-logistico-apos-tragedia-climatica-no-rs.ghtml
2024-03-25,preço,Confeiteiras aproveitam alta do preço de ovo de Páscoa nos supermercados e ganham clientela com produtos personalizados e mais em conta,28/03/2024 09:26,https://g1.globo.com/pr/parana/economia/noticia/2024/03/28/confeiteiras-aproveitam-alta-do-preco-de-ovo-de-pascoa-nos-supermercado-e-ganham-clientela-com-produtos-personalizados-e-mais-em-conta.ghtml
2024-03-25,preço,Efeitos do El Niño no clima ainda impactam nos preços dos alimentos,10/04/2024 20:38,https://g1.globo.com/jornal-nacional/noticia/2024/04/10/efeitos-do-el-nino-no-clima-ainda-impactam-nos-precos-dos-alimentos.ghtml
2024-03-25,produto,"'Latas enferrujadas, rótulos esfarelados': mercado é interditado por vender produtos danificados na enchente em Porto Alegre",22/06/2024 03:00,https://g1.globo.com/rs/rio-grande-do-sul/noticia/2024/06/22/latas-enferrujadas-rotulos-esfarelados-mercado-e-interditado-por-vender-produtos-danificados-na-enchente-em-porto-alegre.ghtml
2024-03-25,preço,"Preço do leite sobe pelo 4º mês consecutivo e derivados ficam mais caros em abril, diz estudo da Esalq",22/04/2024 14:31,https://g1.globo.com/sp/piracicaba-regiao/noticia/2024/04/22/preco-do-leite-sobe-pelo-4o-mes-consecutivo-e-derivados-ficam-mais-caros-em-abril-diz-estudo-da-esalq.ghtml
2024-03-25,falta,"Vai faltar arroz? Associação afasta risco, mas comportamento do consumidor pode fazer preço subir",10/05/2024 20:11,https://g1.globo.com/sp/campinas-regiao/noticia/2024/05/10/vai-faltar-arroz-associacao-afasta-risco-mas-comportamento-do-consumidor-pode-fazer-preco-subir.ghtml
2024-03-25,dispara,"Com aumento de 36,28%, quilo da batata dispara em supermercados de Presidente Prudente",14/06/2024 20:03,https://g1.globo.com/sp/presidente-prudente-regiao/noticia/2024/06/14/com-aumento-de-3628percent-quilo-da-batata-dispara-em-supermercados-de-presidente-prudente.ghtml
2024-03-25,interditado,Frigorífico é interditado após operação da Polícia Civil apreender 800 kg de carne clandestina no ES,14/06/2024 12:58,https://g1.globo.com/es/espirito-santo/noticia/2024/06/14/frigorifico-e-interditado-apos-operacao-da-policia-civil-apreender-800-kg-de-carne-clandestina-no-es.ghtml
2024-03-25,aumento,Comerciantes sentem reflexo no preço do arroz no interior de SP; Procon monitora para prevenir aumento abusivo,05/06/2024 16:12,https://g1.globo.com/sp/bauru-marilia/noticia/2024/06/05/procon-fiscaliza-supermercados-para-coibir-aumento-abusivo-do-preco-do-arroz-no-interior-de-sp.ghtml
2024-03-25,chuva,Temporais no RS: instituições de MT se mobilizam para ajudar as vítimas das chuvas; saiba onde e o que doar,08/05/2024 14:41,https://g1.globo.com/mt/mato-grosso/noticia/2024/05/06/temporais-no-rs-instituicoes-de-mt-se-mobilizam-para-ajudar-para-as-vitimas-das-chuva-saiba-onde-e-o-que-doar.ghtml
2024-03-25,prateleira,"Mateus é condenado a pagar R$ 10 milhões pela queda de prateleiras no Mix Atacarejo do Vinhais, em São Luís",04/06/2024 13:59,https://g1.globo.com/ma/maranhao/noticia/2024/06/04/mateus-e-condenado-a-pagar-r-10-milhoes-pela-queda-de-prateleiras-no-mix-atacarejo-do-vinhais-em-sao-luis.ghtml
2024-03-25,preço,"Preço da carne bovina cai mais de 15% entre fevereiro e maio, aponta estudo",13/05/2024 17:08,https://g1.globo.com/ac/acre/noticia/2024/05/13/preco-da-carne-bovina-cai-mais-de-15percent-entre-fevereiro-e-maio-aponta-estudo.ghtml
2024-03-25,produto,"Mais de 1,6 mil produtos vencidos são apreendidos durante operação em supermercados",29/04/2024 18:51,https://g1.globo.com/to/tocantins/noticia/2024/04/29/mais-de-16-mil-produtos-vencidos-sao-apreendidos-durante-operacao-em-supermeracados.ghtml
2024-03-25,abastecimento,"Com enchente no RS, varejo teme desabastecimento de arroz e limita venda do produto em Fortaleza",09/05/2024 08:32,https://g1.globo.com/ce/ceara/noticia/2024/05/09/com-enchente-no-rs-varejo-teme-desabastecimento-de-arroz-e-limita-venda-do-produto-em-fortaleza.ghtml
2024-03-25,alimento,"Pizza, carne, enlatados e até ovos: 300 kg de alimentos impróprios para consumo são aprendidos em supermercado de Juiz de Fora",23/04/2024 11:29,https://g1.globo.com/mg/zona-da-mata/noticia/2024/04/22/pizza-carne-enlatados-e-ate-ovos-300-kg-de-alimentos-improprios-para-consumo-sao-aprendidos-em-supermercado-de-juiz-de-fora.ghtml
2024-03-25,fila,Homem é golpeado com canivete durante discussão em fila de supermercado,19/04/2024 16:01,https://g1.globo.com/sp/santos-regiao/noticia/2024/04/19/homem-e-golpeado-com-canivete-durante-discussao-em-fila-de-supermercado.ghtml
2024-03-25,aumento,"Cesta básica tem aumento de 2,77% nos supermercados de Presidente Prudente",26/04/2024 14:58,https://g1.globo.com/sp/presidente-prudente-regiao/noticia/2024/04/26/cesta-basica-tem-aumento-de-277percent-nos-supermercados-de-presidente-prudente.ghtml
2024-03-25,preço,Preço nas alturas: Azeite ganha lacre antifurto em supermercado de Vitória,17/04/2024 16:37,https://g1.globo.com/es/espirito-santo/noticia/2024/04/17/preco-nas-alturas-azeite-ganha-lacre-antifurto-em-supermercado-de-vitoria.ghtml
2024-03-25,abastecimento,Medo do desabastecimento faz supermercado de Caruaru limitar venda de arroz,16/05/2024 12:25,https://g1.globo.com/pe/caruaru-regiao/noticia/2024/05/16/medo-do-desabastecimento-faz-supermercado-de-caruaru-limitar-venda-de-arroz.ghtml
2024-03-25,acaba,"Adolescentes matam aula, furtam whisky em supermercado e acabam apreendidos em MG",16/04/2024 09:56,https://g1.globo.com/mg/triangulo-mineiro/noticia/2024/04/16/adolescentes-matam-aula-furtam-whisky-em-supermercado-e-acabam-apreendidos-em-mg.ghtml
2024-03-25,alimento,Procon apreende 70 quilos de alimentos vencidos em supermercado na Grande Natal,12/06/2024 07:54,https://g1.globo.com/rn/rio-grande-do-norte/noticia/2024/06/12/procon-apreende-70-quilos-de-alimentos-vencidos-em-supermercado-na-grande-natal.ghtml
2024-03-25,fila,"VÍDEO: Polícia Civil apura suspeita de importunação sexual contra mulher em fila de supermercado, em MG",23/04/2024 13:26,https://g1.globo.com/mg/sul-de-minas/noticia/2024/04/23/video-policia-civil-apura-suspeita-de-importunacao-sexual-contra-mulher-em-fila-de-supermercado-em-mg.ghtml
2024-03-25,interditado,VÍDEO: cliente flagra rato em meio a frigorífico de supermercado no MA; estabelecimento é parcialmente interditado,29/04/2024 17:43,https://g1.globo.com/ma/maranhao/noticia/2024/04/29/video-cliente-flagra-rato-em-meio-a-frigorifico-de-supermercado-no-ma-estabelecimento-e-parcialmente-interditado.ghtml
2024-03-25,isolado,"Após incêndio, supermercado em Salinas, é isolado pelo Corpo de Bombeiros",14/04/2024 14:50,https://g1.globo.com/mg/grande-minas/noticia/2024/04/14/apos-incendio-supermercado-em-salinas-e-isolado-pelo-corpo-de-bombeiros.ghtml
2024-03-25,termina,"Operação contra suspeitos de atacar segurança em supermercado termina em 4 mortos em Balsas, no MA",05/04/2024 09:45,https://g1.globo.com/ma/maranhao/noticia/2024/04/05/operacao-contra-suspeitos-de-atacar-seguranca-em-supermercado-termina-em-4-mortos-em-balsas-no-maranhao.ghtml
2024-03-25,preço,"Preço da cesta básica em Piracicaba varia até 52,6% conforme o supermercado ou atacarejo, diz Esalq",30/03/2024 21:12,https://g1.globo.com/sp/piracicaba-regiao/noticia/2024/03/30/preco-da-cesta-basica-em-piracicaba-varia-ate-526percent-conforme-o-supermercado-ou-atacarejo-diz-esalq.ghtml
2024-03-25,fila,"Polícia Civil prende homem investigado por importunação sexual contra mulher em fila de supermercado, em MG",24/04/2024 19:31,https://g1.globo.com/mg/sul-de-minas/noticia/2024/04/24/policia-civil-prende-homem-investigado-por-importunacao-sexual-contra-mulher-em-fila-de-supermercado-em-mg.ghtml
2024-03-25,acaba,Homem de 20 anos com 81 anotações criminais é preso por furto a supermercado em Copacabana,03/04/2024 12:42,https://g1.globo.com/rj/rio-de-janeiro/noticia/2024/04/03/homem-e-preso-por-furto-a-supermercado-em-copacabana.ghtml
2024-03-25,corrida,Aplicativo de corrida mostra 'boca de fumo' em terreno baldio e 'nascimento de tartaruga' em supermercado no ES,07/05/2024 18:43,https://g1.globo.com/es/espirito-santo/noticia/2024/05/07/aplicativo-de-corrida-mostra-boca-de-fumo-em-terreno-baldio-e-nascimento-de-tartaruga-em-supermercado-no-es.ghtml
2024-03-25,termina,Justiça determina pagamento de R$ 20 mil de indenização para jovem agredida por suspeita de furto em supermercado de MG,24/05/2024 19:57,https://g1.globo.com/mg/sul-de-minas/noticia/2024/05/24/justica-determina-pagamento-de-r-20-mil-de-indenizacao-para-jovem-agredida-por-suspeita-de-furto-em-supermercado-de-mg.ghtml
2024-03-25,produto,"Carne, cachaça e cerveja: homem é preso por furtar mais de R$ 1 mil em produtos de supermercado em MG",31/05/2024 20:19,https://g1.globo.com/mg/triangulo-mineiro/noticia/2024/05/31/carne-cachaca-e-cerveja-homem-e-preso-por-furtar-mais-de-r-1-mil-em-produtos-de-supermercado-em-mg.ghtml
2024-03-25,fila,Polícia confirma que homem investigado por importunação sexual se masturbou em fila de supermercado em MG,25/04/2024 14:55,https://g1.globo.com/mg/sul-de-minas/noticia/2024/04/25/policia-confirma-que-homem-investigado-por-importunacao-sexual-se-masturbou-em-fila-de-supermercado-em-mg.ghtml
2024-06-24,acaba,"Mulher furta picanha, Nutella e balas Fini e acaba presa em Vila Velha, ES",11/09/2024 14:36,https://g1.globo.com/es/espirito-santo/noticia/2024/09/11/mulher-furta-picanha-nutella-e-balas-fini-e-acaba-presa-em-vila-velha-es.ghtml
2024-06-24,busca,Região nobre de Cuiabá atrai moradores em busca de qualidade de vida,01/07/2024 12:37,https://g1.globo.com/mt/mato-grosso/especial-publicitario/plaenge-empreendimentos/plaenge/noticia/2024/06/26/regiao-nobre-de-cuiaba-atrai-moradores-em-busca-de-qualidade-de-vida.ghtml
2024-06-24,compra,Uber é condenada pela Justiça após motorista furtar compras de duas passageiras em São Luís,26/07/2024 16:16,https://g1.globo.com/ma/maranhao/noticia/2024/07/26/uber-e-condenada-pela-justica-apos-motorista-furtar-compras-de-duas-passageiras-em-sao-luis.ghtml
2024-06-24,fila,Venda de ingresso para show de Paul McCartney em Florianópolis tem fila até o subsolo e bota para guardar lugar,26/06/2024 21:14,https://g1.globo.com/sc/santa-catarina/noticia/2024/06/26/venda-ingresso-paul-mccartney-florianopolis-fila.ghtml
2024-06-24,chuva,Câmera mostra momento em que parte do telhado de mercado desaba após forte chuva na Bahia,08/08/2024 10:54,https://g1.globo.com/ba/bahia/noticia/2024/08/08/parte-do-telhado-de-supermercado-desaba-apos-forte-chuva-na-regiao-metropolitana-de-salvador.ghtml
2024-06-24,dispara,Preço da cesta básica em Campinas 'dispara' e atinge maior valor da série histórica,11/07/2024 06:49,https://g1.globo.com/sp/campinas-regiao/noticia/2024/07/11/preco-da-cesta-basica-em-campinas-dispara-e-atinge-maior-valor-da-serie-historica.ghtml
2024-06-24,produto,"VÍDEO: Rede de mercados lavava produtos inundados pela enchente em Eldorado do Sul para vender em outra cidade, diz polícia",03/07/2024 18:09,https://g1.globo.com/rs/rio-grande-do-sul/noticia/2024/07/03/video-rede-de-mercados-lavava-produtos-inundados-pela-enchente-em-eldorado-do-sul-para-vender-em-outra-cidade-diz-policia.ghtml
2024-06-24,disparada,"Após disparada, preço da cesta básica recua e atinge menor valor do ano em Campinas",12/08/2024 15:01,https://g1.globo.com/sp/campinas-regiao/noticia/2024/08/12/apos-disparada-preco-da-cesta-basica-recua-e-atinge-menor-valor-do-ano-em-campinas.ghtml
2024-06-24,preço,"Pelo segundo mês consecutivo, preço da batata tem alta de mais de 20% em Piracicaba; entenda",27/07/2024 18:21,https://g1.globo.com/sp/piracicaba-regiao/noticia/2024/07/27/pelo-segundo-mes-consecutivo-preco-da-batata-tem-alta-de-mais-de-20percent-em-piracicaba-entenda.ghtml
2024-06-24,busca,"'Foi um recomeço', 'não penso em voltar', 'a gente faz nosso lar': os venezuelanos que cruzam país em busca de nova vida no Brasil",21/07/2024 05:31,https://g1.globo.com/rr/roraima/noticia/2024/07/21/foi-um-recomeco-nao-penso-em-voltar-a-gente-faz-nosso-lar-os-venezuelanos-que-cruzam-pais-em-busca-de-nova-vida-no-brasil.ghtml
2024-06-24,preço,Levantamento de preços aponta terceira deflação consecutiva na cesta básica em Pres. Prudente,13/08/2024 14:25,https://g1.globo.com/sp/presidente-prudente-regiao/noticia/2024/08/13/levantamento-de-precos-aponta-terceira-deflacao-consecutiva-na-cesta-basica-em-presidente-prudente.ghtml
2024-06-24,compra,"VÍDEO: Mercado pega fogo no Centro, em Uberlândia; causa pode ter sido curto-circuito em caixa de compras",05/08/2024 09:12,https://g1.globo.com/mg/triangulo-mineiro/noticia/2024/08/05/video-mercado-pega-fogo-no-centro-em-uberlandia-causa-pode-ter-sido-curto-circuito-em-caixa-de-compras.ghtml
2024-06-24,alimento,Quase 250 kg de alimentos impróprios para o consumo são apreendidos em 4 supermercados de Juiz de Fora,26/06/2024 06:57,https://g1.globo.com/mg/zona-da-mata/noticia/2024/06/25/quase-250-kg-de-alimentos-improprios-para-o-consumo-sao-apreendidos-em-4-supermercados-de-juiz-de-fora.ghtml
2024-06-24,preço,"Cesta básica fica 0,93% mais barata em junho nos supermercados de Presidente Prudente, aponta pesquisa de preços",28/06/2024 16:29,https://g1.globo.com/sp/presidente-prudente-regiao/noticia/2024/06/28/cesta-basica-fica-093percent-mais-barata-em-junho-nos-supermercados-de-presidente-prudente-aponta-pesquisa-de-precos.ghtml
2024-06-24,preço,"Levantamento de preços aponta que cesta básica fica 4,57% mais barata nos supermercados de Presidente Prudente",16/07/2024 17:02,https://g1.globo.com/sp/presidente-prudente-regiao/noticia/2024/07/16/levantamento-de-precos-aponta-que-cesta-basica-fica-457percent-mais-barata-nos-supermercados-de-presidente-prudente.ghtml
2024-06-24,produto,Quatro pessoas são presas em operação contra venda de produtos vencidos em supermercados no interior de SP,04/09/2024 17:25,https://g1.globo.com/sp/itapetininga-regiao/noticia/2024/09/04/quatro-pessoas-sao-presas-em-operacao-contra-venda-de-produtos-vencidos-em-supermercados-no-interior-de-sp.ghtml
2024-06-24,compra,"Cliente compra bombons com larvas em supermercado de Senador Canedo, diz Procon",02/08/2024 10:37,https://g1.globo.com/go/goias/noticia/2024/08/02/cliente-compra-bombons-com-larvas-em-supermercado-de-senador-canedo-diz-procon.ghtml
2024-06-24,alimento,Supermercado é autuado por comercializar 40 quilos de alimentos impróprios para consumo,05/07/2024 12:19,https://g1.globo.com/am/amazonas/noticia/2024/07/05/supermercado-e-autuado-por-comercializar-40-quilos-de-alimentos-improprios-para-consumo.ghtml
2024-06-24,produto,Quase 100 kg de produtos impróprios para uso são apreendidos em supermercado de Manaus,03/09/2024 13:00,https://g1.globo.com/am/amazonas/noticia/2024/09/03/quase-100-kg-de-alimentos-improprios-para-consumo-sao-apreendidos-em-supermercado-de-manaus.ghtml
2024-06-24,termina,Roubo a supermercado em MG termina em troca de tiros e criminoso morto no RJ,17/09/2024 11:58,https://g1.globo.com/mg/zona-da-mata/noticia/2024/09/17/roubo-a-supermercado-em-mg-termina-em-troca-de-tiros-e-criminoso-morto-no-rj.ghtml
2024-06-24,compra,Aposentado desaparece após deixar compras de supermercado em casa no litoral de SP,14/07/2024 15:02,https://g1.globo.com/sp/santos-regiao/noticia/2024/07/14/aposentado-desaparece-apos-deixar-compras-de-supermercado-em-casa-no-litoral-de-sp.ghtml
2024-06-24,termina,"Termina nesta terça prazo para candidatura em 300 vagas de emprego em supermercado, em Caraguatatuba",17/09/2024 10:08,https://g1.globo.com/sp/vale-do-paraiba-regiao/noticia/2024/09/17/termina-nesta-terca-prazo-para-candidatura-em-300-vagas-de-emprego-em-supermercado-em-caraguatatuba.ghtml
2024-06-24,acaba,Jovem tenta furtar 53 barras de chocolate após invadir supermercado e acaba preso em Presidente Prudente,26/07/2024 11:23,https://g1.globo.com/sp/presidente-prudente-regiao/noticia/2024/07/26/jovem-tenta-furtar-53-barras-de-chocolate-apos-invadir-supermercado-e-acaba-preso-em-presidente-prudente.ghtml
2024-06-24,acaba,"Homem esconde quase 4 kg de picanha furtada de supermercado dentro da bermuda, mas acaba preso em MG",28/08/2024 10:03,https://g1.globo.com/mg/zona-da-mata/noticia/2024/08/28/homem-esconde-quase-4-kg-de-picanha-furtada-de-supermercado-dentro-da-bermuda-mas-acaba-preso-em-mg.ghtml
2024-06-24,produto,Blitze flagram produtos e carnes vencidos e até com insetos em supermercados no ES,20/07/2024 15:59,https://g1.globo.com/es/espirito-santo/sul-es/noticia/2024/07/20/blitze-flagra-produtos-e-carnes-vencidos-e-ate-com-insetos-em-supermercados-no-es.ghtml
2024-06-24,estoque,Gerente de estoque é preso em rodovia de Itápolis suspeito de furtar supermercado onde trabalha,07/09/2024 11:49,https://g1.globo.com/sp/bauru-marilia/noticia/2024/09/07/gerente-de-estoque-e-preso-em-rodovia-de-itapolis-suspeito-de-furtar-supermercado-onde-trabalha.ghtml
2024-09-23,itens,Pesquisa do Procon encontra variação de 67% em itens para a Ceia de Natal,09/12/2024 12:44,https://g1.globo.com/ms/mato-grosso-do-sul/noticia/2024/12/09/pesquisa-do-procon-encontra-variacao-de-67percent-em-itens-para-a-ceia-de-natal.ghtml
2024-09-23,comida,Procon encontra mais de 200 kg de sabão em pó com indícios de falsificação e quase 32 kg de comida vencida em supermercados,13/11/2024 09:16,https://g1.globo.com/rj/sul-do-rio-costa-verde/noticia/2024/11/12/fiscalizacao-procon.ghtml
2024-09-23,busca,Polícia faz busca e apreensão contra suspeitos de roubo e venda de dados de empresas; uma das vítimas é uma rede de supermercados do MA,06/11/2024 16:32,https://g1.globo.com/ma/maranhao/noticia/2024/11/06/operacao-investiga-grupo-suspeito-de-roubo-e-venda-de-dados-de-empresas-em-sl-uma-das-vitimas-seria-grande-rede-de-supermercados-do-ma.ghtml
2024-09-23,compra,Homem é preso em flagrante após efetuar compras e utilizar falsos comprovantes de PIX em Lagarto,04/12/2024 14:39,https://g1.globo.com/se/sergipe/noticia/2024/12/04/homem-e-preso-em-flagrante-apos-efetuar-compras-e-utilizar-falsos-comprovantes-de-pix-em-lagarto.ghtml
2024-09-23,termina,"Mulher de 42 anos morre atropelada por ônibus no terminal integrado de passageiros de Abreu e Lima, no Grande Recife",15/11/2024 12:50,https://g1.globo.com/pe/pernambuco/noticia/2024/11/15/mulher-de-42-anos-morre-atropelada-por-onibus-no-terminal-integrado-de-passageiros-de-abreu-e-lima-no-grande-recife.ghtml
2024-09-23,alimento,"Solange Almeida grava DVD em show com participações de Taty Girl, João Gomes e Elba Ramalho; ingresso é kg de alimento",25/11/2024 15:10,https://g1.globo.com/ce/ceara/noticia/2024/11/25/solange-almeida-grava-dvd-em-show-com-participacoes-de-taty-girl-joao-gomes-e-elba-ramalho-ingresso-e-kg-de-alimento.ghtml
2024-09-23,compra,"'Quase 100% da carne comprada pelo Carrefour França é produzida na França', diz gigante do varejo após declaração polêmica de CEO",25/11/2024 14:51,https://g1.globo.com/economia/agronegocios/noticia/2024/11/21/quase-100percent-da-carne-comprada-pelo-carrefour-franca-e-produzida-na-franca-diz-gigante-do-varejo-apos-fala-polemica-de-ceo.ghtml
2024-09-23,temporal,Temporal provoca estragos e deixa bairros sem energia em cidades na região de Sorocaba,11/10/2024 20:57,https://g1.globo.com/sp/sorocaba-jundiai/noticia/2024/10/11/temporal-provoca-estragos-e-deixa-bairros-sem-energia-em-cidades-na-regiao-de-sorocaba.ghtml
2024-09-23,alimento,Entidade arrecada alimentos para cestas básicas de Natal em Bauru; veja com ajudar,13/11/2024 08:42,https://g1.globo.com/sp/bauru-marilia/noticia/2024/11/13/entidade-arrecada-alimentos-para-cestas-basicas-de-natal-em-bauru-veja-com-ajudar.ghtml
2024-09-23,compra,Produtores rurais do Mercosul reagem à decisão do Carrefour de parar de comprar carne do bloco: 'Atitude protecionista e equivocada',21/11/2024 19:20,https://g1.globo.com/economia/agronegocios/noticia/2024/11/21/produtores-rurais-do-mercosul-reagem-a-decisao-do-carrefour-de-parar-de-comprar-carne-do-bloco.ghtml
2024-09-23,disparada,VÍDEO: Boi derruba dono e foge em disparada pelas ruas de cidade em Goiás,19/11/2024 18:00,https://g1.globo.com/go/goias/noticia/2024/11/19/video-boi-derruba-dono-e-foge-em-disparada-pelas-ruas-de-cidade-em-goias.ghtml
2024-09-23,preço,Mudanças climáticas e redução da oferta impactam preço do café no Brasil e no mundo,26/09/2024 21:59,https://g1.globo.com/jornal-nacional/noticia/2024/09/26/mudancas-climaticas-e-reducao-da-oferta-impactam-preco-do-cafe-no-brasil-e-no-mundo.ghtml
2024-09-23,aumento,‘Ouro líquido’: aumento do preço do azeite faz supermercados colocarem proteção antifurto nas garrafas do produto,28/10/2024 14:31,https://g1.globo.com/fantastico/noticia/2024/10/27/ouro-liquido-aumento-do-preco-do-azeite-faz-supermercados-colocarem-protecao-antifurto-nas-garrafas-do-produto.ghtml
2024-09-23,vazia,Dupla é presa após furto de caixas com garrafas de bebidas vazias em MG; dona de bar foi detida por receptação,08/11/2024 09:35,https://g1.globo.com/mg/sul-de-minas/noticia/2024/11/08/dupla-e-presa-apos-furto-de-cascos-de-bebida-vazios-em-ipuiuna-mg-dona-de-bar-e-detida-por-receptacao.ghtml
2024-09-23,chuva,"Chuva alaga casas, supermercados e shopping em Uberaba; árvores caíram e ruas ficaram destruídas",26/10/2024 18:36,https://g1.globo.com/mg/triangulo-mineiro/noticia/2024/10/26/chuva-alaga-casas-supermercados-e-shopping-em-uberaba-arvores-cairam-e-ruas-ficaram-destruidas.ghtml
2024-09-23,compra,"Carro desgovernado atinge sete motocicletas, três automóveis e dois carrinhos de compras em supermercado na Bahia",08/10/2024 16:44,https://g1.globo.com/ba/bahia/noticia/2024/10/07/carro-desgovernado-atinge-veiculos-em-juazeiro.ghtml
2024-09-23,compra,Polícia investiga se supermercados compraram carne de abatedouro ilegal em Natal,29/10/2024 12:33,https://g1.globo.com/rn/rio-grande-do-norte/noticia/2024/10/29/policia-investiga-se-supermercados-compraram-carne-de-abatedouro-ilegal-em-natal.ghtml
2024-09-23,produto,Mais de 200 produtos fora da validade são encontrados em dois supermercados de Macapá,07/12/2024 12:04,https://g1.globo.com/ap/amapa/noticia/2024/12/07/mais-de-200-produtos-fora-da-validade-sao-encontrados-em-dois-supermercados-de-macapa.ghtml
2024-09-23,estoque,Incêndio atinge estoque de supermercado em Santos; VÍDEO,24/09/2024 18:32,https://g1.globo.com/sp/santos-regiao/noticia/2024/09/24/incendio-atinge-estoque-de-supermercado-em-santos-video.ghtml
2024-09-23,chuva,"Estrutura de supermercado desaba sobre 26 veículos estacionados durante forte chuva, em Presidente Venceslau",08/11/2024 10:16,https://g1.globo.com/sp/presidente-prudente-regiao/noticia/2024/11/08/estrutura-de-supermercado-desaba-sobre-veiculos-estacionados-durante-forte-chuva-em-presidente-venceslau.ghtml
2024-09-23,comida,"Gerente de supermercado levava comida para suspeito de matá-la mesmo após separação, diz delegado",20/11/2024 06:32,https://g1.globo.com/go/goias/noticia/2024/11/20/gerente-de-supermercado-levava-comida-para-suspeito-de-mata-la-mesmo-apos-separacao-diz-delegado.ghtml
2024-09-23,produto,"Latas de cerveja, refrigerante e doces: suspeito de furtar produtos em supermercado é detido em Divinópolis",02/12/2024 17:05,https://g1.globo.com/mg/centro-oeste/noticia/2024/12/02/latas-de-cerveja-refrigerante-e-doces-suspeito-de-furtar-produtos-em-supermercado-e-detido-em-divinopolis.ghtml
2024-09-23,termina,"Tentativa de assalto a supermercado termina em troca de tiros, suspeito morto e vigilante ferido, em Belém",22/10/2024 22:26,https://g1.globo.com/pa/para/noticia/2024/10/22/tentativa-de-assalto-a-supermercado-termina-em-troca-de-tiros-em-belem.ghtml
2024-09-23,interditado,Supermercado é interditado por risco de desabamento,29/11/2024 10:48,https://g1.globo.com/ce/ceara/noticia/2024/11/29/supermercado-e-interditado-por-risco-de-desabamento.ghtml
2024-09-23,produto,"Energéticos, sucos e refrigerantes: homem é preso após tentar furtar R$ 2 mil em produtos de supermercado em Divinópolis",22/10/2024 12:16,https://g1.globo.com/mg/centro-oeste/noticia/2024/10/22/energeticos-sucos-e-refrigerantes-homem-e-preso-apos-tentar-furtar-r-2-mil-em-produtos-de-supermercado-em-divinopolis.ghtml
2024-09-23,compra,VÍDEO: Estudante montado a cavalo faz compras em supermercado e até para em caixa junto com o animal para pagar,10/12/2024 12:48,https://g1.globo.com/go/goias/noticia/2024/12/10/video-estudante-montado-a-cavalo-faz-compras-em-supermercado-e-ate-para-em-caixa-junto-com-o-animal-para-pagar.ghtml
2024-09-23,fila,Jovem de 23 anos denuncia injúria racial em fila de supermercado em Salvador: 'como chama uma pessoa de macaco na Bahia?',02/10/2024 12:31,https://g1.globo.com/ba/bahia/noticia/2024/10/02/denuncia-racismo-mercado-salvador.ghtml
2024-09-23,compra,Polícia identifica grupo suspeito de invadir sistema de supermercado e criar 'vouchers' para compras; prejuízo é de cerca de R$ 300 mil,28/10/2024 20:11,https://g1.globo.com/rn/rio-grande-do-norte/noticia/2024/10/28/policia-identifica-grupo-suspeito-de-invadir-sistema-de-supermercado-e-criar-vouchers-para-compras-prejuizo-e-de-cerca-de-r-300-mil.ghtml
2024-09-23,produto,"Morte de cinco pessoas em batida na BR-116, jovens flagrados com produtos furtados de supermercado e resgate de teiú: Veja as notícias mais lidas da semana",16/11/2024 20:39,https://g1.globo.com/mg/grande-minas/noticia/2024/11/16/morte-de-cinco-pessoas-em-batida-na-br-116-jovens-flagrados-com-produtos-furtados-de-supermercado-e-resgate-de-teiu-veja-as-noticias-mais-lidas-da-semana.ghtml
2024-09-23,prateleira,"Homem invade supermercado, derruba várias prateleiras e causa prejuízo de quase R$ 10 mil em MG; VÍDEO",11/11/2024 11:32,https://g1.globo.com/mg/zona-da-mata/noticia/2024/11/11/homem-invade-supermercado-derruba-varias-prateleiras-e-causa-prejuizo-de-quase-r-10-mil-em-mg-video.ghtml
2024-12-23,alagamento,"Chuva causa alagamentos e deixa pelo menos 30 pessoas desalojadas em Lavras, MG",27/01/2025 16:28,https://g1.globo.com/mg/sul-de-minas/noticia/2025/01/26/chuva-causa-transtornos-neste-domingo-no-sul-de-minas.ghtml
2024-12-23,preço,Brasileiros comem carcaça de frango e espinha de porco para driblar o preço dos alimentos,12/03/2025 15:25,https://g1.globo.com/economia/agronegocios/noticia/2025/03/12/brasileiros-comem-carcaca-de-frango-e-espinha-de-porco-para-driblar-os-altos-precos-dos-alimentos.ghtml
2024-12-23,produto,Café é um dos produtos que têm pressionado os índices de inflação,04/02/2025 21:12,https://g1.globo.com/jornal-nacional/noticia/2025/02/04/cafe-e-um-dos-produtos-que-tem-pressionado-os-indices-de-inflacao.ghtml
2024-12-23,preço,"Governo cogita reduzir imposto de importação de alguns alimentos para baixar preços, diz Rui Costa",24/01/2025 14:25,https://g1.globo.com/economia/noticia/2025/01/24/governo-cogita-reduzir-imposto-de-importacao-de-alguns-alimentos-para-baixar-precos-diz-rui-costa.ghtml
2024-12-23,temporal,Procon notifica Enel por deixar milhares de consumidores no escuro após temporal de terça na Grande SP,09/01/2025 18:41,https://g1.globo.com/sp/sao-paulo/noticia/2025/01/09/procon-notifica-enel-por-deixar-milhares-de-consumidores-no-escuro-apos-temporal-de-terca-na-grande-sp.ghtml
2024-12-23,chuva,Último dia do ano deve ter chuva na maior parte do país,30/12/2024 21:47,https://g1.globo.com/jornal-nacional/noticia/2024/12/30/ultimo-dia-do-ano-deve-ter-chuva-na-maior-parte-do-pais.ghtml
2024-12-23,dispara,"Preço do ovo dispara no ES, quase dobra em apenas um mês e chega a custar R$ 25 o pente com 30 unidades",19/02/2025 09:28,https://g1.globo.com/es/espirito-santo/agronegocios/noticia/2025/02/19/preco-do-ovo-dispara-no-es-quase-dobra-em-apenas-um-mes-e-chega-a-custar-r-25-o-pente-com-30-unidades.ghtml
2024-12-23,busca,"Vc viu? Buscas por desaparecidos após queda de ponte, policial civil baleado em barbearia, promessas de Braide, virada do ano e outras notícias da semana no g1 MA",05/01/2025 10:58,https://g1.globo.com/ma/maranhao/noticia/2025/01/05/vc-viu-buscas-por-desaparecidos-apos-queda-de-ponte-policial-civil-baleado-em-barbearia-promessas-de-braide-virada-do-ano-e-outras-noticias-da-semana-no-g1-ma.ghtml
2024-12-23,preço,Café fica 50% mais caro ao consumidor em 12 meses até janeiro; preço deve continuar subindo,11/02/2025 12:10,https://g1.globo.com/economia/agronegocios/noticia/2025/02/11/cafe-fica-50percent-mais-caro-ao-consumidor-em-12-meses-ate-janeiro-preco-deve-continuar-subindo.ghtml
2024-12-23,aumento,"Cesta básica tem leve queda em Rio Branco após iniciar ano com maior aumento em três meses, aponta Fecomércio",12/02/2025 09:00,https://g1.globo.com/ac/acre/noticia/2025/02/12/cesta-basica-tem-leve-queda-em-rio-branco-apos-iniciar-ano-com-maior-aumento-em-tres-meses-aponta-fecomercio.ghtml
2024-12-23,aumento,"Puxada pelos preços da carne e do café, cesta básica começa o ano com maior aumento dos últimos três meses em Rio Branco",14/01/2025 20:17,https://g1.globo.com/ac/acre/noticia/2025/01/14/puxada-pelos-precos-da-carne-e-do-cafe-cesta-basica-comeca-o-ano-com-maior-aumento-dos-ultimos-tres-meses-em-rio-branco.ghtml
2024-12-23,alimento,"Com dólar em queda e safra recorde, Haddad aposta em alimentos mais baratos",27/01/2025 11:36,https://g1.globo.com/politica/noticia/2025/01/23/com-dolar-em-queda-e-safra-recorde-haddad-aposta-em-queda-no-preco-de-alimentos.ghtml
2024-12-23,chuva,VÍDEO: morador flagra família de peixes 'invadindo' casa após chuvas em MT,20/01/2025 09:01,https://g1.globo.com/mt/mato-grosso/noticia/2025/01/20/video-morador-flagra-familia-de-peixes-invadindo-casa-apos-chuvas-em-mt.ghtml
2024-12-23,falta,"'Um aloprado destrói em 4 anos o que a gente fez em 20', diz Lula ao mencionar que faltam dois anos para o fim do mandato",05/02/2025 08:53,https://g1.globo.com/politica/noticia/2025/02/04/lula-diz-que-brasil-deve-ser-o-pais-da-educacao-e-nao-o-das-fake-news-e-da-cretinice.ghtml
2024-12-23,escassez,Escassez de trabalhadores atrasa obras e aumenta os custos na construção civil,22/03/2025 21:31,https://g1.globo.com/jornal-nacional/noticia/2025/03/22/escassez-de-trabalhadores-atrasa-obras-e-aumento-os-custos-na-construcao-civil.ghtml
2024-12-23,alimento,Alta dos alimentos muda comportamento de consumidores,13/03/2025 21:33,https://g1.globo.com/jornal-nacional/noticia/2025/03/13/alta-no-preco-dos-alimentos-levantamento-mostra-aumento-no-numero-de-vezes-que-o-consumidor-vai-ao-mercado.ghtml
2024-12-23,defesa civil,Defesa Civil interdita loja de Limeira destruída em incêndio por risco de desabamento de paredes,29/01/2025 11:36,https://g1.globo.com/sp/piracicaba-regiao/noticia/2025/01/29/defesa-civil-interdita-loja-de-limeira-destruida-em-incendio-por-risco-de-desabamento-de-paredes.ghtml
2024-12-23,compra,5 razões para comprar sacos de lixo de qualidade,19/03/2025 10:42,https://g1.globo.com/sp/vale-do-paraiba-regiao/especial-publicitario/super-plast/noticia/2025/03/19/5-razoes-para-comprar-sacos-de-lixo-de-qualidade.ghtml
2024-12-23,chuva,"Você viu? Chuvas causam transtornos no MA, princípio de incêndio em shopping de SL deixa ferido e outras notícias da semana no g1 MA",19/01/2025 10:30,https://g1.globo.com/ma/maranhao/noticia/2025/01/19/voce-viu-chuvas-causam-transtornos-no-ma-principio-de-incendio-em-shopping-de-sl-deixa-ferido-e-outras-noticias-da-semana-no-g1-ma.ghtml
2024-12-23,alimento,"Milho, banana, café... veja quais alimentos foram impactados pelas geadas e podem ficar mais caros",02/01/2025 14:50,https://g1.globo.com/economia/agronegocios/noticia/2021/08/13/milho-banana-cafe-veja-quais-alimentos-foram-impactados-pelas-geadas-e-podem-ficar-mais-caros.ghtml
2024-12-23,termina,Justiça de SP determina o despejo da Eataly Brasil de prédio no Itaim Bibi,20/02/2025 09:59,https://g1.globo.com/sp/sao-paulo/noticia/2025/02/20/justica-de-sp-determina-o-despejo-da-eataly-brasil-de-predio-no-itaim-bibi.ghtml
2024-12-23,alimento,Oposição ironiza fala de Lula sobre ‘educar’ população para combater inflação dos alimentos; aliados defendem,06/02/2025 17:34,https://g1.globo.com/politica/noticia/2025/02/06/oposicao-ironiza-fala-de-lula-sobre-educar-populacao-para-combater-inflacao-dos-alimentos-aliados-defendem.ghtml
2024-12-23,quantidade,Leite e ovos mais caros e em menor quantidade: entenda por que produtores estão diminuindo oferta,02/01/2025 14:27,https://g1.globo.com/economia/agronegocios/noticia/2022/07/22/leite-e-ovos-mais-caros-e-em-menor-quantidade-entenda-por-que-produtores-estao-diminuindo-oferta.ghtml
2024-12-23,interditado,"Mercado é interditado, e polícia apreende duas toneladas de carnes impróprias para consumo na Baixada Fluminense",23/01/2025 21:08,https://g1.globo.com/rj/rio-de-janeiro/noticia/2025/01/23/mercado-e-interditado-na-baixada-fluminense.ghtml
2024-12-23,preço,Inflação x vida real: por que os preços do dia a dia podem subir muito mais do que o IPCA,14/01/2025 21:36,https://g1.globo.com/economia/noticia/2025/01/13/inflacao-x-vida-real-por-que-os-precos-do-dia-a-dia-podem-subir-muito-mais-do-que-o-ipca.ghtml
2024-12-23,chuva,"Por conta das fortes chuvas, marquise de supermercado cai na Zona Oeste do Rio; bolsões d'água afetam toda a cidade",09/01/2025 19:58,https://g1.globo.com/rj/rio-de-janeiro/noticia/2025/01/09/por-conta-das-fortes-chuvas-marquise-de-supermercado-cai-na-zona-oeste-do-rio-bolsoes-dagua-afetam-toda-a-cidade.ghtml
2024-12-23,compra,Funcionárias de supermercado atacadista são presas por 'falsa compra' em Cuiabá,27/02/2025 11:28,https://g1.globo.com/mt/mato-grosso/noticia/2025/02/27/funcionarias-de-supermercado-atacadista-sao-presas-por-falsa-compra-em-cuiaba.ghtml
2024-12-23,produto,Mais de 20 produtos impróprios para consumo são apreendidos em supermercado de Manaus,14/01/2025 10:48,https://g1.globo.com/am/amazonas/noticia/2025/01/14/mais-de-20-produtos-improprios-para-consumo-sao-apreendidos-em-supermercado-de-manaus.ghtml
2024-12-23,chuva,VÍDEO: parte de teto de supermercado desaba durante chuva com granizo em Barueri,30/12/2024 21:38,https://g1.globo.com/sp/sao-paulo/noticia/2024/12/30/parte-de-teto-de-supermercado-desaba-durante-chuva-com-granizo-em-barueri-grande-sp.ghtml
2024-12-23,alimento,"Ratos, baratas e armazenamento inadequado de alimentos: MPDFT investiga irregularidades sanitárias do supermercado Tatico",12/02/2025 19:09,https://g1.globo.com/df/distrito-federal/noticia/2025/02/12/ratos-baratas-e-armazenamento-inadequado-de-alimentos-mpdft-investiga-irregularidades-sanitarias-do-supermercado-tatico.ghtml
2024-12-23,falta,Homem agride com pá gerente de supermercado em MT: veja o que se sabe e o que falta saber,20/01/2025 10:44,https://g1.globo.com/mt/mato-grosso/noticia/2025/01/20/homem-agride-com-pa-gerente-de-supermercado-em-mt-veja-o-que-se-sabe-e-o-que-falta-saber.ghtml
2024-12-23,preço,"Brasil 'não terá tabelamento' de preços nem 'fiscal do Lula nos mercados', diz Rui após reunião no Planalto",24/01/2025 14:01,https://g1.globo.com/politica/noticia/2025/01/24/apos-reuniao-com-lula-ministros-falam-sobre-medidas-para-baixar-preco-de-alimentos.ghtml
2024-12-23,preço,Por que o preço dos ovos nos EUA disparou e até os supermercados estão racionando suas compras,24/02/2025 17:14,https://g1.globo.com/economia/agronegocios/noticia/2025/02/20/por-que-o-preco-dos-ovos-nos-eua-disparou-e-ate-os-supermercados-estao-racionando-suas-compras.ghtml
2024-12-23,chuva,"VÍDEO: granizo toma conta de ruas de Barueri, Grande SP, após forte chuva",30/12/2024 18:00,https://g1.globo.com/sp/sao-paulo/noticia/2024/12/30/video-granizo-toma-conta-de-ruas-de-barueri-grande-sp-apos-forte-chuva.ghtml
2024-12-23,preço,"Preço dos ovos deverá continuar alto por mais dois meses, dizem produtores",18/02/2025 19:26,https://g1.globo.com/economia/agronegocios/noticia/2025/02/18/preco-dos-ovos-devera-continuar-alto-por-mais-dois-meses-estima-associacao.ghtml
2024-12-23,produto,"Canadá, México e China anunciam tarifas sobre produtos americanos, uma retaliação às sobretaxas impostas pelos EUA",04/03/2025 20:14,https://g1.globo.com/jornal-nacional/noticia/2025/03/04/canada-mexico-e-china-anunciam-tarifas-sobre-produtos-americanos-uma-retaliacao-as-sobretaxas-impostas-pelos-eua.ghtml
2024-12-23,crise,"Em meio à 'crise dos ovos', americanos adotam criação de galinhas como alternativa",14/02/2025 03:00,https://g1.globo.com/economia/agronegocios/noticia/2025/02/14/em-meio-a-crise-dos-ovos-americanos-adotam-criacao-de-galinhas-como-alternativa.ghtml
2024-12-23,compra,"'Café fake': saiba diferenciar café e pó sabor café na prateleira, para não errar nas compras",13/02/2025 12:33,https://g1.globo.com/economia/agronegocios/noticia/2025/02/13/cafe-fake-saiba-diferenciar-cafe-e-po-sabor-cafe-na-prateleira-para-nao-errar-nas-compras.ghtml
2024-12-23,preço,Frutas para a ceia: veja o que esperar dos preços,02/01/2025 14:39,https://g1.globo.com/economia/agronegocios/noticia/2021/12/10/frutas-para-a-ceia-veja-o-que-esperar-dos-precos.ghtml
2024-12-23,compra,Ladrão atrai dono de disk bebidas para emboscada e compra bitcoins com dinheiro da vítima em Uberaba,07/01/2025 09:27,https://g1.globo.com/mg/triangulo-mineiro/noticia/2025/01/07/ladrao-atrai-dono-de-disk-bebidas-para-emboscada-e-compra-bitcoins-com-dinheiro-da-vitima-em-uberaba.ghtml
2024-12-23,alimento,"Rui Costa, ministro da Casa Civil, fala em redução de imposto de importação de alimentos para controlar a inflação",24/01/2025 21:19,https://g1.globo.com/jornal-nacional/noticia/2025/01/24/rui-costa-ministro-da-casa-civil-fala-em-reducao-de-imposto-de-importacao-de-alimentos-para-controlar-a-inflacao.ghtml
2024-12-23,alagamento,Chuva forte com ventania e queda de granizo deixa parte da cidade de SP em atenção para alagamentos; mais de 40 mil ainda estão sem luz,08/01/2025 12:00,https://g1.globo.com/sp/sao-paulo/noticia/2025/01/07/chuva-forte-com-ventania-e-queda-de-granizo-deixa-parte-da-cidade-de-sp-em-atencao-para-alagamentos-479-mil-imoveis-estao-sem-luz.ghtml
2024-12-23,produto,Lula fala em 'educar' população para trocar produtos caros por similares: 'Povo não pode ser extorquido',06/02/2025 12:04,https://g1.globo.com/politica/noticia/2025/02/06/lula-fala-em-educar-populacao-para-trocar-produtos-caros-por-similares-o-povo-nao-pode-ser-extorquido.ghtml
2024-12-23,preço,Governo federal reúne ministros e empresários para discutir preço dos alimentos nesta quinta,06/03/2025 08:26,https://g1.globo.com/politica/noticia/2025/03/06/governo-federal-reune-ministros-e-empresarios-para-discutir-preco-dos-alimentos-nesta-quinta.ghtml
2024-12-23,dispara,Exportações de ovos brasileiros disparam em meio a crise de gripe aviária nos EUA,12/03/2025 17:42,https://g1.globo.com/economia/agronegocios/noticia/2025/03/12/exportacoes-de-ovos-brasileiros-disparam-em-meio-a-crise-de-gripe-aviaria-nos-eua.ghtml
2024-12-23,chuva,Capital paulista e cidades da Região Metropolitana contabilizam estragos deixados pela chuva forte e vendaval,08/01/2025 12:02,https://g1.globo.com/sp/sao-paulo/noticia/2025/01/08/capital-paulista-e-cidades-da-regiao-metropolitana-contabilizam-estragos-deixados-pela-chuva-forte-e-vendaval.ghtml
2024-12-23,compra,"Lula fala em ampliar crédito e diz que população 'não vai comprar dólar', 'vai comprar alimentos'",07/02/2025 13:56,https://g1.globo.com/politica/noticia/2025/02/07/lula-fala-em-ampliar-credito-e-diz-que-populacao-nao-vai-comprar-dolar-vi-comprar-alimentos.ghtml
2024-12-23,preço,Valor do diesel aumenta frete rodoviário e vai pesar no preço dos alimentos; entenda,09/02/2025 04:01,https://g1.globo.com/economia/noticia/2025/02/09/valor-do-diesel-aumenta-frete-rodoviario-e-vai-pesar-no-preco-dos-alimentos-entenda.ghtml
2024-12-23,produto,Lula diz que caixa de ovo por R$ 40 é um 'absurdo' e que cobrará de empresários que não falte produto dentro do Brasil,20/02/2025 09:25,https://g1.globo.com/politica/noticia/2025/02/20/lula-atribui-alta-dos-alimentos-a-problemas-climaticos-e-diz-que-tera-reuniao-com-empresarios-sobre-valor-no-mercado-interno.ghtml
2025-03-24,terminou,"Família questiona abordagem da PM que terminou com morador baleado com tiro de borracha na cabeça em Varginha, MG",09/05/2025 07:03,https://g1.globo.com/mg/sul-de-minas/noticia/2025/05/09/familia-questiona-abordagem-da-pm-que-terminou-com-morador-baleado-com-tiro-de-borracha-na-cabeca-em-varginha-mg.ghtml
2025-03-24,corrida,Trabalho no feriado: a corrida do Congresso para impedir medida do governo que dá mais poder aos sindicatos,07/06/2025 02:00,https://g1.globo.com/trabalho-e-carreira/noticia/2025/06/07/trabalho-no-feriado-a-corrida-do-congresso-para-impedir-medida-do-governo-que-da-mais-poder-aos-sindicatos.ghtml
2025-03-24,acaba,Megaestrutura do show de Lady Gaga é desmontada em Copacabana e show já deixa saudade em 'little monsters',04/05/2025 15:12,https://g1.globo.com/rj/rio-de-janeiro/show-da-lady-gaga/noticia/2025/05/04/limpeza-e-desmontagem-estrutura-show-de-lady-gaga.ghtml
2025-03-24,preço,"IPCA-15: preços sobem 0,64% em março, puxados por alimentação e combustíveis",27/03/2025 10:19,https://g1.globo.com/economia/noticia/2025/03/27/ipca-15-precos-sobem-064percent-em-marco-diz-ibge.ghtml
2025-03-24,limite,Brasileiros aproveitam preços mais baixos de produtos no limite do prazo de validade,27/03/2025 21:09,https://g1.globo.com/jornal-nacional/noticia/2025/03/27/brasileiros-aproveitam-precos-mais-baixos-de-produtos-no-limite-do-prazo-de-validade.ghtml
2025-03-24,alerta,Defesa Civil de Nova Friburgo emite alerta para risco de transbordamento de rios na cidade,05/04/2025 16:46,https://g1.globo.com/rj/regiao-serrana/noticia/2025/04/05/defesa-civil-de-nova-friburgo-emite-alerta-para-risco-de-transbordamento-de-rios-na-cidade.ghtml
2025-03-24,aumento,"Puxado por aumento no preço do tomate, cesta básica de abril teve maior custo do ano em Rio Branco",13/05/2025 14:47,https://g1.globo.com/ac/acre/noticia/2025/05/13/puxado-por-aumento-no-preco-do-tomate-cesta-basica-de-abril-teve-maior-custo-do-ano-em-rio-branco.ghtml
2025-03-24,alimento,Café fake apreendido não é alimento: entenda o que pode ser vendido como café pela lei,24/04/2025 11:54,https://g1.globo.com/economia/agronegocios/noticia/2025/04/24/cafe-fake-nao-e-alimento-entenda-o-que-pode-ser-vendido-como-cafe-pela-lei.ghtml
2025-03-24,compra,EUA quase dobram compra de ovos do Brasil e passam a permitir seu consumo por humanos,27/03/2025 12:04,https://g1.globo.com/economia/agronegocios/noticia/2025/03/26/eua-quase-dobram-compra-de-ovos-do-brasil-e-passam-a-permitir-seu-consumo-por-humanos.ghtml
2025-03-24,alimento,"IPCA sobe 0,56% em março, puxado pela alta dos alimentos",11/04/2025 13:34,https://g1.globo.com/economia/noticia/2025/04/11/ipca-precos-sobem-056percent-em-marco-diz-ibge.ghtml
2025-03-24,preço,Procon divulga pesquisa de preços de itens da Semana Santa em Sergipe,07/04/2025 16:41,https://g1.globo.com/se/sergipe/noticia/2025/04/07/procon-divulga-pesquisa-de-precos-de-itens-da-semana-santa-em-sergipe.ghtml
2025-03-24,aumento,"Sorocaba tem aumento de 500% no número de boletins ocorrências de crimes raciais, aponta relatório",27/03/2025 11:12,https://g1.globo.com/sp/sorocaba-jundiai/noticia/2024/12/09/sorocaba-tem-aumento-de-500percent-no-numero-de-boletins-ocorrencias-de-crimes-raciais-aponta-relatorio.ghtml
2025-03-24,acaba,Homem é preso por furtar 22 kg de carne de mercado em Copacabana,26/05/2025 08:40,https://g1.globo.com/rj/rio-de-janeiro/noticia/2025/05/26/homem-e-preso-por-furtar-carne-de-mercado-em-copacabana.ghtml
2025-03-24,aumento,"Inflação no RJ: café, tomate e ovo têm aumento de preço acima da média nacional, diz IBGE",12/04/2025 07:26,https://g1.globo.com/rj/rio-de-janeiro/noticia/2025/04/12/inflacao-no-rj-cafe-tomate-e-ovo-tem-aumento-de-preco-acima-da-media-nacional-diz-ibge.ghtml
2025-03-24,aumento,Resumão diário do JN: PF acusa três dirigentes no INSS de embolsar milhões de reais para manter fraudes; aumento na exportação para Ásia faz preço da carne subir no Brasil,29/04/2025 21:48,https://g1.globo.com/podcast/resumao-diario/noticia/2025/04/29/resumao-diario-do-jn-pf-acusa-tres-dirigentes-no-inss-de-embolsar-milhoes-de-reais-para-manter-fraudes-aumento-na-exportacao-para-asia-faz-preco-da-carne-subir-no-brasil.ghtml
2025-03-24,produto,"Mulher é presa em flagrante por furtar quase R$ 4,5 mil em produtos de supermercado em Nova Iguaçu",02/04/2025 17:15,https://g1.globo.com/rj/rio-de-janeiro/noticia/2025/04/02/mulher-e-presa-em-flagrante-por-furtar-produtos-de-supermercado-em-nova-iguacu.ghtml
2025-03-24,aumento,Aumento nas exportações faz o preço da carne subir nos supermercados do Brasil,29/04/2025 21:16,https://g1.globo.com/jornal-nacional/noticia/2025/04/29/aumento-nas-exportacoes-faz-o-preco-da-carne-subir-nos-supermercados-do-brasil.ghtml
2025-03-24,compra,Rede de supermercados compra parte de campus da Unimep em Piracicaba por R$ 20 milhões,06/05/2025 20:27,https://g1.globo.com/sp/piracicaba-regiao/noticia/2025/05/05/rede-de-supermercados-compra-parte-do-campus-da-unimep-em-piracicaba-por-r-20-milhoes.ghtml
2025-03-24,aumento,Preço de produtos teve aumento de quase 19% em supermercados de Manaus; veja o que está mais caro,07/04/2025 07:00,https://g1.globo.com/am/amazonas/noticia/2025/04/07/preco-de-produtos-teve-aumento-de-quase-19percent-em-supermercados-de-manaus-veja-o-que-esta-mais-caro.ghtml
2025-03-24,compra,Campanha Semanas Premiadas do Condor sorteia carro 0 km para quem também faz as compras em casa,19/05/2025 10:18,https://g1.globo.com/pr/parana/especial-publicitario/condor/noticia/2025/05/19/campanha-semanas-premiadas-do-condor-sorteia-carro-0-km-para-quem-tambem-faz-as-compras-em-casa.ghtml
2025-03-24,alimento,Quadrilha é presa por adulterar validade de alimentos vencidos em Manaus e revender para o interior do AM,01/05/2025 19:28,https://g1.globo.com/am/amazonas/noticia/2025/05/01/quadrilha-e-presa-por-adulterar-validade-de-alimentos-vencidos-em-manaus-e-revender-para-o-interior-do-am.ghtml
2025-03-24,produto,Tarifaço de Trump provoca boicote internacional a produtos dos EUA,11/04/2025 09:47,https://g1.globo.com/economia/noticia/2025/04/11/tarifaco-de-trump-provoca-boicote-internacional-a-produtos-dos-eua.ghtml
2025-03-24,preço,"Pesquisa aponta variação de até 229,33% no preço de produtos de Páscoa, em São Luís",15/04/2025 11:38,https://g1.globo.com/ma/maranhao/noticia/2025/04/15/pesquisa-aponta-variacao-de-ate-22933percent-no-preco-de-produtos-de-pascoa-em-sao-luis.ghtml
2025-03-24,preço,"'Preço de azeite, mas não é': valor do óleo de bagaço de oliva gera revolta nas redes sociais",29/03/2025 02:00,https://g1.globo.com/economia/agronegocios/noticia/2025/03/29/preco-de-azeite-mas-nao-e-valor-do-oleo-de-bagaco-de-oliva-gera-revolta-nas-redes-sociais.ghtml
2025-03-24,alimento,Prefeitura de Atibaia garante acesso a alimentos nutritivos para vulneráveis,28/03/2025 18:19,https://g1.globo.com/sp/vale-do-paraiba-regiao/especial-publicitario/prefeitura-de-atibaia/noticias-de-atibaia/noticia/2025/03/28/prefeitura-de-atibaia-garante-acesso-a-alimentos-nutritivos-para-vulneraveis.ghtml
2025-03-24,produto,Guerra comercial entre Canadá e EUA: canadenses boicotam produtos americanos em resposta a tarifas de Trump,24/03/2025 10:07,https://g1.globo.com/fantastico/noticia/2025/03/23/guerra-comercial-entre-canada-e-eua-canadenses-boicotam-produtos-americanos-em-resposta-a-tarifas-de-trump.ghtml
2025-03-24,termina,Briga entre torcedores do Flamengo e do Vasco termina em tiros na Zona Oeste,08/05/2025 07:37,https://g1.globo.com/rj/rio-de-janeiro/noticia/2025/05/08/briga-entre-torcedores-do-flamengo-e-do-vasco-na-zona-oeste.ghtml
2025-06-23,temporal,Temporal causa destruição em São João de Meriti; moradores relatam perdas e cobram respostas,26/07/2025 20:43,https://g1.globo.com/rj/rio-de-janeiro/noticia/2025/07/26/temporal-sao-joao-de-meriti.ghtml
2025-06-23,preço,Preço da cesta básica cai em 7 de 8 capitais em julho; valor médio recua mais de 5% no 1º semestre,23/08/2025 02:00,https://g1.globo.com/economia/noticia/2025/08/23/preco-da-cesta-basica-cai-em-7-de-8-capitais-em-julho-valor-medio-recua-mais-de-5percent-no-1o-semestre.ghtml
2025-06-23,crise,"Miriam Leitão: já acompanhei crises entre Brasil e EUA, mas nada nessa dimensão e dessa forma estapafúrdia; VÍDEO",10/07/2025 13:13,https://g1.globo.com/globonews/conexao-globonews/noticia/2025/07/10/miriam-leitao-ja-acompanhei-crises-entre-brasil-e-eua-mas-nada-nessa-dimensao-e-dessa-forma-estapafurdia-video.ghtml
2025-06-23,multidão,Motorista acusado de atropelar multidão em frente a boate em Los Angeles é indiciado por 37 tentativas de homicídio,23/07/2025 04:27,https://g1.globo.com/mundo/noticia/2025/07/23/motorista-acusado-de-atropelar-multidao-boate-los-angeles-indiciado.ghtml
2025-06-23,preço,Procon realiza fiscalização de preços de morangos em Aracaju,29/07/2025 19:20,https://g1.globo.com/se/sergipe/noticia/2025/07/29/procon-realiza-fiscalizacao-de-precos-de-morangos-em-aracaju.ghtml
2025-06-23,preço,Preço do café cai ao consumidor pela 1ª vez após 16 meses de alta,19/07/2025 11:26,https://g1.globo.com/economia/agronegocios/noticia/2025/07/19/preco-do-cafe-cai-ao-consumidor-pela-1a-vez-apos-16-meses-de-alta.ghtml
2025-06-23,preço,"‘Morango do amor’ viraliza, dobra preço da fruta no DF e conquista pizzaria famosa por vender só um sabor",30/07/2025 20:02,https://g1.globo.com/df/distrito-federal/noticia/2025/07/27/morango-do-amor-viraliza-dobra-preco-da-fruta-no-df-e-conquista-pizzaria-famosa-por-vender-so-um-sabor.ghtml
2025-06-23,preço,Alckmin cita queda no preço dos alimentos e diz que tarifaço pode favorecer tendência,01/08/2025 11:45,https://g1.globo.com/economia/agronegocios/noticia/2025/07/31/alckmin-cita-queda-no-preco-dos-alimentos-e-diz-que-tarifaco-pode-favorecer-tendencia.ghtml
2025-06-23,alimento,"Café, tomate, alface: Veja ranking com os alimentos que mais encareceram no Vale do Paraíba em 2025",02/07/2025 17:47,https://g1.globo.com/sp/vale-do-paraiba-regiao/noticia/2025/07/02/cafe-tomate-alface-veja-ranking-com-os-alimentos-que-mais-encareceram-no-vale-do-paraiba-em-2025.ghtml
2025-06-23,aumento,SindmetalSJC inicia Campanha Salarial reivindicando 11% de aumento,27/06/2025 18:27,https://g1.globo.com/sp/vale-do-paraiba-regiao/especial-publicitario/sindicato-dos-metalurgicos-de-sao-jose-dos-campos-e-regiao/noticia/2025/06/27/sindmetalsjc-inicia-campanha-salarial-reivindicando-11percent-de-aumento.ghtml
2025-06-23,aumento,"Preço dos alimentos no mundo é o mais alto em mais de 2 anos, diz ONU; carne e óleos vegetais puxam aumento",08/08/2025 13:32,https://g1.globo.com/economia/agronegocios/noticia/2025/08/08/preco-dos-alimentos-no-mundo-e-o-mais-alto-em-2-anos-diz-onu-carne-e-oleos-vegetais-puxam-aumento.ghtml
2025-06-23,falta,De mato alto a falta de cobertura: veja como está campus da Unimep que terá destino definido em leilão nesta terça-feira,16/09/2025 07:20,https://g1.globo.com/sp/piracicaba-regiao/noticia/2025/09/16/de-mato-alto-a-falta-de-cobertura-veja-como-esta-campus-da-unimep-que-tera-destino-definido-em-leilao-nesta-terca-feira.ghtml
2025-06-23,preço,"Produtos juninos têm diferença de preço de mais de 370% em São Luís, aponta Procon",24/06/2025 10:26,https://g1.globo.com/ma/maranhao/noticia/2025/06/24/produtos-juninos-tem-diferenca-de-preco-de-mais-de-370percent-em-sao-luis-aponta-procon.ghtml
2025-06-23,compra,Trabalhador precisa dedicar 43% do tempo para comprar cesta básica com salário mínimo em Boa Vista,14/07/2025 06:00,https://g1.globo.com/rr/roraima/noticia/2025/07/14/trabalhador-precisa-dedicar-43percent-do-tempo-para-comprar-cesta-basica-com-salario-minimo-em-boa-vista.ghtml
2025-06-23,pandemia,"Idosa de SC aprende a ler durante aulas virtuais do neto na pandemia: 'grande passo', diz",02/07/2025 22:22,https://g1.globo.com/sc/santa-catarina/noticia/2021/04/21/idosa-de-sc-aprende-a-ler-durante-aulas-virtuais-do-neto-na-pandemia-grande-passo-diz.ghtml
2025-06-23,compra,Lula quer mudar regras para compras com vale-refeição e alimentação,01/09/2025 20:11,https://g1.globo.com/politica/noticia/2025/09/01/lula-quer-mudar-regras-para-compras-com-vale-refeicao-e-alimentacao.ghtml
2025-06-23,alimento,"Gigante de alimentos Kraft Heinz anuncia plano de se dividir em duas empresas até 2026, dez anos após megafusão",02/09/2025 14:27,https://g1.globo.com/economia/noticia/2025/09/02/kraft-heinz-anuncia-separacao-uma-decada-apos-megafusao.ghtml
2025-06-23,compra,Por que consumidores na América Latina têm comprado menos Coca-Cola e Pepsi no supermercado,15/08/2025 07:56,https://g1.globo.com/economia/noticia/2025/08/15/por-que-consumidores-na-america-latina-tem-comprado-menos-coca-cola-e-pepsi-no-supermercado.ghtml
2025-06-23,produto,Dono de espetinho é suspeito de furtar produtos de supermercado para revender no próprio comércio; vídeo,18/09/2025 10:23,https://g1.globo.com/ce/ceara/noticia/2025/09/18/dono-de-espetinho-e-suspeito-de-furtar-produtos-de-supermercado-para-revender-no-proprio-comercio-video.ghtml
2025-06-23,alimento,Procon apreende meia tonelada de alimentos em supermercados de Araruama,14/08/2025 14:27,https://g1.globo.com/rj/regiao-dos-lagos/noticia/2025/08/13/procon-apreende-meia-tonelada-de-alimentos-em-supermercados-de-araruama.ghtml
2025-06-23,preço,"Preço do café sobe 81% ao consumidor em um ano, mas começa a cair no campo",26/06/2025 15:42,https://g1.globo.com/economia/agronegocios/noticia/2025/06/26/preco-do-cafe-sobe-ao-consumidor-mas-comeca-a-cair-no-campo.ghtml
2025-06-23,terminou,'Deu um mata-leão': depoimentos revelam detalhes da perseguição que terminou com morte de jovem suspeito de tentar furtar chocolate,08/07/2025 00:00,https://g1.globo.com/fantastico/noticia/2025/07/08/deu-um-mata-leao-depoimentos-revelam-detalhes-da-perseguicao-que-terminou-com-morte-de-jovem-suspeito-de-tentar-furtar-chocolate.ghtml
2025-06-23,prateleira,"Homem entra em supermercado na Zona Norte do Rio, sobe em prateleiras, se pendura em luminária e é retirado pela PM",27/07/2025 13:35,https://g1.globo.com/rj/rio-de-janeiro/noticia/2025/07/27/homem-supermercado-na-zona-norte-do-rio-retirado-pela-pm.ghtml
2025-06-23,compra,Homens são presos suspeitos de aplicar golpe de R$ 150 mil em compras de whiskies em MT,11/07/2025 11:36,https://g1.globo.com/mt/mato-grosso/noticia/2025/07/11/homens-sao-presos-suspeitos-de-aplicar-golpe-de-r-150-mil-em-compras-de-whiskies-em-mt.ghtml
2025-06-23,alimento,Congelados e resfriados: Natto Alimentos explica a diferença entre eles,24/06/2025 11:14,https://g1.globo.com/pe/petrolina-regiao/especial-publicitario/natto/noticia/2025/06/24/congelados-e-resfriados-natto-alimentos-explica-a-diferenca-entre-eles.ghtml
2025-06-23,corrida,"Corrida Florescer reúne esporte, família e solidariedade no Horto Florestal",02/09/2025 11:47,https://g1.globo.com/sp/piracicaba-regiao/especial-publicitario/acil/associacao-comercial-e-industrial-de-limeira/noticia/2025/09/02/corrida-florescer-reune-esporte-familia-e-solidariedade-no-horto-florestal.ghtml
2025-06-23,compra,"Agente do ChatGPT reserva restaurante, faz compra, mas erra ao insistir demais; g1 testou",17/08/2025 06:00,https://g1.globo.com/inovacao/noticia/2025/08/17/agente-do-chatgpt-reserva-restaurante-faz-compra-mas-erra-ao-insistir-demais-g1-testou.ghtml
2025-06-23,greve,Metalúrgicos da Embraer encerram greve em São José dos Campos,18/09/2025 10:00,https://g1.globo.com/sp/vale-do-paraiba-regiao/noticia/2025/09/18/metalurgicos-da-embraer-encerram-greve-em-sao-jose-dos-campos.ghtml
2025-06-23,interditado,Incêndio em loja na Freguesia é controlado após 27 horas; 7 imóveis são interditados,20/09/2025 14:11,https://g1.globo.com/rj/rio-de-janeiro/noticia/2025/09/20/incendio-em-loja-na-freguesia-e-controlado.ghtml
2025-09-22,alimento,Vigilância apreende uma tonelada de alimentos impróprios para consumo em supermercado de Maceió,28/09/2025 03:54,https://g1.globo.com/al/alagoas/arquivo/noticia/2021/05/15/vigilancia-apreende-uma-tonelada-de-alimentos-improprios-para-consumo-em-supermercado-de-maceio.ghtml
2025-09-22,alagamento,Chuva causa rompimento de duto em estacionamento de supermercado e alagamentos em Jaú; vídeo,13/12/2025 01:04,https://g1.globo.com/sp/bauru-marilia/noticia/2025/02/01/chuva-causa-rompimento-de-duto-em-estacionamento-de-supermercado-e-alagamentos-em-jau-video.ghtml
2025-09-22,produto,Operação descarta mais de 600kg de alimentos e produtos vencidos em supermercado de MT,13/11/2025 16:20,https://g1.globo.com/mt/mato-grosso/noticia/2025/11/13/operacao-descarta-mais-de-600kg-de-alimentos-e-produtos-vencidos-em-supermercado-de-mt.ghtml
2025-09-22,alimento,"Vigilância Sanitária apreende 160 kg de alimentos estragados em supermercado na Ponta Verde, Maceió",28/09/2025 11:56,https://g1.globo.com/al/alagoas/arquivo/noticia/2024/01/24/vigilancia-sanitaria-apreende-160-kg-de-alimentos-estragados-em-supermercado-na-ponta-verde-maceio.ghtml
2025-09-22,prateleira,Cliente flagra rato comendo achocolatado em prateleira de supermercado no litoral de SP; VÍDEO,13/12/2025 05:56,https://g1.globo.com/sp/santos-regiao/noticia/2025/06/06/cliente-flagra-rato-comendo-achocolatado-em-prateleira-de-supermercado-no-litoral-de-sp-video.ghtml
2025-09-22,interditado,"Supermercado é interditado pela Vigilância Sanitária após flagrante de irregularidades em Pouso Alegre, MG",13/12/2025 11:57,https://g1.globo.com/mg/sul-de-minas/noticia/2025/08/27/supermercado-e-interditado-pela-vigilancia-sanitaria-apos-flagrante-de-irregularidades-em-pouso-alegre-mg.ghtml
2025-09-22,tumulto,VÍDEO: Boi invade supermercado e causa tumulto em MG: 'Correu atrás do açougueiro',25/10/2025 05:01,https://g1.globo.com/mg/triangulo-mineiro/noticia/2025/10/25/video-boi-invade-supermercado-e-causa-tumulto-em-mg-correu-atras-do-acougueiro.ghtml
2025-09-22,compra,Casal é preso por comprar R$ 7 mil em supermercado com Pix falso,13/12/2025 12:40,https://g1.globo.com/ce/ceara/noticia/2025/09/04/casal-e-preso-por-comprar-r-7-mil-em-supermercado-com-pix-falso.ghtml
2025-09-22,produto,Produtos natalinos têm variação de até 1000% de um supermercado para outro em Maceió,27/09/2025 21:48,https://g1.globo.com/al/alagoas/arquivo/noticia/2018/12/14/produtos-natalinos-tem-variacao-de-ate-1000-de-um-supermercado-para-outro-em-maceio.ghtml
2025-09-22,termina,Furto em supermercado termina com três presos em Santa Fé de Minas,13/12/2025 01:49,https://g1.globo.com/mg/grande-minas/noticia/2025/02/23/furto-em-supermercado-termina-com-tres-presos-em-montes-claros.ghtml
2025-09-22,alimento,Incêndio destrói depósito de alimentos e câmaras frias de supermercado em MG,23/11/2025 21:39,https://g1.globo.com/mg/zona-da-mata/noticia/2025/11/23/incendio-destroi-deposito-de-alimentos-e-camaras-frias-de-supermercado-em-mg.ghtml
2025-09-22,produto,Gerente é detido após polícia encontrar produtos vencidos em supermercado de Campinas,12/12/2025 21:14,https://g1.globo.com/sp/campinas-regiao/noticia/2024/12/19/gerente-e-detido-apos-vigilancia-encontrar-produtos-vencidos-em-supermercado-de-campinas.ghtml
2025-09-22,tumulto,Tumulto durante promoção de ovo deixa feridos em supermercado em Fortaleza; vídeo,13/12/2025 03:17,https://g1.globo.com/ce/ceara/noticia/2025/04/01/dona-de-casa-fica-ferida-em-tumulto-durante-promocao-de-ovos-em-supermercado-de-fortaleza-video.ghtml
2025-09-22,alimento,Vigilância fecha açougue de supermercado após flagrar alimentos vencidos em Americana,28/11/2025 10:26,https://g1.globo.com/sp/campinas-regiao/noticia/2025/11/28/vigilancia-fecha-acougue-de-supermercado-apos-flagrar-alimentos-vencidos-em-americana.ghtml
2025-09-22,tumulto,Promoção de ovos gera tumulto em supermercado de Fortaleza; veja vídeo,13/12/2025 03:13,https://g1.globo.com/ce/ceara/noticia/2025/03/30/promocao-de-ovos-gera-tumulto-em-supermercado-de-fortaleza-veja-video.ghtml
2025-09-22,alimento,Supermercado na Ponta Verde é autuado por vender alimentos estragados,28/09/2025 12:17,https://g1.globo.com/al/alagoas/arquivo/noticia/2024/08/28/supermercado-na-ponta-verde-e-autuado-por-vender-alimentos-estragados.ghtml
2025-09-22,estoque,Incêndio atinge estoque de supermercado e mobiliza bombeiros em Caraguatatuba,13/12/2025 08:52,https://g1.globo.com/sp/vale-do-paraiba-regiao/noticia/2025/07/25/incendio-atinge-estoque-de-supermercado-e-mobiliza-bombeiros-em-caraguatatuba.ghtml
2025-09-22,restringir,Supermercado terá que indenizar funcionária por restringir idas ao banheiro: 'segura um pouquinho',13/12/2025 03:01,https://g1.globo.com/sc/santa-catarina/noticia/2025/03/25/supermercado-indenizacao-funcionaria-restricao-idas-banheiro.ghtml
2025-12-22,chuva,Chuva ou sol? Veja previsão do tempo para a véspera e dia de Natal no DF,22/12/2025 08:59,https://g1.globo.com/df/distrito-federal/noticia/2025/12/22/chuva-ou-sol-veja-previsao-do-tempo-para-a-vespera-e-dia-de-natal-no-df.ghtml
2025-12-22,preço,Resumão diário #1792: Preço do café em 2026; Direitos do trabalhador escalado para o Natal ou Réveillon e mais,22/12/2025 09:24,https://g1.globo.com/podcast/resumao-diario/noticia/2025/12/22/resumao-diario-1792-preco-do-cafe-em-2026-direitos-do-trabalhador-escalado-para-o-natal-ou-reveillon-e-mais.ghtml
2025-12-22,termina,VÍDEO: Torcedores do Corinthians fecham cruzamento e comemoração termina com confusão e gás lacrimogênio,22/12/2025 11:21,https://g1.globo.com/mg/triangulo-mineiro/noticia/2025/12/22/video-torcedores-do-corinthians-fecham-cruzamento-e-comemoracao-termina-com-confusao-e-gas-lacrimogenio.ghtml
2025-12-22,falta,Profissionais da enfermagem da Santa Casa de Campo Grande paralisam atividades por falta do 13º,22/12/2025 12:38,https://g1.globo.com/ms/mato-grosso-do-sul/noticia/2025/12/22/profissionais-da-enfermagem-da-santa-casa-de-campo-grande-paralisam-atividades-por-falta-do-13o.ghtml
2025-12-22,chuva,Verão terá temperaturas acima da média e menos chuva no Sul de Minas,22/12/2025 12:13,https://g1.globo.com/mg/sul-de-minas/noticia/2025/12/22/verao-tera-temperaturas-acima-da-media-e-menos-chuva-no-sul-de-minas.ghtml
2025-12-22,termina,Justiça Federal determina que prefeitura de São Miguel Gostoso fiscalize trânsito de veículos nas praias,22/12/2025 12:25,https://g1.globo.com/rn/rio-grande-do-norte/noticia/2025/12/22/decisao-transito-praia-sao-miguel-do-gostoso.ghtml
2025-12-22,busca,"Família viaja à Alemanha para buscar filhos e corpo de brasileira morta após vazamento de gás: 'A gente não sabe onde está', diz filha",22/12/2025 07:12,https://g1.globo.com/pe/pernambuco/noticia/2025/12/22/familia-viaja-a-alemanha-para-buscar-filhos-e-corpo-de-pernambucana-morta-apos-vazamento-de-gas-a-gente-nao-sabe-de-nada-diz-filha.ghtml
2025-12-22,compra,Atenção aos golpes: Procon de Cuiabá reforça orientações para compras de Natal,22/12/2025 11:32,https://g1.globo.com/mt/mato-grosso/noticia/2025/12/22/atencao-aos-golpes-procon-de-cuiaba-reforca-orientacoes-para-compras-de-natal.ghtml
2025-12-22,aviso,Verão começa com temporais e avisos meteorológicos no RS; veja a previsão para a semana do Natal,22/12/2025 00:00,https://g1.globo.com/rs/rio-grande-do-sul/noticia/2025/12/22/verao-comeca-com-temporais-e-avisos-meteorologicos-no-rs-veja-a-previsao-para-a-semana-do-natal.ghtml
2025-12-22,termina,"Estacionamento irregular termina em confusão entre casal e policiais, resistência à abordagem e suspeita de embriaguez ao volante",29/12/2025 18:25,https://g1.globo.com/sp/sao-jose-do-rio-preto-aracatuba/noticia/2025/12/29/estacionamento-irregular-termina-em-confusao-entre-casal-e-policiais-resistencia-a-abordagem-e-suspeita-de-embriaguez-ao-volante.ghtml
2025-12-22,alimento,‘Natal Solidário’ da TV Integração leva alimento e esperança a instituições de Divinópolis: ‘Essa campanha nos fortalece’,29/12/2025 09:00,https://g1.globo.com/mg/centro-oeste/noticia/2025/12/25/natal-solidario-da-tv-integracao-leva-alimento-e-esperanca-a-instituicoes-de-divinopolis-essa-campanha-nos-fortalece.ghtml
2025-12-22,produto,Clima deixa produtores otimistas com safra de maçã em SP,24/12/2025 14:07,https://g1.globo.com/sp/sorocaba-jundiai/nosso-campo/noticia/2025/12/07/clima-deixa-produtores-otimistas-com-safra-de-maca-em-sp.ghtml
2025-12-22,falta,O que se sabe e o que falta esclarecer sobre afogamento de dois irmãos na piscina de chácara no interior de SP,22/12/2025 14:48,https://g1.globo.com/sp/presidente-prudente-e-regiao/noticia/2025/12/22/o-que-se-sabe-e-o-que-falta-esclarecer-sobre-afogamento-de-irmaos-de-4-anos-na-piscina-de-chacara-no-interior-de-sp.ghtml
2025-12-22,preço,Variação de preços na ceia de Natal chega a 175% em Imperatriz e passa de 100% em São Luís,23/12/2025 10:54,https://g1.globo.com/ma/maranhao/noticia/2025/12/23/variacao-de-precos-na-ceia-de-natal-chega-a-175percent-em-imperatriz-e-passa-de-100percent-em-sao-luis.ghtml
2025-12-22,quantidade,Mais esquecidos: quantidade de itens deixados em estações e trens da ViaMobilidade cresce 21% em 2025,25/12/2025 05:00,https://g1.globo.com/sp/sao-paulo/noticia/2025/12/25/mais-esquecidos-quantidade-de-itens-deixados-em-estacoes-e-trens-da-viamobilidade-cresce-21percent-em-2025.ghtml
2025-12-22,produto,"Homem é preso após invadir supermercado, furtar mercadorias e revender os produtos em Imperatriz",30/12/2025 07:57,https://g1.globo.com/ma/maranhao/noticia/2025/12/30/homem-e-preso-apos-invadir-supermercado-furtar-mercadorias-e-revender-os-produtos-em-imperatriz.ghtml
2025-12-22,acaba,Advogada é presa em flagrante por furto de champanhe francês em supermercado de Copacabana,30/12/2025 19:43,https://g1.globo.com/rj/rio-de-janeiro/noticia/2025/12/30/advogada-e-presa-em-flagrante-por-furto-de-champanhe-frances-em-supermercado-de-copacabana.ghtml
2025-12-22,termina,'Furada' de fila em açougue de supermercado termina em pancadaria generalizada em SP; VÍDEO,28/12/2025 06:18,https://g1.globo.com/sp/santos-regiao/noticia/2025/12/28/furada-de-fila-em-acougue-de-supermercado-termina-em-pancadaria-generalizada-em-sp-video.ghtml
2025-12-22,interdição,"Acidente entre duas carretas provoca interdição parcial na rodovia Dom Pedro I, em Nazaré Paulista",22/12/2025 12:30,https://g1.globo.com/sp/vale-do-paraiba-regiao/noticia/2025/12/22/acidente-entre-duas-carretas-provoca-interdicao-parcial-na-rodovia-dom-pedro-i-em-nazare-paulista.ghtml
2025-12-22,alerta,População de jandaias cresce 53% e reforça alerta de proteção da espécie em Fortaleza (CE),24/12/2025 11:11,https://g1.globo.com/sp/campinas-regiao/terra-da-gente/noticia/2025/12/24/populacao-de-jandaias-cresce-53percent-e-reforca-alerta-de-protecao-da-especie-em-fortaleza-ce.ghtml
2025-12-22,falta,Manutenção da Sabesp provoca falta de água em São José e Caçapava; confira os bairros afetados,22/12/2025 13:23,https://g1.globo.com/sp/vale-do-paraiba-regiao/noticia/2025/12/22/manutencao-da-sabesp-provoca-falta-de-agua-em-sao-jose-e-cacapava-confira-os-bairros-afetados.ghtml
