Periodo,Problema,Título,Data,Link
28/12/2020,produto,Startup usa rede de vizinhos para vender produtos de supermercado,28/02/2021 09:24,https://g1.globo.com/economia/pme/pequenas-empresas-grandes-negocios/noticia/2021/02/28/startup-usa-rede-de-vizinhos-para-vender-produtos-de-supermercado.ghtml
28/12/2020,interditado,Supermercado de Mogi das Cruzes é interditado por causa de incêndio,22/03/2021 09:36,https://g1.globo.com/sp/mogi-das-cruzes-suzano/noticia/2021/03/21/supermercado-de-mogi-das-cruzes-e-interditado-por-causa-de-incendio.ghtml
28/12/2020,produto,Procon apreende quase duas toneladas de produtos vencidos em supermercado de Alexânia,11/02/2021 18:31,https://g1.globo.com/go/goias/noticia/2021/02/11/procon-apreende-quase-duas-toneladas-de-produtos-vencidos-em-supermercado-de-alexania.ghtml
28/12/2020,prateleira,"Prateleiras amorteceram queda de telhado de supermercado em Guaíra, SP, diz bombeiro",06/01/2021 20:09,https://g1.globo.com/sp/ribeirao-preto-franca/noticia/2021/01/06/prateleiras-amorteceram-queda-de-telhado-de-supermercado-em-guaira-sp-diz-bombeiro.ghtml
28/12/2020,alimento,Mais de 25 Kg de alimentos são apreendidos em supermercado em Manaus,24/02/2021 09:36,https://g1.globo.com/am/amazonas/noticia/2021/02/24/mais-de-25-kg-de-alimentos-sao-apreendidos-em-supermercado-em-manaus.ghtml
28/12/2020,fila,Candidatos formam fila gigante após supermercado anunciar contratação de 250 funcionários em Fernandópolis,01/03/2021 13:39,https://g1.globo.com/sp/sao-jose-do-rio-preto-aracatuba/noticia/2021/03/01/candidatos-formam-fila-gigante-apos-supermercado-anunciar-contratacao-de-250-funcionarios-em-fernandopolis.ghtml
28/12/2020,produto,Procon apreende 20kg de alimentos e produtos de limpeza em supermercado de Manaus,11/03/2021 13:31,https://g1.globo.com/am/amazonas/noticia/2021/03/11/procon-apreende-20kg-de-alimentos-e-produtos-de-limpeza-em-supermercado-de-manaus.ghtml
28/12/2020,termina,Juíza determina reconstituição do assassinato de João Alberto em supermercado de Porto Alegre,22/02/2021 19:46,https://g1.globo.com/rs/rio-grande-do-sul/noticia/2021/02/22/juiza-determina-reconstituicao-do-assassinato-de-joao-alberto-em-supermercado-de-porto-alegre.ghtml
28/12/2020,aglomeração,Prefeito de Teresina vai a inauguração de supermercado com aglomeração de pessoas; vídeo,05/02/2021 08:48,https://g1.globo.com/pi/piaui/noticia/2021/02/04/prefeito-de-teresina-vai-a-inauguracao-de-supermercado-com-aglomeracao-de-pessoas-video.ghtml
28/12/2020,fila,"Centenas de pessoas formam fila para tentar vagas em rede de supermercado, em Rolândia",26/01/2021 17:33,https://g1.globo.com/pr/norte-noroeste/noticia/2021/01/26/centenas-de-pessoas-formam-fila-para-tentar-vagas-em-rede-de-supermercado-em-rolandia.ghtml
28/12/2020,interditado,Supermercado de Rio Preto é interditado por descumprir normas de prevenção contra a Covid-19,15/01/2021 15:04,https://g1.globo.com/sp/sao-jose-do-rio-preto-aracatuba/noticia/2021/01/15/supermercado-de-rio-preto-e-interditado-por-descumprir-normas-de-prevencao-contra-a-covid-19.ghtml
28/12/2020,compra,Viatura da PM é usada para transportar compras em supermercado de Belém; Veja o vídeo,04/02/2021 09:53,https://g1.globo.com/pa/para/noticia/2021/02/04/viatura-da-pm-e-usada-para-transportar-compras-em-supermercado-de-belem-veja-o-video.ghtml
28/12/2020,compra,"Morre idosa que levou facada enquanto fazia compras em supermercado de Valparaíso de Goiás, diz delegado",04/02/2021 21:18,https://g1.globo.com/go/goias/noticia/2021/02/04/idosa-esfaqueada-dentro-de-supermercado-atacadista-de-valparaiso-de-goias-morre-em-hospital-diz-delegado.ghtml
28/12/2020,alimento,Alimentos armazenados de forma incorreta e com validade vencida são encontrados em supermercado de Patos de Minas,19/01/2021 12:38,https://g1.globo.com/mg/triangulo-mineiro/noticia/2021/01/19/alimentos-armazenados-de-forma-incorreta-e-com-validade-vencida-sao-encontrados-em-supermercado-de-patos-de-minas.ghtml
28/12/2020,correria,Tentativa de assalto gera correria dentro de supermercado e suspeito é preso com arma falsa em Natal,06/02/2021 12:39,https://g1.globo.com/rn/rio-grande-do-norte/noticia/2021/02/06/tentativa-de-assalto-gera-correria-dentro-de-supermercado-e-suspeito-e-preso-com-arma-falsa-em-natal.ghtml
28/12/2020,busca,"Centenas de candidatos formam fila em busca de vagas de emprego em novo supermercado, em Ponta Grossa",27/01/2021 15:02,https://g1.globo.com/pr/campos-gerais-sul/noticia/2021/01/27/centenas-de-candidatos-formam-fila-em-busca-de-vagas-de-emprego-em-novo-supermercado-em-ponta-grossa.ghtml
28/12/2020,acaba,Homem quebra cautelar da justiça e acaba detido pela PM quando fazia compras em supermercado em Santarém,22/01/2021 18:54,https://g1.globo.com/pa/santarem-regiao/noticia/2021/01/22/homem-quebra-cautelar-da-justica-e-acaba-detido-pela-pm-quando-fazia-compras-em-supermercado-em-santarem.ghtml
28/12/2020,comida,Três mulheres são presas após assaltar supermercado no PA e polícia apreende comida e itens de cozinha,20/01/2021 23:29,https://g1.globo.com/pa/para/noticia/2021/01/20/tres-mulheres-sao-presas-apos-assaltar-supermercado-no-pa-e-policia-apreende-comida-e-itens-de-cozinha.ghtml
28/12/2020,interditado,Supermercado de Pirassununga é interditado e autuado em mais de R$ 5 mil por descumprir decreto na pandemia,07/03/2021 17:27,https://g1.globo.com/sp/sao-carlos-regiao/noticia/2021/03/07/supermercado-de-pirassununga-e-interditado-e-autuado-em-mais-de-r-5-mil-por-descumprir-decreto-na-pandemia.ghtml
28/12/2020,covid-19,Funcionária de supermercado vai trabalhar com Covid-19 a pedido do chefe é denunciada por fiscal em MT,18/03/2021 12:11,https://g1.globo.com/mt/mato-grosso/noticia/2021/03/18/funcionaria-de-supermercado-vai-trabalhar-com-covid-19-a-pedido-do-chefe-e-denunciada-por-fiscal-em-mt.ghtml
28/12/2020,produto,Grupo é preso por furtar quase 90 produtos de supermercados em Leopoldina,25/03/2021 10:50,https://g1.globo.com/mg/zona-da-mata/noticia/2021/03/25/grupo-e-preso-por-furtar-quase-90-produtos-de-supermercados-em-leopoldina.ghtml
28/12/2020,aglomerações,Sedepp solicita medidas de controle de aglomerações em supermercados de Presidente Prudente,20/02/2021 11:59,https://g1.globo.com/sp/presidente-prudente-regiao/noticia/2021/02/20/sedepp-solicita-medidas-de-controle-de-aglomeracoes-em-supermercados-de-presidente-prudente.ghtml
28/12/2020,coronavírus,Coronavírus: Pato Branco decreta horários de funcionamento para comércio e supermercados,23/02/2021 14:07,https://g1.globo.com/pr/oeste-sudoeste/noticia/2021/02/23/coronavirus-pato-branco-decreta-horarios-de-funcionamento-para-comercio-e-supermercados.ghtml
28/12/2020,demanda,"Fechados no confinamento, supermercados de Araraquara tem alta demanda de delivery",23/02/2021 16:25,https://g1.globo.com/sp/sao-carlos-regiao/noticia/2021/02/23/fechados-no-confinamento-supermercados-de-araraquara-tem-alta-demanda-de-delivery.ghtml
28/12/2020,produto,Mais de 70 quilos de produtos são apreendidos pelo Procon em supermercados de Manaus,25/02/2021 10:00,https://g1.globo.com/am/amazonas/noticia/2021/02/25/mais-de-70-quilos-de-alimentos-sao-apreendidos-pelo-procon-em-supermercados-de-manaus.ghtml
28/12/2020,distribuição,Projeto de lei quer tornar gratuita distribuição de sacolas em supermercados no Pará,19/02/2021 19:40,https://g1.globo.com/pa/para/noticia/2021/02/19/projeto-de-lei-quer-tornar-gratuita-distribuicao-de-sacolas-biodegradaveis-no-para.ghtml
28/12/2020,covid-19,Covid-19: Uberlândia altera funcionamento de supermercados aos domingos e atendimento por delivery,19/03/2021 20:05,https://g1.globo.com/mg/triangulo-mineiro/noticia/2021/03/19/covid-19-uberlandia-altera-funcionamento-de-supermercados-aos-domingos-e-atendimento-por-delivery.ghtml
28/12/2020,termina,Governo determina fechamento de mercados e supermercados às 20h no Estado do Piauí,17/03/2021 09:17,https://g1.globo.com/pi/piaui/noticia/2021/03/17/governo-determina-fechamento-de-mercados-e-supermercados-as-20h-no-estado-do-piaui.ghtml
28/12/2020,preço,Preço do arroz sobe e pode chegar a R$ 41 nos supermercados de Palmas,14/01/2021 11:21,https://g1.globo.com/to/tocantins/noticia/2021/01/11/preco-do-arroz-sobe-e-pode-chegar-a-r-41-nos-supermercados-de-palmas.ghtml
28/12/2020,falta,Associação de supermercados diz que não faltarão alimentos na quarentena mais rígida no ES,26/03/2021 13:43,https://g1.globo.com/es/espirito-santo/noticia/2021/03/26/associacao-de-supermercados-diz-que-nao-faltarao-alimentos-na-quarentena-mais-rigida-no-es.ghtml
28/12/2020,preço,Preços do tomate e da cebola estão 30% mais caros em supermercados de Presidente Prudente,12/01/2021 09:19,https://g1.globo.com/sp/presidente-prudente-regiao/noticia/2021/01/12/precos-do-tomate-e-da-cebola-estao-30percent-mais-caros-em-supermercados-de-presidente-prudente.ghtml
28/12/2020,lotam,Supermercados lotam após áudio falso em redes sociais sobre fechamento total no Amazonas,23/01/2021 18:08,https://g1.globo.com/am/amazonas/noticia/2021/01/23/supermercados-lotam-apos-audio-falso-em-redes-sociais-sobre-fechamento-total-no-amazonas.ghtml
28/12/2020,fila,"Filas em supermercados após anúncio de restrições eram previstas, diz prefeito de Ribeirão Preto",16/03/2021 20:33,https://g1.globo.com/sp/ribeirao-preto-franca/noticia/2021/03/16/filas-em-supermercados-apos-anuncio-de-restricoes-eram-previstas-diz-prefeito-de-ribeirao-preto.ghtml
28/12/2020,produto,Mais de 30 quilos de alimentos e produtos de limpeza são apreendidos em supermercados de Manaus,19/02/2021 09:33,https://g1.globo.com/am/amazonas/noticia/2021/02/19/mais-de-30-quilos-de-alimentos-e-produtos-de-limpeza-sao-apreendidos-em-supermercados-de-manaus.ghtml
28/12/2020,fila,Supermercados e postos de Araraquara têm filas após decreto anunciar fechamento por 60 horas,20/02/2021 16:50,https://g1.globo.com/sp/sao-carlos-regiao/noticia/2021/02/20/supermercados-e-postos-de-combustiveis-de-araraquara-tem-filas-apos-decreto-de-fechamento-por-60-horas.ghtml
28/12/2020,covid-19,Covid-19: Prefeitura de Uberaba impõe medidas mais rígidas e fecha supermercados aos domingos,25/02/2021 16:01,https://g1.globo.com/mg/triangulo-mineiro/noticia/2021/02/25/covid-19-prefeitura-de-uberaba-impoe-medidas-mais-rigidas-e-fecha-supermercados-aos-domingos.ghtml
28/12/2020,covid-19,Covid-19: Supermercados de Igarapé na Grande BH ficam fechados nos fins de semana,20/03/2021 01:19,https://g1.globo.com/mg/minas-gerais/noticia/2021/03/19/covid-19-supermercados-de-igarape-na-grande-bh-ficam-fechados-nos-fins-de-semana.ghtml
28/12/2020,covid-19,Decreto de Florianópolis com medidas contra Covid-19 define regras para restaurantes e supermercados,07/01/2021 17:13,https://g1.globo.com/sc/santa-catarina/noticia/2021/01/07/decreto-de-florianopolis-com-medidas-contra-covid-19-define-regras-para-restaurantes-e-supermercados.ghtml
28/12/2020,preço,"Pesquisa aponta queda de 4,36% no preço do arroz em supermercados de Presidente Prudente",19/01/2021 17:42,https://g1.globo.com/sp/presidente-prudente-regiao/noticia/2021/01/19/pesquisa-aponta-queda-de-436percent-no-preco-do-arroz-em-supermercados-de-presidente-prudente.ghtml
29/03/2021,compra,Supermercado online em Goiânia: faça suas compras sem sair de casa,11/06/2021 11:16,https://g1.globo.com/go/goias/especial-publicitario/bretas/noticia/2021/06/11/supermercado-online-em-goiania-faca-suas-compras-sem-sair-de-casa.ghtml
29/03/2021,produto,Procon apreende mais de 50 quilos de produtos em supermercado de Manaus,11/06/2021 10:39,https://g1.globo.com/am/amazonas/noticia/2021/06/11/procon-apreende-mais-de-50-quilos-de-produtos-em-supermercado-de-manaus.ghtml
29/03/2021,produto,Produtos vencidos são encontrados à venda pelo Procon em supermercado de Ituiutaba,12/05/2021 19:42,https://g1.globo.com/mg/triangulo-mineiro/noticia/2021/05/12/produtos-vencidos-sao-encontrados-a-venda-pelo-procon-em-supermercado-de-ituiutaba.ghtml
29/03/2021,produto,Mulheres são presas após tentarem furtar produtos de supermercado em Rio Preto,30/04/2021 10:47,https://g1.globo.com/sp/sao-jose-do-rio-preto-aracatuba/noticia/2021/04/30/mulheres-sao-presas-apos-tentarem-furtar-produtos-de-supermercado-em-rio-preto.ghtml
29/03/2021,alimento,Moradores pegam alimentos após incêndio em depósito de supermercado em Boa Vista,05/06/2021 17:52,https://g1.globo.com/rr/roraima/noticia/2021/06/05/moradores-pegam-alimentos-apos-incendio-em-deposito-de-supermercado-em-boa-vista.ghtml
29/03/2021,covid-19,Supermercado suspende atendimento em São Manuel após surto de Covid-19 em funcionários,24/05/2021 11:42,https://g1.globo.com/sp/bauru-marilia/noticia/2021/05/24/supermercado-suspende-atendimento-em-sao-manuel-apos-surto-de-covid-19-em-funcionarios.ghtml
29/03/2021,interditado,Supermercado é interditado em Araraquara após 6 funcionários testarem positivo para Covid-19,24/04/2021 10:22,https://g1.globo.com/sp/sao-carlos-regiao/noticia/2021/04/24/supermercado-e-interditado-em-araraquara-apos-6-funcionarios-testarem-positivo-para-covid-19.ghtml
29/03/2021,covid-19,Supermercado de São Carlos suspende atendimento após 16 casos de Covid-19 entre funcionários,15/06/2021 14:32,https://g1.globo.com/sp/sao-carlos-regiao/noticia/2021/06/11/supermercado-de-sao-carlos-suspende-atendimento-apos-casos-de-covid-19-entre-funcionarios.ghtml
29/03/2021,produto,Mais de 45 quilos de alimentos e produtos de limpeza são apreendidos em supermercado Manaus,12/06/2021 12:25,https://g1.globo.com/am/amazonas/noticia/2021/06/12/mais-de-45-quilos-de-alimentos-e-produtos-de-limpeza-sao-apreendidos-em-supermercado-manaus.ghtml
29/03/2021,produto,Procon apreende mais de 40 Kg de produtos fora da validade em supermercado em Manaus,26/04/2021 20:44,https://g1.globo.com/am/amazonas/noticia/2021/04/26/procon-apreende-mais-de-40-kg-de-produtos-fora-da-validade-em-supermercado-em-manaus.ghtml
29/03/2021,defesa civil,Defesa Civil de Paulínia faz vistoria em supermercado destruído por incêndio e interdita casa vizinha,14/06/2021 13:01,https://g1.globo.com/sp/campinas-regiao/noticia/2021/06/14/defesa-civil-de-paulinia-faz-vistoria-em-supermercado-destruido-por-incendio-e-interdita-casa-vizinha.ghtml
29/03/2021,produto,Procon apreende mais de 50 quilos de alimentos e produtos de limpeza em supermercado de Manaus,21/05/2021 13:34,https://g1.globo.com/am/amazonas/noticia/2021/05/21/procon-apreende-mais-de-50-quilos-de-alimentos-e-produtos-de-limpeza-em-supermercado-de-manaus.ghtml
29/03/2021,fila,"Réu é condenado por matar vítima a tiros em discussão na fila de supermercado, no PA",25/06/2021 06:56,https://g1.globo.com/pa/para/noticia/2021/06/25/reu-e-condenado-por-matar-vitima-a-tiros-em-discussao-na-fila-de-supermercado-no-pa.ghtml
29/03/2021,prateleira,MP e empresa firmam acordo para indenizar vítimas de desabamento de prateleiras de supermercado no MA,29/04/2021 17:11,https://g1.globo.com/ma/maranhao/noticia/2021/04/29/mp-e-empresa-firmam-acordo-para-indenizar-vitimas-de-desabamento-de-prateleiras-de-supermercado-no-ma.ghtml
29/03/2021,produto,"Procon apreende 44,5 quilos de alimentos e 26,3 litros de produtos de limpeza em supermercado em Manaus",06/05/2021 11:31,https://g1.globo.com/am/amazonas/noticia/2021/05/06/procon-apreende-445-quilos-de-alimentos-e-263-litros-de-produtos-de-limpeza-em-supermercado-em-manaus.ghtml
29/03/2021,covid-19,Técnico é denunciado por furtar doses de vacina contra Covid-19 em Goiânia e vendê-las na porta de supermercado,01/05/2021 16:00,https://g1.globo.com/go/goias/noticia/2021/05/01/tecnico-e-denunciado-por-furtar-doses-de-vacina-contra-covid-19-em-goiania-e-vende-las.ghtml
29/03/2021,preço,"Supermercado é multado em mais de R$ 240 mil por expor produtos sem preço, sem validade e com embalagens violadas, em Maringá",11/04/2021 15:01,https://g1.globo.com/pr/norte-noroeste/noticia/2021/04/11/supermercado-e-multado-em-mais-de-r-240-mil-por-expor-produtos-sem-preco-sem-validade-e-com-embalagens-violadas-em-maringa.ghtml
29/03/2021,aglomeração,"Após denúncias de aglomeração, supermercados são fiscalizados em Manaus",01/04/2021 09:15,https://g1.globo.com/am/amazonas/noticia/2021/04/01/apos-denuncias-de-aglomeracao-supermercados-sao-fiscalizados-em-manaus.ghtml
29/03/2021,alimento,Campanha arrecada alimentos em parceria com supermercados de Paraguaçu Paulista,26/04/2021 09:39,https://g1.globo.com/sp/bauru-marilia/noticia/2021/04/26/campanha-arrecada-alimentos-em-parceria-com-supermercados-de-paraguacu-paulista.ghtml
29/03/2021,preço,Pesquisa aponta variação de preço de até 207% em supermercados de Vitória,05/05/2021 13:10,https://g1.globo.com/es/espirito-santo/noticia/2021/05/04/pesquisa-aponta-variacao-de-preco-de-ate-207percent-em-supermercados-de-vitoria.ghtml
29/03/2021,preço,Pesquisa aponta variação de preço de até 300% em supermercados de Vitória,22/04/2021 13:28,https://g1.globo.com/es/espirito-santo/noticia/2021/04/22/pesquisa-aponta-variacao-de-preco-de-ate-300percent-em-supermercados-de-vitoria.ghtml
29/03/2021,pandemia,Pandemia: governo do DF amplia horário de funcionamento de supermercados e lanchonetes,21/06/2021 17:11,https://g1.globo.com/df/distrito-federal/noticia/2021/06/21/pandemia-governo-do-df-amplia-horario-de-funcionamento-de-supermercados-e-lanchonetes.ghtml
29/03/2021,fila,"Moradores de Franca, SP, formam filas em supermercados após prefeito decretar 'lockdown'",25/05/2021 11:50,https://g1.globo.com/sp/ribeirao-preto-franca/noticia/2021/05/25/moradores-de-franca-sp-formam-filas-em-supermercados-apos-prefeito-decretar-lockdown.ghtml
29/03/2021,restrição,"Supermercados contratam entregadores para período de restrição em Ribeirão Preto, SP",26/05/2021 19:58,https://g1.globo.com/sp/ribeirao-preto-franca/noticia/2021/05/26/supermercados-contratam-entregadores-para-periodo-de-restricao-em-ribeirao-preto-sp.ghtml
29/03/2021,coronavírus,"Coronavírus: Maringá autoriza supermercados, padarias e açougues a abrirem no sábado (3)",01/04/2021 15:07,https://g1.globo.com/pr/norte-noroeste/noticia/2021/04/01/coronavirus-maringa-autoriza-supermercados-padarias-e-acougues-a-abrirem-no-sabado-3.ghtml
29/03/2021,fila,"Após fim do confinamento em Franca, SP, moradores formam filas em bancos e supermercados",11/06/2021 16:30,https://g1.globo.com/sp/ribeirao-preto-franca/noticia/2021/06/11/apos-fim-do-confinamento-em-franca-sp-moradores-formam-filas-em-bancos-e-supermercados.ghtml
29/03/2021,comida,Comércio eletrônico: comida por delivery e supermercados são categorias que mais crescem na pandemia,26/05/2021 07:49,https://g1.globo.com/economia/noticia/2021/05/26/comercio-eletronico-comida-por-delivery-e-supermercados-sao-categorias-que-mais-crescem-na-pandemia.ghtml
29/03/2021,fila,Supermercados e lojas com produtos de Páscoa registram filas na véspera de feriado em Varginha,01/04/2021 21:33,https://g1.globo.com/mg/sul-de-minas/noticia/2021/04/01/supermercados-e-lojas-com-produtos-de-pascoa-registram-filas-na-vespera-de-feriado-em-varginha.ghtml
29/03/2021,produto,142 quilos de produtos impróprios para consumo são apreendidos em supermercados de Manaus,04/05/2021 10:00,https://g1.globo.com/am/amazonas/noticia/2021/05/04/142-quilos-de-produtos-improprios-para-consumo-sao-apreendidos-em-supermercados-de-manaus.ghtml
29/03/2021,covid-19,Covid-19: Campo Mourão fechará supermercados e comércio a partir de quinta (27),25/05/2021 10:27,https://g1.globo.com/pr/norte-noroeste/noticia/2021/05/25/covid-19-campo-mourao-fechara-supermercados-e-comercio-a-partir-de-quinta-27.ghtml
29/03/2021,fila,"Após registrarem filas e aglomeração, supermercados de Altamira são proibidos de funcionar até domingo",02/04/2021 18:21,https://g1.globo.com/pa/para/noticia/2021/04/02/apos-registrarem-filas-e-aglomeracao-supermercados-de-altamira-sao-proibidos-de-funcionar-ate-domingo.ghtml
29/03/2021,preço,Procon aponta variação de até 190% no preço de itens em supermercados de Vitória,04/06/2021 08:11,https://g1.globo.com/es/espirito-santo/noticia/2021/06/03/pesquisa-aponta-variacao-de-ate-190percent-no-preco-de-itens-em-supermercados-de-vitoria.ghtml
28/06/2021,prateleira,Mulher encontra cobra em prateleira de supermercado na Austrália,19/08/2021 05:23,https://g1.globo.com/mundo/noticia/2021/08/19/mulher-encontra-cobra-em-prateleira-de-supermercado-na-australia.ghtml
28/06/2021,produto,Produtos impróprios para o consumo são apreendidos em supermercado de Manaus,31/08/2021 14:29,https://g1.globo.com/am/amazonas/noticia/2021/08/31/produtos-improprios-para-o-consumo-sao-apreendidos-em-supermercado-de-manaus.ghtml
28/06/2021,produto,Procon autua supermercado em Uberaba por venda de produtos impróprios para consumo,19/08/2021 15:16,https://g1.globo.com/mg/triangulo-mineiro/noticia/2021/08/19/procon-autua-supermercado-em-uberaba-por-venda-de-produtos-improprios-para-consumo.ghtml
28/06/2021,compra,Supermercado em Goiânia oferece até 50% de desconto em delivery de compras,06/09/2021 15:38,https://g1.globo.com/go/goias/especial-publicitario/supermercado-bretas/noticia/2021/09/06/supermercado-em-goiania-oferece-ate-50percent-de-desconto-em-delivery-de-compras.ghtml
28/06/2021,produto,Procon apreende mais de 100 Kg de produtos em supermercado de Manaus,15/07/2021 10:53,https://g1.globo.com/am/amazonas/noticia/2021/07/15/procon-apreende-mais-de-100-kg-de-produtos-em-supermercado-de-manaus.ghtml
28/06/2021,produto,60 quilos de produtos são apreendidos pelo Procon em supermercado de Manaus,20/08/2021 10:17,https://g1.globo.com/am/amazonas/noticia/2021/08/20/60-quilos-de-produtos-sao-apreendidos-pelo-procon-em-supermercado-de-manaus.ghtml
28/06/2021,alimento,Procon apreende mais de 790 quilos de alimentos em supermercado de Manaus,04/09/2021 13:27,https://g1.globo.com/am/amazonas/noticia/2021/09/04/procon-apreende-mais-de-790-quilos-de-alimentos-em-supermercado-de-manaus.ghtml
28/06/2021,produto,Mais de 50 quilos de produtos são apreendidos em supermercado de shopping em Manaus,29/06/2021 09:12,https://g1.globo.com/am/amazonas/noticia/2021/06/29/mais-de-50-quilos-de-produtos-sao-apreendidos-em-supermercado-de-shopping-em-manaus.ghtml
28/06/2021,interditado,Supermercado de São Carlos é interditado após 10 funcionários testarem positivo para Covid-19,13/07/2021 16:47,https://g1.globo.com/sp/sao-carlos-regiao/noticia/2021/07/13/supermercado-de-sao-carlos-e-interditado-apos-10-funcionarios-testarem-positivo-para-covid-19.ghtml
28/06/2021,falta,"Supermercado é interditado por falta de higiene e outras irregularidades sanitárias em Campos, no RJ",29/07/2021 21:31,https://g1.globo.com/rj/norte-fluminense/noticia/2021/07/29/supermercado-e-interditado-por-falta-de-higiene-e-outras-irregularidades-sanitarias-em-campos-no-rj.ghtml
28/06/2021,produto,Mais de 40 quilos de produtos são apreendidos em supermercado na zona sul de Manaus,24/08/2021 16:21,https://g1.globo.com/am/amazonas/noticia/2021/08/24/mais-de-40-quilos-de-produtos-sao-apreendidos-em-supermercado-na-zona-sul-de-manaus.ghtml
28/06/2021,compra,"VÍDEO: Cliente fica preso em supermercado por mais de 3h, após fazer compras em Salvador",01/09/2021 14:36,https://g1.globo.com/ba/bahia/noticia/2021/09/01/video-cliente-fica-preso-em-mercado-por-mais-de-3h-apos-fazer-compras-em-salvador.ghtml
28/06/2021,alimento,Procon apreende mais de 50 kg de alimentos impróprios para consumo em supermercado do ES,27/08/2021 07:53,https://g1.globo.com/es/espirito-santo/noticia/2021/08/26/procon-apreende-mais-de-50-quilos-de-alimentos-improprios-para-consumo-em-supermercado-do-es.ghtml
28/06/2021,termina,Tentativa de roubo a caminhão com carga de supermercado termina em perseguição policial na Av. Paulista,11/09/2021 14:47,https://g1.globo.com/sp/sao-paulo/noticia/2021/09/11/tentativa-de-roubo-a-caminhao-com-carga-de-supermercado-termina-em-perseguicao-policial-na-av-paulista.ghtml
28/06/2021,produto,Procon apreende mais de 80 Kg de alimentos e produtos de limpeza vencidos em supermercado de Manaus,09/07/2021 20:59,https://g1.globo.com/am/amazonas/noticia/2021/07/09/procon-apreende-mais-de-80-kg-de-alimentos-e-produtos-de-limpeza-vencidos-em-supermercado-de-manaus.ghtml
28/06/2021,falta,"Supermercado em Campos, RJ, é autuado após flagrante de alimentos impróprios para consumo e falta de higiene",15/09/2021 20:11,https://g1.globo.com/rj/norte-fluminense/noticia/2021/09/15/supermercado-em-campos-rj-e-autuado-apos-flagrante-de-alimentos-improprios-para-consumo-e-falta-de-hiegene.ghtml
28/06/2021,temporal,"Cobertura de supermercado cai sobre carros, hospitais alagam e bairros ficam sem energia durante temporal no AC; vídeos",24/09/2021 20:01,https://g1.globo.com/ac/acre/noticia/2021/09/24/vendaval-derruba-arvores-desaba-cobertura-de-supermercado-alaga-salas-no-ps-e-deixa-alguns-bairros-sem-energia-em-rio-branco.ghtml
28/06/2021,covid-19,Clientes de supermercado agridem fiscais da Prefeitura durante fiscalização de normas contra a Covid-19 em Santa Vitória,27/07/2021 13:00,https://g1.globo.com/mg/triangulo-mineiro/noticia/2021/07/27/clientes-agridem-fiscais-da-prefeitura-durante-fiscalizacao-de-normas-contra-a-covid-19-em-supermercado-de-santa-vitoria.ghtml
28/06/2021,compra,Servidor da prefeitura é suspeito de fraude na compra de cestas básicas para favorecer o próprio supermercado em Itapaci,01/09/2021 13:31,https://g1.globo.com/go/goias/noticia/2021/09/01/servidor-da-prefeitura-e-suspeito-fraude-na-compra-de-cestas-basicas-para-de-favorecer-o-proprio-supermercado-em-itapaci.ghtml
28/06/2021,compra,'Vim aqui pra comprar e me chamam de ladrão'; vídeo mostra homem negro sem roupa em supermercado de Limeira,09/08/2021 19:48,https://g1.globo.com/sp/piracicaba-regiao/noticia/2021/08/09/video-mostra-homem-tirando-parte-da-roupa-em-supermercado-de-limeira-caso-foi-registrado-como-constrangimento.ghtml
28/06/2021,compra,Funcionário com Covid-19 é demitido após ir ao supermercado onde trabalhava para fazer compras durante o isolamento em MT,03/09/2021 19:42,https://g1.globo.com/mt/mato-grosso/noticia/2021/09/03/funcionario-com-covid-19-e-demitido-apos-ir-ao-supermercado-onde-trabalhava-para-fazer-compras-durante-o-isolamento-em-mt.ghtml
28/06/2021,aumento,Carne mais cara no supermercado: alta no custo da criação dos bois é sentida no Paraná e ajuda explicar aumento,11/07/2021 07:25,https://g1.globo.com/pr/parana/caminhos-do-campo/noticia/2021/07/11/carne-mais-cara-no-supermercado-alta-no-custo-da-criacao-dos-bois-e-sentida-no-parana-e-ajuda-explicar-aumento.ghtml
28/06/2021,alimento,O que você não sabia sobre versatilidade de alimentos em supermercados,24/09/2021 10:41,https://g1.globo.com/sp/vale-do-paraiba-regiao/especial-publicitario/rede-hakuo-de-supermercados/rede-hakuo/noticia/2021/09/23/o-que-voce-nao-sabia-sobre-versatilidade-de-alimentos-em-supermercados.ghtml
28/06/2021,produto,Denúncias de produtos fora da validade em supermercados triplicam no AM,17/08/2021 21:04,https://g1.globo.com/am/amazonas/noticia/2021/08/17/denuncias-de-produtos-fora-da-validade-em-supermercados-triplicam-no-am.ghtml
28/06/2021,covid-19,Covid-19: Maringá reduz toque de recolher e libera supermercados aos domingos,06/08/2021 11:00,https://g1.globo.com/pr/norte-noroeste/noticia/2021/08/06/covid-19-maringa-reduz-toque-de-recolher-e-libera-supermercados-aos-domingos.ghtml
28/06/2021,covid-19,Covid-19: Londrina autoriza abertura de supermercados e hipermercados durante 24 horas,20/07/2021 16:04,https://g1.globo.com/pr/norte-noroeste/noticia/2021/07/20/covid-19-londrina-funcionamento-de-supermercados-e-hipermercados-durante-24-horas.ghtml
28/06/2021,interditada,Sete balanças de pesagem são interditadas em supermercados de João Pessoa em operação,13/08/2021 14:52,https://g1.globo.com/pb/paraiba/noticia/2021/08/13/sete-balancas-de-pesagem-sao-interditadas-em-supermercados-de-joao-pessoa-em-operacao.ghtml
28/06/2021,limitar,Supermercados são notificados pelo Procon por limitarem compra de carnes e enlatados em Fortaleza,19/08/2021 20:34,https://g1.globo.com/ce/ceara/noticia/2021/08/19/mercados-sao-notificados-pelo-procon-por-limitarem-compra-de-carnes-e-enlatados-em-fortaleza.ghtml
28/06/2021,preço,"Confira supermercados de Fortaleza com os preços mais baixos de arroz, feijão, carne e ovos",01/09/2021 16:05,https://g1.globo.com/ce/ceara/noticia/2021/09/01/confira-supermercados-de-fortaleza-com-os-precos-mais-baixos-de-arroz-feijao-carne-e-ovos.ghtml
28/06/2021,produto,"Mais de 3,2 mil produtos vencidos são apreendidos em supermercados; alguns venceram há mais de um ano",10/09/2021 17:48,https://g1.globo.com/to/tocantins/noticia/2021/09/10/mais-de-32-mil-produtos-vencidos-sao-apreendidos-em-supermercados-alguns-venceram-ha-mais-de-um-ano.ghtml
28/06/2021,preço,Preço do tomate tem variação de 100% e chega a quase R$ 7 nos supermercados de Palmas,25/07/2021 16:43,https://g1.globo.com/to/tocantins/noticia/2021/07/25/preco-do-tomate-tem-variacao-de-100percent-e-chega-a-quase-r-7-nos-supermercados-de-palmas.ghtml
28/06/2021,preço,"Influenciado por seca, preço do café sobe nos supermercados e pode ter mais reajustes em Ribeirão Preto",08/08/2021 17:59,https://g1.globo.com/sp/ribeirao-preto-franca/noticia/2021/08/08/influenciado-por-seca-preco-do-cafe-sobe-nos-supermercados-e-pode-ter-mais-reajustes-em-ribeirao-preto.ghtml
28/06/2021,preço,"Preços de frutas e legumes podem variar até 207% em supermercados de Fortaleza, aponta pesquisa do Procon",27/07/2021 19:09,https://g1.globo.com/ce/ceara/noticia/2021/07/27/precos-de-frutas-e-legumes-podem-variar-ate-207percent-em-supermercados-de-fortaleza-aponta-pesquisa-do-procon.ghtml
28/06/2021,aumento,Consumidores do Alto Tietê usam estratégias para driblar aumentos para manter consumo de carnes,26/08/2021 16:01,https://g1.globo.com/sp/mogi-das-cruzes-suzano/noticia/2021/08/26/consumidores-do-alto-tiete-usam-estrategias-para-driblar-aumentos-para-manter-consumo-de-carnes.ghtml
28/06/2021,alimento,Mais de 400 kg de alimentos são confiscados durante ação de vistoria do Procon em Juiz de Fora; sete supermercados foram autuados,20/09/2021 16:56,https://g1.globo.com/mg/zona-da-mata/noticia/2021/09/20/mais-de-400-kg-de-alimentos-sao-confiscados-durante-acao-de-vistoria-do-procon-em-juiz-de-fora-sete-supermercados-foram-autuados.ghtml
28/06/2021,preço,"Preços nos supermercados de Fortaleza variam até 216% em agosto; esponja de aço, cenoura e laranja estão no topo da lista",31/08/2021 21:49,https://g1.globo.com/ce/ceara/noticia/2021/08/31/precos-nos-supermercados-de-fortaleza-variam-ate-216percent-esponja-de-aco-cenoura-e-laranja-estao-no-topo-da-lista.ghtml
28/06/2021,preço,Alta nos preços faz consumidores do Alto Tietê procurarem alternativas para manter a alimentação,08/09/2021 11:28,https://g1.globo.com/sp/mogi-das-cruzes-suzano/noticia/2021/09/08/alta-nos-precos-faz-consumidores-do-alto-tiete-procurarem-alternativas-para-manter-a-alimentacao.ghtml
28/06/2021,alimento,TV Integração arrecada alimentos e agasalhos no Circuito Junino 2021 em Juiz de Fora; veja onde doar,28/06/2021 17:31,https://g1.globo.com/mg/zona-da-mata/noticia/2021/06/28/tv-integracao-arrecada-alimentos-e-agasalhos-no-circuito-junino-2021-m-juiz-de-fora-veja-onde-doar.ghtml
28/06/2021,produto,Feira livre com produtos da agricultura familiar é inaugurada no Centro Político Administrativo em Cuiabá,16/09/2021 14:53,https://g1.globo.com/mt/mato-grosso/noticia/2021/09/16/feira-livre-com-produtos-da-agricultura-familiar-e-inaugurada-no-centro-politico-administrativo-em-cuiaba.ghtml
28/06/2021,alimento,"Com campanha para arrecadar doações de alimentos não perecíveis, PRF divulga novos pontos de coleta",18/07/2021 19:13,https://g1.globo.com/ms/mato-grosso-do-sul/noticia/2021/07/18/prf-lanca-campanha-para-arrecadar-doacoes-de-alimentos-nao-pereciveis-em-ms.ghtml
27/09/2021,compra,"Do supermercado à cafeteria, saiba como usar pontos nas suas compras",28/10/2021 18:16,https://g1.globo.com/sp/especial-publicitario/livelo/noticia/2021/10/28/do-supermercado-a-cafeteria-saiba-como-usar-pontos-nas-suas-compras.ghtml
27/09/2021,compra,"Do supermercado à cafeteria, saiba como usar pontos nas suas compras",28/10/2021 18:20,https://g1.globo.com/rs/rio-grande-do-sul/especial-publicitario/livelo/noticia/2021/10/28/do-supermercado-a-cafeteria-saiba-como-usar-pontos-nas-suas-compras.ghtml
27/09/2021,compra,"Do supermercado à cafeteria, saiba como usar pontos nas suas compras",28/10/2021 18:23,https://g1.globo.com/pe/pernambuco/especial-publicitario/livelo/noticia/2021/10/28/do-supermercado-a-cafeteria-saiba-como-usar-pontos-nas-suas-compras.ghtml
27/09/2021,compra,"Do supermercado à cafeteria, saiba como usar pontos nas suas compras",28/10/2021 18:19,https://g1.globo.com/rj/rio-de-janeiro/especial-publicitario/livelo/noticia/2021/10/28/do-supermercado-a-cafeteria-saiba-como-usar-pontos-nas-suas-compras.ghtml
27/09/2021,compra,"Do supermercado à cafeteria, saiba como usar pontos nas suas compras",28/10/2021 18:21,https://g1.globo.com/ba/bahia/especial-publicitario/livelo/noticia/2021/10/28/do-supermercado-a-cafeteria-saiba-como-usar-pontos-nas-suas-compras.ghtml
27/09/2021,limitar,Justiça proíbe supermercado de limitar ida de funcionários ao banheiro em MT,02/12/2021 15:01,https://g1.globo.com/mt/mato-grosso/noticia/2021/12/02/justica-proibe-supermercado-de-limitar-ida-de-funcionarios-ao-banheiro-em-mt.ghtml
27/09/2021,alimento,Procon apreende alimentos vencidos em supermercado e loja de conveniência em Uberaba,29/09/2021 13:09,https://g1.globo.com/mg/triangulo-mineiro/noticia/2021/09/28/procon-apreende-alimentos-vencidos-em-supermercado-e-loja-de-conveniencia-em-uberaba.ghtml
27/09/2021,compra,Globo Comunidade: consumidora dá dicas de como economizar com as compras do supermercado,10/11/2021 15:34,https://g1.globo.com/rj/rio-de-janeiro/noticia/2021/11/07/globo-comunidade-consumidora-da-dicas-de-como-economizar-com-as-compras-do-supermercado.ghtml
27/09/2021,abastecimento,É #FAKE que medidas de isolamento social provocaram desabastecimento em supermercado na Bélgica,13/10/2021 16:06,https://g1.globo.com/fato-ou-fake/coronavirus/noticia/2021/10/13/e-fake-que-medidas-de-isolamento-social-provocaram-desabastecimento-em-supermercado-na-belgica.ghtml
27/09/2021,chuva,VÍDEO: telhado de supermercado desaba durante chuva e ventos fortes em Monte Carmelo,30/09/2021 19:32,https://g1.globo.com/mg/triangulo-mineiro/noticia/2021/09/30/video-telhado-de-supermercado-desaba-durante-chuva-e-ventos-fortes-em-monte-carmelo.ghtml
27/09/2021,alimento,Mais de 500 quilos de alimentos vencidos são apreendidos em supermercado de Manaus,09/11/2021 18:34,https://g1.globo.com/am/amazonas/noticia/2021/11/09/mais-de-500-quilos-de-alimentos-vencidos-sao-apreendidos-em-supermercado-de-manaus.ghtml
27/09/2021,produto,VÍDEO: Homem furta produtos de supermercado duas vezes em um dia em Garanhuns,02/12/2021 09:31,https://g1.globo.com/pe/caruaru-regiao/noticia/2021/12/02/video-homem-furta-produtos-de-supermercado-duas-vezes-em-um-dia-em-garanhuns.ghtml
27/09/2021,produto,Procon apreende 169 Kg de produtos fora da validade em supermercado de Manaus,15/12/2021 14:07,https://g1.globo.com/am/amazonas/noticia/2021/12/14/procon-apreende-169-kg-de-produtos-fora-da-validade-em-supermercado-de-manaus.ghtml
27/09/2021,termina,Assalto em supermercado termina com cliente baleado em Macapá; criminosos fugiram a pé,06/10/2021 12:10,https://g1.globo.com/ap/amapa/noticia/2021/10/06/assalto-em-supermercado-termina-com-cliente-baleado-em-macapa-criminosos-fugiram-a-pe.ghtml
27/09/2021,preço,Preço do mesmo produto varia até 300% de um supermercado para outro em Vitória,08/10/2021 08:00,https://g1.globo.com/es/espirito-santo/noticia/2021/10/07/preco-do-mesmo-produto-pode-variar-ate-300percent-de-um-supermercado-para-outro-em-vitoria.ghtml
27/09/2021,produto,Procon apreende mais de 70 Kg de produtos em supermercado na Zona Leste de Manaus,13/10/2021 18:03,https://g1.globo.com/am/amazonas/noticia/2021/10/13/procon-apreende-mais-de-70-kg-de-produtos-em-supermercado-na-zona-leste-de-manaus.ghtml
27/09/2021,acaba,PM reage a assalto em supermercado e dois suspeitos acabam mortos em Cruzeiro do Sul,11/12/2021 15:16,https://g1.globo.com/ac/acre/noticia/2021/12/11/pm-reage-a-assalto-em-supermercado-e-adolescente-de-17-anos-acaba-morto-em-cruzeiro-do-sul.ghtml
27/09/2021,medo,"Vídeo mostra clientes saindo de supermercado que pegou fogo em Florianópolis: 'Medo que ia explodir', diz moradora",23/12/2021 19:36,https://g1.globo.com/sc/santa-catarina/noticia/2021/12/23/video-mostra-clientes-deixando-supermercado-apos-inicio-de-incendio-em-sc-medo-que-ia-explodir-diz-moradora.ghtml
27/09/2021,busca,"Pessoas cercam lixo de supermercado em busca de comida em BH; 'vergonha é roubar', diz uma delas",08/10/2021 22:16,https://g1.globo.com/mg/minas-gerais/noticia/2021/10/08/pessoas-cercam-lixo-de-supermercado-em-busca-de-comida-em-bh-vergonha-e-roubar-pedir-e-esperar-nao-e-vergonha.ghtml
27/09/2021,comida,"Desempregado pede comida a cliente de supermercado, história viraliza na web e homem consegue trabalho no RN",17/11/2021 09:00,https://g1.globo.com/rn/rio-grande-do-norte/noticia/2021/11/17/desempregado-pede-comida-para-cliente-de-supermercado-historia-viraliza-na-web-e-homem-consegue-trabalho-no-rn.ghtml
27/09/2021,comida,"'Não havia crime', diz juiz que absolveu acusados por furto de comida vencida descartada por supermercado no RS",28/10/2021 19:30,https://g1.globo.com/rs/rio-grande-do-sul/noticia/2021/10/28/nao-havia-crime-diz-juiz-que-absolveu-acusados-por-furto-de-comida-vencida-descartada-por-supermercado-no-rs.ghtml
27/09/2021,fila,Mulher é agredida a socos e chutes na fila de caixa de supermercado na Serra do RS; VÍDEO,29/11/2021 19:50,https://g1.globo.com/rs/rio-grande-do-sul/noticia/2021/11/29/mulher-e-agredida-a-socos-e-chutes-na-fila-de-caixa-de-supermercado-na-serra-do-rs-video.ghtml
27/09/2021,produto,Supermercados devem destacar data de validade de produtos em promoção,09/12/2021 10:05,https://g1.globo.com/pr/parana/especial-publicitario/assembleia-legislativa-do-parana/momento-assembleia-parana/noticia/2021/12/09/supermercados-devem-destacar-data-de-validade-de-produtos-em-promocao.ghtml
27/09/2021,dispara,Preço dos produtos da ceia de Natal dispara nos supermercados de Palmas,25/11/2021 18:44,https://g1.globo.com/to/tocantins/noticia/2021/11/25/preco-dos-produtos-da-ceia-de-natal-dispara-nos-supermercados-de-palmas.ghtml
27/09/2021,alimento,Cadastro da PBH monta banco de alimentos que seriam descartados por supermercados,07/10/2021 06:54,https://g1.globo.com/mg/minas-gerais/noticia/2021/10/07/cadastro-da-pbh-monta-banco-de-alimentos-que-seriam-descartados-por-supermercados.ghtml
27/09/2021,covid-19,Vacinação contra Covid-19 e gripe segue sendo realizada em supermercados de Palmas,25/11/2021 08:13,https://g1.globo.com/to/tocantins/noticia/2021/11/25/vacinacao-contra-covid-19-e-gripe-segue-sendo-realizada-em-supermercados-de-palmas.ghtml
27/09/2021,preço,"Preço do café sobe e chega a R$ 7,49 nos supermercados de Palmas",18/10/2021 09:31,https://g1.globo.com/to/tocantins/noticia/2021/10/18/preco-do-cafe-sobe-e-chega-a-r-749-nos-supermercados-de-palmas.ghtml
27/09/2021,preço,Aplicativo ajuda consumidores a encontrarem ofertas e preços mais baixos em supermercados do Ceará,05/10/2021 23:17,https://g1.globo.com/ce/ceara/noticia/2021/10/05/aplicativo-ajuda-consumidores-a-encontrarem-ofertas-e-precos-mais-baixos-em-supermercados-do-ceara.ghtml
27/09/2021,preço,"Preço de produtos nos supermercados de Fortaleza pode chegar a R$ 710, diz Procon",26/10/2021 21:49,https://g1.globo.com/ce/ceara/noticia/2021/10/26/preco-de-cesta-basica-nos-supermercados-de-fortaleza-pode-chegar-a-r-710-diz-procon.ghtml
27/09/2021,preço,Preços de produtos para ceia de Natal variam até 207% em supermercados de Campinas,21/12/2021 17:30,https://g1.globo.com/sp/campinas-regiao/noticia/2021/12/21/precos-de-produtos-para-ceia-de-natal-variam-ate-207percent-em-supermercados-de-campinas.ghtml
27/09/2021,produto,Produtos da ceia de Natal são vendidos com variação de até 184% nos supermercados de Palmas,15/12/2021 15:36,https://g1.globo.com/to/tocantins/noticia/2021/12/15/produtos-da-ceia-de-natal-sao-vendidos-com-variacao-de-ate-184percent-nos-supermercados-de-palmas.ghtml
27/09/2021,compra,Alteração na lei que proíbe supermercados de conferir compras de clientes após o pagamento é aprovada em Uberlândia,16/11/2021 11:45,https://g1.globo.com/mg/triangulo-mineiro/noticia/2021/11/12/alteracao-na-lei-que-proibe-supermercados-de-conferir-compras-de-clientes-apos-o-pagamento-e-aprovada-em-uberlandia.ghtml
27/09/2021,preço,"Com deflação de 3,93%, preço da cesta básica chega a R$ 872,90 em supermercados de Presidente Prudente",10/12/2021 14:14,https://g1.globo.com/sp/presidente-prudente-regiao/noticia/2021/12/10/com-deflacao-de-393percent-preco-da-cesta-basica-chega-a-r-87290-em-supermercados-de-presidente-prudente.ghtml
27/09/2021,covid-19,Rio Branco tem vacinação contra a Covid-19 em unidades de saúde e supermercados neste sábado (2),01/10/2021 21:12,https://g1.globo.com/ac/acre/noticia/2021/10/01/rio-branco-tem-vacinacao-contra-a-covid-19-em-unidades-de-saude-e-supermercados-neste-sabado-2.ghtml
27/09/2021,alimento,Quatro homens são presos suspeitos de desviar alimentos estragados de supermercados de BH para revender,01/10/2021 12:37,https://g1.globo.com/mg/minas-gerais/noticia/2021/10/01/quatro-homens-sao-presos-suspeitos-de-desviar-alimentos-estragados-de-supermercados-de-bh-para-revender.ghtml
27/09/2021,covid-19,"Saúde espera vacinar mais de 3,4 mil pessoas contra Covid-19 durante ação em supermercados de Rio Branco",02/10/2021 12:39,https://g1.globo.com/ac/acre/noticia/2021/10/02/saude-espera-vacinar-mais-de-34-mil-pessoas-contra-covid-19-durante-acao-em-supermercados-de-rio-branco.ghtml
27/09/2021,preço,"Cenoura, pimentão e cebola são os itens com maior variação de preço nos supermercados de Fortaleza, diz Procon",29/09/2021 17:46,https://g1.globo.com/ce/ceara/noticia/2021/09/29/cenoura-pimentao-e-cebola-sao-os-itens-com-maior-variacao-de-preco-nos-supermercados-de-fortaleza-diz-procon.ghtml
27/09/2021,alimento,Telespectadora flagra alimentos sendo jogados fora em caminhão de lixo em Belo Horizonte,08/10/2021 08:58,https://g1.globo.com/mg/minas-gerais/noticia/2021/10/08/telespectadora-flagra-alimentos-sendo-jogados-fora-em-caminhao-de-lixo-em-belo-horizonte.ghtml
27/09/2021,busca,"Consumidores buscam carnes e itens da cesta básica na Black Friday dos supermercados de Ribeirão Preto, SP",20/11/2021 14:01,https://g1.globo.com/sp/ribeirao-preto-franca/noticia/2021/11/20/consumidores-buscam-carnes-e-itens-da-cesta-basica-na-black-friday-dos-supermercados-de-ribeirao-preto-sp.ghtml
27/12/2021,deslizamento,"Deslizamento de terra atinge supermercado em Aperibé, RJ; VÍDEO",09/02/2022 12:55,https://g1.globo.com/rj/norte-fluminense/noticia/2022/02/09/deslizamento-de-terra-atinge-supermercado-em-aperibe-rj-video.ghtml
27/12/2021,produto,VÍDEO: Bandido invade supermercado pelo teto e rouba produtos em Caruaru,18/02/2022 11:14,https://g1.globo.com/pe/caruaru-regiao/noticia/2022/02/18/video-bandido-invade-supermercado-pelo-teto-e-rouba-produtos-em-caruaru.ghtml
27/12/2021,defesa civil,"Supermercado que pegou fogo em Florianópolis tem estrutura totalmente comprometida, diz Defesa Civil",27/12/2021 18:07,https://g1.globo.com/sc/santa-catarina/noticia/2021/12/27/estrutura-de-supermercado-que-pegou-fogo-em-florianopolis-foi-totalmente-comprometida-diz-defesa-civil.ghtml
27/12/2021,termina,Discussão em caixa de supermercado de Mococa termina com tiro acidental e agressões,27/02/2022 12:40,https://g1.globo.com/sp/sao-carlos-regiao/noticia/2022/02/27/discussao-em-caixa-de-supermercado-de-mococa-termina-com-tiro-acidental-e-agressoes.ghtml
27/12/2021,produto,Guarda Municipal recupera R$ 4 mil e produtos furtados de supermercado em Capivari,10/03/2022 15:31,https://g1.globo.com/sp/piracicaba-regiao/noticia/2022/03/10/guarda-municipal-recupera-r-4-mil-e-produtos-furtados-de-supermercado-em-capivari.ghtml
27/12/2021,alimento,"Moradores recolhem alimentos em escombros de supermercado destruído por incêndio, em João Pessoa",07/01/2022 10:57,https://g1.globo.com/pb/paraiba/noticia/2022/01/07/moradores-recolhem-alimentos-em-escombros-de-supermercado-destruido-por-incendio-em-joao-pessoa.ghtml
27/12/2021,produto,"Vídeo: criminosos arrombam loja em supermercado e furtam produtos eletrônicos na Serra, ES",04/03/2022 07:50,https://g1.globo.com/es/espirito-santo/noticia/2022/03/03/video-criminosos-arrombam-loja-em-supermercado-e-furtam-produtos-eletronicos-na-serra-es.ghtml
27/12/2021,produto,Fiscalização apreende produtos vencidos e 170 kg de carne em supermercado no sul de Palmas,15/02/2022 18:21,https://g1.globo.com/to/tocantins/noticia/2022/02/15/fiscalizacao-apreende-produtos-vencidos-e-170-kg-de-carne-em-supermercado-no-sul-de-palmas.ghtml
27/12/2021,compra,Polícia investiga abordagem a menino negro expulso de supermercado em Porto Alegre enquanto fazia compras,23/02/2022 21:23,https://g1.globo.com/rs/rio-grande-do-sul/noticia/2022/02/23/policia-investiga-abordagem-a-menino-negro-expulso-de-supermercado-em-porto-alegre-enquanto-fazia-compras.ghtml
27/12/2021,compra,"Homem enche carrinho de compras e sai do supermercado sem pagar, em Aparecida de Goiânia; vídeo",25/03/2022 10:58,https://g1.globo.com/go/goias/noticia/2022/03/25/homem-enche-carrinho-de-compras-e-sai-do-supermercado-sem-pagar-em-aparecida-de-goiania-video.ghtml
27/12/2021,comida,PM é preso após furtar R$ 1 mil em comida e bebida em supermercado no DF,09/01/2022 17:05,https://g1.globo.com/df/distrito-federal/noticia/2022/01/09/pm-e-preso-apos-furtar-r-1-mil-em-comida-e-bebida-em-supermercado-no-df.ghtml
27/12/2021,falta,"Micro-ônibus bate em poste, atinge muro de supermercado e provoca falta de energia, em Fortaleza",29/01/2022 11:05,https://g1.globo.com/ce/ceara/noticia/2022/01/29/micro-onibus-bate-em-poste-atinge-muro-de-supermercado-e-provoca-falta-de-energia-em-fortaleza.ghtml
27/12/2021,alimento,"Moradores se arriscam na madrugada para pegar sobras de alimentos em supermercado que pegou fogo, na PB",08/01/2022 13:32,https://g1.globo.com/pb/paraiba/noticia/2022/01/08/moradores-se-arriscam-na-madrugada-para-pegar-sobras-de-alimentos-em-supermercado-que-pegou-fogo-na-pb.ghtml
27/12/2021,produto,"Homem é preso suspeito de furtar e consumir produtos dentro de supermercado na avenida Agamenon Magalhães, em Caruaru",23/03/2022 06:39,https://g1.globo.com/pe/caruaru-regiao/noticia/2022/03/23/homem-e-preso-suspeito-de-furtar-e-consumir-produtos-dentro-de-supermercado-na-avenida-agamenon-magalhaes-em-caruaru.ghtml
27/12/2021,chuva,Forte chuva causa quedas de árvores e destrói teto de posto de gasolina e de supermercado em BH; veja imagens,17/02/2022 08:38,https://g1.globo.com/mg/minas-gerais/noticia/2022/02/16/forte-chuva-causa-quedas-de-arvores-e-destroi-teto-de-posto-de-gasolina-e-de-supermercado-em-bh-veja-imagens.ghtml
27/12/2021,compra,Supermercado terá que indenizar em R$ 15 mil cliente que foi atingida por fardos de farinha durante compras em Contagem,15/02/2022 20:16,https://g1.globo.com/mg/minas-gerais/noticia/2022/02/15/supermercado-tera-que-indenizar-em-r-15-mil-cliente-que-foi-atingida-por-fardos-de-farinha-durante-compras-em-contagem.ghtml
27/12/2021,produto,Supermercado é condenado pela Justiça da BA a pagar indenização de R$ 100 mil por vender produtos com agrotóxicos proibidos,13/01/2022 20:09,https://g1.globo.com/ba/bahia/noticia/2022/01/13/supermercado-e-condenado-pela-justica-da-ba-a-pagar-indenizacao-de-r-100-mil-por-vender-produtos-com-agrotoxicos-proibidos.ghtml
27/12/2021,vazia,Ômicron deixa prateleiras dos supermercados dos EUA quase vazias,14/01/2022 17:07,https://g1.globo.com/economia/noticia/2022/01/14/omicron-deixa-prateleiras-dos-supermercados-dos-eua-quase-vazias.ghtml
27/12/2021,preço,Preço da cenoura mais que dobra em um ano nos supermercados de Palmas,17/03/2022 07:04,https://g1.globo.com/to/tocantins/noticia/2022/03/17/preco-da-cenoura-mais-que-dobra-em-um-ano-nos-supermercados-de-palmas.ghtml
27/12/2021,abastecimento,Brasileiro mostra desabastecimento em supermercados e fila em bancos da Ucrânia,25/02/2022 16:47,https://g1.globo.com/fantastico/noticia/2022/02/25/brasileiro-mostra-desabastecimento-em-supermercados-e-fila-em-bancos-da-ucrania.ghtml
27/12/2021,produto,"Supermercados são autuados por venderem produtos vencidos, em João Pessoa",04/02/2022 10:06,https://g1.globo.com/pb/paraiba/noticia/2022/02/04/supermercado-sao-autuados-por-venderem-produtos-vencidos-em-joao-pessoa.ghtml
27/12/2021,medo,Entenda por que o medo da inflação pode gerar mais inflação nos supermercados,22/01/2022 21:48,https://g1.globo.com/jornal-nacional/noticia/2022/01/22/entenda-por-que-o-medo-da-inflacao-pode-gerar-mais-inflacao-nos-supermercados.ghtml
27/12/2021,covid-19,Veja supermercados que receberão pontos de vacinação contra a Covid-19 em Manaus,11/01/2022 20:59,https://g1.globo.com/am/amazonas/noticia/2022/01/11/veja-supermercados-que-receberao-pontos-de-vacinacao-contra-a-covid-19-em-manaus.ghtml
27/12/2021,preço,Preço dos ovos sobe nos supermercados de Palmas após alta dos insumos nas granjas,21/03/2022 09:29,https://g1.globo.com/to/tocantins/noticia/2022/03/20/alta-dos-insumos-provoca-reajuste-no-preco-dos-ovos-nos-supermercados-de-palmas.ghtml
27/12/2021,aumentam,"Após tragédia, aumentam denúncias de preços abusivos em supermercados de Petrópolis, diz Procon",09/03/2022 18:52,https://g1.globo.com/rj/regiao-serrana/noticia/2022/03/09/apos-tragedia-aumentam-denuncias-de-precos-abusivos-em-supermercados-de-petropolis-diz-procon.ghtml
27/12/2021,compra,"Supermercados são pontos de vacinação contra Covid em Manaus: 'como eu estava fazendo compras, aproveitei', diz estudante",13/01/2022 13:03,https://g1.globo.com/am/amazonas/noticia/2022/01/13/supermercados-sao-pontos-de-vacinacao-contra-covid-em-manaus-como-eu-estava-fazendo-compras-aproveitei-diz-estudante.ghtml
27/12/2021,preço,Altas nos preços do tomate e da batata impulsionam inflação nos supermercados em Presidente Prudente,12/03/2022 13:45,https://g1.globo.com/sp/presidente-prudente-regiao/noticia/2022/03/12/altas-nos-precos-do-tomate-e-da-batata-impulsionam-inflacao-nos-supermercados-em-presidente-prudente.ghtml
27/12/2021,produto,Quase três mil produtos vencidos são apreendidos em supermercados de duas cidades,25/02/2022 19:23,https://g1.globo.com/to/tocantins/noticia/2022/02/25/quase-tres-mil-produtos-vencidos-sao-apreendidos-em-supermercados-de-duas-cidades.ghtml
27/12/2021,preço,"Mamão, banana e laranja são os itens com as maiores diferenças de preços entre supermercados de Fortaleza",17/02/2022 18:42,https://g1.globo.com/ce/ceara/noticia/2022/02/17/mamao-banana-e-laranja-sao-os-itens-com-as-maiores-diferencas-de-precos-entre-supermercados-de-fortaleza.ghtml
27/12/2021,dispara,Alta do milho faz preço dos ovos 'dispararem' nas prateleiras dos supermercados no Sul de Minas,02/03/2022 14:45,https://g1.globo.com/mg/sul-de-minas/noticia/2022/03/02/alta-do-milho-faz-preco-dos-ovos-dispararem-nas-prateleiras-dos-supermercados-no-sul-de-minas.ghtml
27/12/2021,preço,"Preço do sal fica 33,81% mais caro e ajuda a ‘amargar’ inflação nos supermercados de Presidente Prudente",04/02/2022 18:08,https://g1.globo.com/sp/presidente-prudente-regiao/noticia/2022/02/04/preco-do-sal-fica-3381percent-mais-caro-e-ajuda-a-amargar-inflacao-nos-supermercados-de-presidente-prudente.ghtml
27/12/2021,logística,"Rede de supermercados faz mutirão de emprego com vagas para auxiliar de logística e repositor, em Curitiba",03/02/2022 07:21,https://g1.globo.com/pr/parana/noticia/2022/02/03/rede-de-supermercados-faz-mutirao-de-emprego-com-vagas-para-auxiliar-de-logistica-e-repositor-em-curitiba.ghtml
27/12/2021,racionamento,Jogador do RJ na Ucrânia cita corrida a postos de gasolina e supermercados: 'Já tem racionamento de comida',24/02/2022 18:27,https://g1.globo.com/rj/rio-de-janeiro/noticia/2022/02/24/jogador-do-rj-na-ucrania-cita-corrida-a-postos-de-gasolina-e-supermercados-ja-tem-racionamento-de-comida.ghtml
27/12/2021,preço,"Mortadela, sabão e banana são os itens com maior variação de preços em supermercados de Fortaleza, segundo Procon",03/02/2022 07:04,https://g1.globo.com/ce/ceara/noticia/2022/01/31/mortadela-sabao-e-banana-sao-os-itens-com-maior-variacao-de-precos-em-supermercados-de-fortaleza-segundo-procon.ghtml
27/12/2021,preço,"Preços dos cortes bovinos ficarão estáveis no 1º trimestre de 2022, diz associação de supermercados de SP",07/02/2022 14:50,https://g1.globo.com/economia/agronegocios/noticia/2022/02/07/precos-dos-cortes-bovinos-ficarao-estaveis-no-1o-trimestre-de-2022-diz-associacao-de-supermercados-de-sp.ghtml
27/12/2021,preço,"Safra de grãos deve ser recorde no TO em 2022, mas preços de alimentos nos supermercados dependem do dólar",28/02/2022 07:05,https://g1.globo.com/to/tocantins/noticia/2022/02/28/safra-de-graos-deve-ser-recorde-no-to-em-2022-mas-precos-de-alimentos-nos-supermercados-dependem-do-dolar.ghtml
27/12/2021,covid-19,Confira o cronograma de vacinação contra Covid-19 durante o fim de semana em Palmas,26/03/2022 09:07,https://g1.globo.com/to/tocantins/noticia/2022/03/26/confira-o-cronograma-de-vacinacao-contra-covid-19-durante-o-fim-de-semana-em-palmas.ghtml
27/12/2021,covid-19,"Covid-19: com transmissão descontrolada, Uberaba proíbe eventos, competições esportivas e reduz a 50% lotações de supermercados, cinemas e igrejas",11/01/2022 09:41,https://g1.globo.com/mg/triangulo-mineiro/noticia/2022/01/11/covid-19-com-transmissao-descontrolada-uberaba-proibe-eventos-competicoes-esportivas-e-reduz-a-50percent-lotacoes-de-supermercados-cinemas-e-igrejas.ghtml
27/12/2021,aumento,"Apesar de queda no valor da cesta básica, pesquisa registra aumento de mais de 39% no preço do creme dental em supermercados",17/02/2022 17:42,https://g1.globo.com/sp/presidente-prudente-regiao/noticia/2022/02/17/apesar-de-queda-no-valor-da-cesta-basica-pesquisa-registra-aumento-de-mais-de-39percent-no-preco-do-creme-dental-em-supermercados.ghtml
27/12/2021,falta,Moradores de Kiev convivem com bombardeios e falta de itens básicos,23/03/2022 23:04,https://g1.globo.com/jornal-nacional/noticia/2022/03/23/moradores-de-kiev-convivem-com-bombardeios-e-falta-de-itens-basicos.ghtml
27/12/2021,compra,Promoção ‘Acelera Minha Vida Rondon’ está dando 1 Ford Ranger 4x4 e vales-compras no valor de R$ 2 mil,08/02/2022 10:55,https://g1.globo.com/sp/sao-jose-do-rio-preto-aracatuba/especial-publicitario/supermercados-rondon/noticia/2022/02/08/promocao-acelera-minha-vida-rondon-esta-dando-1-ford-ranger-4x4-e-vales-compras-no-valor-de-r-2-mil.ghtml
27/12/2021,preço,"Com alta de 22%, preço da cebola impulsiona inflação da cesta básica em Presidente Prudente",14/01/2022 19:19,https://g1.globo.com/sp/presidente-prudente-regiao/noticia/2022/01/14/com-alta-de-22percent-preco-da-cebola-impulsiona-inflacao-da-cesta-basica-em-presidente-prudente.ghtml
27/12/2021,compra,População chega de madrugada e passa 7 horas em fila para comprar ovo mais barato em Teresina; vídeo,18/03/2022 09:35,https://g1.globo.com/pi/piaui/noticia/2022/03/18/populacao-chega-de-madrugada-e-passa-7-horas-em-fila-para-comprar-ovo-mais-barato-em-teresina-video.ghtml
27/12/2021,produto,Quase 280 kg de produtos impróprios para o consumo são descartados em operação do Procon em Paraty,24/03/2022 15:40,https://g1.globo.com/rj/sul-do-rio-costa-verde/noticia/2022/03/24/quase-280-kg-de-produtos-improprios-para-o-consumo-sao-descartados-em-operacao-do-procon-em-paraty.ghtml
27/12/2021,falta,"Jornalista brasileiro relata a falta de itens básicos para moradores de Kiev, capital da Ucrânia",01/03/2022 22:21,https://g1.globo.com/jornal-nacional/noticia/2022/03/01/jornalista-brasileiro-relata-a-falta-de-itens-basicos-para-moradores-de-kiev-capital-da-ucrania.ghtml
27/12/2021,alimento,"Vigilância apreende mais de 1 tonelada de alimentos vencidos e sem registro de fabricação em Franca, SP",12/02/2022 13:17,https://g1.globo.com/sp/ribeirao-preto-franca/noticia/2022/02/12/vigilancia-apreende-mais-de-1-tonelada-de-alimentos-vencidos-e-sem-registro-de-fabricacao-em-franca-sp.ghtml
28/03/2022,alimento,Como identificar se um alimento é orgânico no supermercado?,12/04/2022 20:37,https://g1.globo.com/economia/agronegocios/noticia/2022/02/16/como-identificar-se-um-alimento-e-organico-no-supermercado.ghtml
28/03/2022,produto,Jovem é preso furtando diversos produtos em supermercado de Barra Mansa,19/06/2022 13:39,https://g1.globo.com/rj/sul-do-rio-costa-verde/noticia/2022/06/19/homem-e-preso-furtando-diversos-produtos-em-supermercado-de-barra-mansa.ghtml
28/03/2022,produto,Trio suspeito de furtar produtos de supermercado é detido em Gravatá,14/05/2022 13:11,https://g1.globo.com/pe/caruaru-regiao/noticia/2022/05/14/trio-suspeito-de-furtar-produtos-de-supermercado-e-detido-em-gravata.ghtml
28/03/2022,produto,Mulher é presa por furtar diversos produtos em supermercado em Valença,20/05/2022 16:53,https://g1.globo.com/rj/sul-do-rio-costa-verde/noticia/2022/05/20/idosa-e-presa-por-furtar-diversos-produtos-em-supermercado-em-valenca.ghtml
28/03/2022,termina,Tiroteio em supermercado termina com caixa assassinada e vigilante ferido no ES,29/04/2022 15:24,https://g1.globo.com/es/espirito-santo/noticia/2022/01/15/criminosos-voltam-para-se-vingar-de-seguranca-e-caixa-de-supermercado-e-assassinada-no-es.ghtml
28/03/2022,tumulto,"VÍDEO: cebola a R$ 0,99 o quilo gera tumulto em supermercado do DF",02/05/2022 21:23,https://g1.globo.com/df/distrito-federal/noticia/2022/05/02/video-cebola-a-r-099-o-quilo-gera-tumulto-em-supermercado-do-df.ghtml
28/03/2022,produto,Idoso é preso com diversos produtos furtados de supermercado em Barra do Piraí,29/05/2022 10:21,https://g1.globo.com/rj/sul-do-rio-costa-verde/noticia/2022/05/29/idoso-e-preso-com-diversos-produtos-furtados-de-supermercado-em-barra-do-pirai.ghtml
28/03/2022,acaba,Suspeito de furtar supermercado rasga camisa de segurança e acaba preso em Presidente Prudente,30/05/2022 12:22,https://g1.globo.com/sp/presidente-prudente-regiao/noticia/2022/05/30/suspeito-de-furtar-supermercado-rasga-camisa-de-seguranca-e-acaba-preso-em-presidente-prudente.ghtml
28/03/2022,produto,Alimentos e produtos de limpeza vencidos são apreendidos pelo Procon em supermercado de Manaus,25/04/2022 19:05,https://g1.globo.com/am/amazonas/noticia/2022/04/25/alimentos-e-produtos-de-limpeza-vencidos-sao-apreendidos-pelo-procon-em-supermercado-de-manaus.ghtml
28/03/2022,produto,Alimentos e produtos de limpeza vencidos são apreendidos em supermercado da Zona Leste de Manaus,24/05/2022 09:33,https://g1.globo.com/am/amazonas/noticia/2022/05/24/alimentos-e-produtos-de-limpeza-vencidos-sao-apreendidos-em-supermercado-da-zona-leste-de-manaus.ghtml
28/03/2022,pânico,Vizinha relata momentos de pânico durante assalto de quadrilha mascarada a supermercado: 'Cena de filme',06/04/2022 10:25,https://g1.globo.com/sp/sorocaba-jundiai/noticia/2022/04/06/vizinha-relata-momentos-de-panico-durante-assalto-de-quadrilha-mascarada-a-supermercado-cena-de-filme.ghtml
28/03/2022,acaba,Bombeiros tentam há 11 horas acabar com incêndio de grandes proporções em supermercado atacadista na Bahia,08/04/2022 20:13,https://g1.globo.com/ba/bahia/noticia/2022/04/08/bombeiros-tentam-ha-11-horas-acabar-com-incendio-de-grandes-proporcoes-em-supermercado-atacadista-na-bahia.ghtml
28/03/2022,chuva,"Supermercado tem 'cascata' de água, poças e baldes espalhados por corredores durante chuva em Cabo Frio; VÍDEO",02/05/2022 18:25,https://g1.globo.com/rj/regiao-dos-lagos/noticia/2022/05/02/supermercado-tem-cascata-de-agua-pocas-e-baldes-espalhados-por-corredores-durante-chuva-em-cabo-frio-video.ghtml
28/03/2022,interditado,Mais de 600 kg de carnes vencidas são apreendidos em supermercado de Porto Nacional; açougue foi interditado,20/04/2022 08:59,https://g1.globo.com/to/tocantins/noticia/2022/04/20/mais-de-600-kg-de-carnes-vencidas-sao-apreendidos-em-supermercado-de-porto-nacional-acougue-foi-interditado.ghtml
28/03/2022,falta,Quadrilha mascarada: o que se sabe e o que falta esclarecer sobre o assalto ao supermercado em Sorocaba,06/04/2022 13:03,https://g1.globo.com/sp/sorocaba-jundiai/noticia/2022/04/05/quadrilha-mascarada-o-que-se-sabe-e-o-que-falta-esclarecer-sobre-o-assalto-ao-supermercado-em-sorocaba.ghtml
28/03/2022,busca,"Dona de supermercado destruído por incêndio em Uberlândia busca recomeço: 'não posso deixar morrer, faz parte da minha vida'",23/04/2022 15:12,https://g1.globo.com/mg/triangulo-mineiro/noticia/2022/04/23/dona-de-supermercado-destruido-por-incendio-em-uberlandia-busca-recomeco-nao-posso-deixar-morrer-faz-parte-da-minha-vida.ghtml
28/03/2022,defesa civil,"Estrutura de supermercado que pegou fogo no Bairro Dom Almir terá que ser demolida, segundo a Defesa Civil de Uberlândia",13/04/2022 21:00,https://g1.globo.com/mg/triangulo-mineiro/noticia/2022/04/13/estrutura-de-supermercado-que-pegou-fogo-no-bairro-dom-almir-tera-que-ser-demolida-segundo-a-defesa-civil-de-uberlandia.ghtml
28/03/2022,fila,Trabalhadores enfrentam fila para conseguir emprego em rede de supermercados em Vitória,13/04/2022 13:46,https://g1.globo.com/es/espirito-santo/noticia/2022/04/13/trabalhadores-enfrentam-fila-para-conseguir-emprego-em-rede-de-supermercados-em-vitoria.ghtml
28/03/2022,preço,"Preço da batata sobe 32,15% e 'puxa' inflação nos supermercados em Presidente Prudente",25/04/2022 14:43,https://g1.globo.com/sp/presidente-prudente-regiao/noticia/2022/04/25/preco-da-batata-sobe-3215percent-e-puxa-inflacao-nos-supermercados-em-presidente-prudente.ghtml
28/03/2022,covid-19,Mutirão contra a Covid-19 terá vacina em postos de saúde e supermercados da capital neste sábado (2),01/04/2022 19:31,https://g1.globo.com/ac/acre/noticia/2022/04/01/mutirao-contra-a-covid-19-tera-vacina-em-postos-de-saude-e-supermercados-da-capital-neste-sabado-2.ghtml
28/03/2022,preço,"Preço do kg da cebola apresenta alta de 82,39% nos supermercados de Presidente Prudente",27/05/2022 12:36,https://g1.globo.com/sp/presidente-prudente-regiao/noticia/2022/05/27/preco-do-kg-da-cebola-apresenta-alta-de-8239percent-nos-supermercados-de-presidente-prudente.ghtml
28/03/2022,alimento,Aplicativo mostra a grupos de trabalhos sociais quais supermercados têm alimentos para doar,19/04/2022 13:11,https://g1.globo.com/pe/pernambuco/noticia/2022/04/19/aplicativo-mostra-a-grupos-de-trabalhos-sociais-quais-supermercados-tem-alimentos-para-doar.ghtml
28/03/2022,compra,Deic de Sorocaba investiga esquema de compra de bebidas de empresa de fachada em supermercados,27/04/2022 15:24,https://g1.globo.com/sp/sorocaba-jundiai/noticia/2022/04/27/deic-de-sorocaba-investiga-esquema-de-compra-de-bebidas-de-empresa-de-fachada-em-supermercados.ghtml
28/03/2022,termina,Justiça determina suspensão da venda de produtos com altos níveis de agrotóxicos em grande rede de supermercados,07/05/2022 12:47,https://g1.globo.com/ba/bahia/noticia/2022/05/07/justica-determina-suspensao-da-venda-de-produtos-com-altos-niveis-de-agrotoxicos-em-grande-rede-de-supermercados.ghtml
28/03/2022,produto,Informar validade de produtos em promoção nos supermercados deixa de ser obrigatório no AM,23/06/2022 12:35,https://g1.globo.com/am/amazonas/noticia/2022/06/23/informar-validade-de-produtos-em-promocao-nos-supermercados-deixa-de-ser-obrigatorio-no-am.ghtml
28/03/2022,preço,"Preços dos produtos sofrem alta de 10,26% nos supermercados de Fortaleza em maio, diz Procon",07/06/2022 18:33,https://g1.globo.com/ce/ceara/noticia/2022/06/07/precos-dos-produtos-sofrem-alta-de-1026percent-nos-supermercados-de-fortaleza-em-maio-diz-procon.ghtml
28/03/2022,preço,Saiba o motivo do preço do café torrado e moído ter subido mais de 50% nos supermercados,11/04/2022 10:25,https://g1.globo.com/mg/sul-de-minas/grao-sagrado/noticia/2022/04/11/saiba-o-motivo-do-preco-do-cafe-torrado-e-moido-ter-subido-mais-de-50percent-nos-supermercados.ghtml
28/03/2022,preço,"Preços dos produtos nos supermercados de Fortaleza sobem mais de 800% em um ano, aponta pesquisa do Procon",30/03/2022 17:37,https://g1.globo.com/ce/ceara/noticia/2022/03/30/precos-dos-produtos-nos-supermercados-de-fortaleza-sobem-mais-de-800percent-em-um-ano-aponta-pesquisa-do-procon.ghtml
28/03/2022,busca,Alta nos preços estimula busca por produtos próximos à data de validade nos supermercados de Ribeirão Preto,18/06/2022 08:50,https://g1.globo.com/sp/ribeirao-preto-franca/noticia/2022/06/18/alta-nos-precos-estimula-busca-por-produtos-proximos-a-data-de-validade-nos-supermercados-de-ribeirao-preto.ghtml
28/03/2022,preço,"Alho e queijo mussarela são os itens com maior variação de preços em supermercados de Fortaleza, diz Procon",03/05/2022 14:46,https://g1.globo.com/ce/ceara/noticia/2022/05/03/alho-e-queijo-mussarela-sao-os-itens-com-maior-variacao-de-precos-em-supermercados-de-fortaleza-diz-procon.ghtml
28/03/2022,preço,"Do quentão à paçoca: preços de produtos de festa junina variam até 150,3% em supermercados de Campinas, diz Procon",14/06/2022 06:57,https://g1.globo.com/sp/campinas-regiao/noticia/2022/06/14/do-quentao-a-pacoca-precos-de-produtos-de-festa-junina-variam-ate-1503percent-em-supermercados-de-campinas-diz-procon.ghtml
28/03/2022,preço,"Barra do Ceará e Carlito Pamplona são os bairros com menores preços nos supermercados em abril em Fortaleza, aponta Procon",03/05/2022 16:34,https://g1.globo.com/ce/ceara/noticia/2022/05/03/barra-do-ceara-e-carlito-pamplona-sao-os-bairros-com-menores-precos-nos-supermercados-em-abril-em-fortaleza-aponta-procon.ghtml
27/06/2022,alimento,Supermercado de Uberaba é flagrado com 40 kg de alimentos vencidos,29/06/2022 07:28,https://g1.globo.com/mg/triangulo-mineiro/noticia/2022/06/28/supermercado-de-uberaba-e-flagrado-com-40-kg-de-alimentos-vencidos.ghtml
27/06/2022,compra,Carrinho inteligente calcula valor da compra e recebe pagamentos em supermercado de Campinas; entenda,20/07/2022 13:57,https://g1.globo.com/sp/campinas-regiao/noticia/2022/07/20/carrinho-inteligente-calcula-valor-da-compra-e-recebe-pagamentos-em-supermercado-de-campinas-entenda.ghtml
27/06/2022,alimento,Suspeito de furtar alimentos em supermercado e repassar para empresário é preso no recôncavo,28/07/2022 15:25,https://g1.globo.com/ba/bahia/noticia/2022/07/28/suspeito-de-furtar-alimentos-em-supermercado-e-repassar-para-empresario-e-preso-no-reconcavo.ghtml
27/06/2022,produto,Mulher é presa após furtar produtos de higiene e alimentos em supermercado em Dracena,02/08/2022 19:00,https://g1.globo.com/sp/presidente-prudente-regiao/noticia/2022/08/02/mulher-e-presa-apos-furtar-produtos-de-higiene-e-alimentos-em-supermercado-em-dracena.ghtml
27/06/2022,fila,Mutirão para vagas de emprego em supermercado forma longas filas em Juiz de Fora,30/08/2022 11:51,https://g1.globo.com/mg/zona-da-mata/concursos-e-emprego/noticia/2022/08/30/mutirao-para-vagas-de-emprego-em-supermercado-forma-longas-filas-em-juiz-de-fora.ghtml
27/06/2022,fila,Homem filma por baixo da saia de cliente em fila de supermercado em Anápolis; vídeo,07/07/2022 15:55,https://g1.globo.com/go/goias/noticia/2022/07/07/homem-e-suspeito-de-filmar-por-baixo-da-saia-de-cliente-de-supermercado-em-anapolis-video.ghtml
27/06/2022,compra,Quadrilha furta loja em supermercado e usa carrinhos de compras para levar perfumes importados; vídeo,27/07/2022 07:16,https://g1.globo.com/sp/bauru-marilia/noticia/2022/07/27/quadrilha-furta-loja-em-supermercado-e-usa-carrinhos-de-compras-para-levar-perfumes-importados-video.ghtml
27/06/2022,produto,MP aciona rede de supermercado e marca de produtos alimentícios por irregularidades em lojas de Salvador,05/09/2022 15:53,https://g1.globo.com/ba/bahia/noticia/2022/09/02/mp-aciona-lojas-do-supermercado-hiperideal-por-irregularidades-sanitarias-em-salvador.ghtml
27/06/2022,compra,Polícia prende suspeito de furtar perfumes importados com carrinhos de compras em loja de supermercado; vídeo,27/07/2022 19:05,https://g1.globo.com/sp/bauru-marilia/noticia/2022/07/27/policia-prende-suspeito-de-furtar-perfumes-importados-com-carrinhos-de-compras-em-loja-de-supermercado-video.ghtml
27/06/2022,acaba,Inscrições em quase 300 vagas de emprego em supermercado de João Pessoa acabam em um mês,31/07/2022 18:49,https://g1.globo.com/pb/paraiba/noticia/2022/07/31/inscricoes-em-quase-300-vagas-de-emprego-em-supermercado-de-joao-pessoa-acabam-neste-domingo.ghtml
27/06/2022,compra,"Com menor poder de compra, moradores recorrem a cartão de crédito para pagar supermercado em Ribeirão Preto",05/09/2022 06:56,https://g1.globo.com/sp/ribeirao-preto-franca/noticia/2022/09/03/com-menor-poder-de-compra-moradores-recorrem-a-cartao-de-credito-para-pagar-supermercado-em-ribeirao-preto.ghtml
27/06/2022,corrida,"'Morreu nos meus braços', diz marido de mulher que sofreu descarga elétrica em alambrado de supermercado durante corrida",23/09/2022 09:07,https://g1.globo.com/sp/bauru-marilia/noticia/2022/09/23/morreu-nos-meus-bracos-diz-marido-de-mulher-que-sofreu-descarga-eletrica-em-alambrado-de-supermercado.ghtml
27/06/2022,compra,Idosa deve ser indenizada em R$ 8 mil após cair e quebrar o joelho enquanto fazia compras em supermercado,09/09/2022 07:09,https://g1.globo.com/go/goias/noticia/2022/09/08/idosa-deve-ser-indenizada-em-r-8-mil-apos-cair-e-quebrar-o-joelho-enquanto-fazia-compras-em-supermercado.ghtml
27/06/2022,preço,"Mais caro que gasolina, preço do litro do leite assusta o consumidor: 'Quase caí de costas quando entrei no supermercado'",01/07/2022 22:13,https://g1.globo.com/pr/parana/economia/noticia/2022/07/01/mais-caro-que-gasolina-preco-do-litro-do-leite-assusta-o-consumidor-quase-cai-de-costas-quando-entrei-no-supermercado.ghtml
27/06/2022,compra,Prefeitura de Diamante d'Oeste é condenada a pagar indenização de R$ 30 mil a indígenas impedidos de comprar comida em supermercado durante a pandemia,22/09/2022 12:15,https://g1.globo.com/pr/oeste-sudoeste/noticia/2022/09/22/prefeitura-de-diamante-doeste-e-condenada-a-pagar-indenizacao-de-r-30-mil-a-indigenas-impedidos-de-comprar-comida-em-supermercado-durante-a-pandemia.ghtml
27/06/2022,acaba,Por que supermercados britânicos estão acabando com etiquetas de validade de produtos,02/08/2022 15:29,https://g1.globo.com/economia/agronegocios/noticia/2022/08/02/por-que-supermercados-britanicos-estao-acabando-com-etiquetas-de-validade-de-produtos.ghtml
27/06/2022,preço,Preço do queijo e de outros derivados do leite sobe nos supermercados de Palmas,29/06/2022 21:18,https://g1.globo.com/to/tocantins/noticia/2022/06/29/preco-do-queijo-e-de-outros-derivados-do-leite-sobe-nos-supermercados-de-palmas.ghtml
27/06/2022,produto,Trio do Ceará é preso após ser flagrado com produtos furtados de supermercados em Natal,05/08/2022 20:14,https://g1.globo.com/rn/rio-grande-do-norte/noticia/2022/08/05/trio-do-ceara-e-preso-apos-ser-flagrado-com-produtos-furtados-de-supermercados-em-natal.ghtml
27/06/2022,preço,"Frutas e verduras lideram maiores variações de preço nos supermercados de Fortaleza, diz Procon",30/06/2022 15:17,https://g1.globo.com/ce/ceara/noticia/2022/06/30/frutas-e-verduras-lideram-maiores-variacoes-de-preco-nos-supermercados-de-fortaleza-diz-procon.ghtml
27/06/2022,preço,Pesquisa de preços constata deflação de 12% no preço da muçarela em supermercados de Presidente Prudente,09/09/2022 09:23,https://g1.globo.com/sp/presidente-prudente-regiao/noticia/2022/09/09/pesquisa-de-precos-constata-deflacao-de-12percent-no-preco-da-mucarela-em-supermercados-de-presidente-prudente.ghtml
27/06/2022,produto,Supermercados de Fortaleza são autuados por 'publicidade enganosa' na venda de produtos similares a requeijão e manteiga,21/09/2022 20:55,https://g1.globo.com/ce/ceara/noticia/2022/09/21/supermercados-de-fortaleza-sao-autuados-por-publicidade-enganosa-na-venda-de-produtos-similares-a-requeijao-e-manteiga.ghtml
27/06/2022,aumento,"Média de preços mais barata nos supermercados de Fortaleza tem aumento de quase 6% em um mês, mostra Procon",02/08/2022 18:16,https://g1.globo.com/ce/ceara/noticia/2022/08/02/media-de-precos-mais-barata-nos-supermercados-de-fortaleza-tem-aumento-de-quase-6percent-em-um-mes-mostra-procon.ghtml
27/06/2022,produto,Ação apreende mais de 4 mil produtos vencidos e aplica 52 infrações em supermercados da capital e do interior,22/08/2022 21:12,https://g1.globo.com/to/tocantins/noticia/2022/08/22/acao-apreende-mais-de-4-mil-produtos-vencidos-e-aplica-52-infracoes-em-supermercados-da-capital-e-do-interior.ghtml
27/06/2022,preço,"Pesquisa de preços constata deflação de 17,98% no preço do frango resfriado inteiro em supermercados de Presidente Prudente",22/09/2022 08:23,https://g1.globo.com/sp/presidente-prudente-regiao/noticia/2022/09/22/pesquisa-de-precos-constata-deflacao-de-1798percent-no-preco-do-frango-resfriado-inteiro-em-supermercados-de-presidente-prudente.ghtml
27/06/2022,alimento,"Em setembro, Fumacense Alimentos é a empresa parceira da Campanha SuperAção",02/09/2022 14:13,https://g1.globo.com/sc/santa-catarina/especial-publicitario/grupo-ezos/grupo-ezos/noticia/2022/09/02/em-setembro-fumacense-alimentos-e-a-empresa-parceira-da-campanha-superacao.ghtml
27/06/2022,preço,"Preço de produtos de hortifruti tem diferença de até R$ 40, em João Pessoa, diz Procon-JP",03/08/2022 19:43,https://g1.globo.com/pb/paraiba/noticia/2022/08/03/preco-de-produtos-de-hortifruti-tem-diferenca-de-ate-r-40-em-joao-pessoa-diz-procon-jp.ghtml
27/06/2022,fila,Agência bancária é autuada pelo Procon por descumprir Lei das Filas em Manaus,03/08/2022 00:25,https://g1.globo.com/am/amazonas/noticia/2022/08/03/agencia-bancaria-e-autuada-pelo-procon-por-descumprir-lei-das-filas-em-manaus.ghtml
27/06/2022,preço,"Preço de cesta básica apresenta variação de 65,43% em João Pessoa, diz Procon",23/08/2022 21:38,https://g1.globo.com/pb/paraiba/noticia/2022/08/23/preco-de-cesta-basica-apresenta-variacao-de-6543percent-em-joao-pessoa-diz-procon.ghtml
27/06/2022,produto,Pesquisa do Procon-JP aponta o leite em pó como o produto que pode mais afetar a cesta básica,12/07/2022 19:54,https://g1.globo.com/pb/paraiba/noticia/2022/07/12/pesquisa-do-procon-jp-aponta-o-leite-ninho-como-o-produto-que-pode-mais-afetar-a-cesta-basica.ghtml
26/09/2022,alimento,Procon apreende quase meia tonelada de alimentos vencidos em supermercado de Goiânia,18/10/2022 10:34,https://g1.globo.com/go/goias/noticia/2022/10/18/procon-apreende-quase-meia-tonelada-de-alimentos-vencidos-em-supermercado-de-goiania.ghtml
26/09/2022,lotam,"VÍDEO: Ladrões invadem supermercado e lotam Kombi com carnes, bebidas e perfumes",21/10/2022 10:38,https://g1.globo.com/pr/norte-noroeste/noticia/2022/10/21/video-video-ladroes-invadem-supermercado-e-lotam-kombi-com-carnes-bebidas-e-perfumes.ghtml
26/09/2022,compra,Donos de supermercado são indiciados por comprarem carga furtada de ração de cachorro,24/10/2022 17:58,https://g1.globo.com/mt/mato-grosso/noticia/2022/10/24/donos-de-supermercado-sao-indiciados-por-comprar-carga-furtada-de-racao-de-cachorro.ghtml
26/09/2022,alimento,"Três pessoas são detidas após protesto por alimentos, em supermercado de João Pessoa",17/12/2022 18:55,https://g1.globo.com/pb/paraiba/noticia/2022/12/17/tres-pessoas-sao-detidas-apos-protesto-por-alimentos-em-supermercado-de-joao-pessoa.ghtml
26/09/2022,estoque,Supermercado é multado por armazenar pescado sem declaração de estoque durante piracema em Quatá,09/11/2022 19:19,https://g1.globo.com/sp/bauru-marilia/noticia/2022/11/09/supermercado-e-multado-por-armazenar-pescado-sem-declaracao-de-estoque-durante-piracema-em-quata.ghtml
26/09/2022,abastecer,"Supermercado é suspeito de furtar energia suficiente para abastecer 2 mil casas, no DF",17/11/2022 09:51,https://g1.globo.com/df/distrito-federal/noticia/2022/11/17/supermercado-e-suspeito-de-furtar-energia-suficiente-para-abastecer-2-mil-casas-no-df.ghtml
26/09/2022,abastecimento,Supermercado limita quantidade de produtos de hortifruti para evitar desabastecimento: 'Três quilos por CPF',02/11/2022 17:54,https://g1.globo.com/sp/bauru-marilia/noticia/2022/11/02/supermercado-limita-quantidade-de-produtos-de-hortifruti-para-evitar-desabastecimento-tres-quilos-por-cpf.ghtml
26/09/2022,produto,Bancário acusa funcionários de supermercado de racismo e diz ter sido acusado de furtar produtos,08/10/2022 13:20,https://g1.globo.com/rj/rio-de-janeiro/noticia/2022/10/08/bancario-acusa-funcionarios-de-supermercado-de-racismo.ghtml
26/09/2022,termina,Sequestro de dono de supermercado termina com dois homens presos em Santo Antônio do Caiuá,18/12/2022 15:05,https://g1.globo.com/pr/norte-noroeste/noticia/2022/12/18/sequestro-de-dono-de-supermercado-termina-com-dois-homens-presos-em-santo-antonio-do-caiua.ghtml
26/09/2022,alimento,Vídeo mostra mulher armada com faca roubando alimentos em supermercado da Zona Norte do Recife,25/10/2022 15:48,https://g1.globo.com/pe/pernambuco/noticia/2022/10/25/video-mostra-mulher-armada-com-faca-roubando-alimentos-em-supermercado-da-zona-norte-do-recife.ghtml
26/09/2022,chuva,"Chuva derruba telhado de supermercado e parte de estrutura de escola em Três Corações, MG",04/10/2022 19:56,https://g1.globo.com/mg/sul-de-minas/noticia/2022/10/04/chuva-derruba-telhado-de-supermercado-e-parte-de-estrutura-de-escola-em-tres-coracoes-mg.ghtml
26/09/2022,falta,O que se sabe e o que falta saber sobre caso de tortura em supermercado de Canoas,09/12/2022 17:20,https://g1.globo.com/rs/rio-grande-do-sul/noticia/2022/12/06/o-que-se-sabe-e-o-que-falta-saber-sobre-caso-de-tortura-em-supermercado-de-canoas.ghtml
26/09/2022,alimento,Fiscais apreendem mais de 400 kg de carnes e outros alimentos estragados em supermercado de Guaraí; veja imagens,20/12/2022 19:35,https://g1.globo.com/to/tocantins/noticia/2022/12/20/fiscais-apreendem-mais-de-400-kg-de-carnes-e-outros-alimentos-estragados-em-supermercado-de-guarai-veja-imagens.ghtml
26/09/2022,fila,"Cliente relata que foi chamada de 'macaca' e agredida por idosa em fila de supermercado em Petrópolis, no RJ",09/12/2022 18:11,https://g1.globo.com/rj/regiao-serrana/noticia/2022/12/09/mulher-e-chamada-de-macaca-e-agredida-por-idosa-em-fila-de-supermercado-em-petropolis-no-rj.ghtml
26/09/2022,busca,"Rede de supermercado abre vagas para jovens que buscam primeiro emprego, deficientes e idosos, em Foz do Iguaçu; confira",21/10/2022 11:11,https://g1.globo.com/pr/oeste-sudoeste/noticia/2022/10/21/rede-de-supermercado-abre-vagas-para-jovens-que-buscam-primeiro-emprego-deficientes-e-idosos-em-foz-do-iguacu-confira.ghtml
26/09/2022,distribuição,1° dia de mutirão com 200 vagas de emprego para supermercado de Sumaré tem fila e distribuição de senhas,10/10/2022 09:17,https://g1.globo.com/sp/campinas-regiao/concursos-e-emprego/noticia/2022/10/10/1-dia-de-mutirao-com-200-vagas-de-emprego-para-supermercado-de-sumare-tem-fila-e-distribuicao-de-senhas.ghtml
26/09/2022,terminou,Homem vítima de tortura em supermercado no RS diz não saber que amigo furtava picanha: 'minha vida terminou ali'; VÍDEOS,09/12/2022 21:06,https://g1.globo.com/rs/rio-grande-do-sul/noticia/2022/12/09/homem-vitima-de-tortura-em-supermercado-no-rs-diz-nao-saber-que-amigo-furtava-picanha-minha-vida-terminou-ali-videos.ghtml
26/09/2022,compra,Supermercados fazem 'viradão' para compras de Natal em Manaus,23/12/2022 21:15,https://g1.globo.com/am/amazonas/noticia/2022/12/23/supermercados-fazem-viradao-para-compras-de-natal-em-manaus.ghtml
26/09/2022,estoque,Associação de Supermercados do Rio de Janeiro diz que estoques estão regulares,01/11/2022 16:12,https://g1.globo.com/rj/rio-de-janeiro/noticia/2022/11/01/associacao-de-supermercados-do-rio-de-janeiro-diz-que-estoques-estao-regulares.ghtml
26/09/2022,covid-19,Supermercados de Macapá se tornam pontos de vacinação contra a Covid-19 e o sarampo,22/11/2022 12:56,https://g1.globo.com/ap/amapa/noticia/2022/11/22/supermercados-de-macapa-se-tornam-pontos-de-vacinacao-contra-a-covid-19-e-o-sarampo.ghtml
26/09/2022,produto,Três supermercados de João Pessoa são autuados por venda de produtos vencidos,20/10/2022 10:33,https://g1.globo.com/pb/paraiba/noticia/2022/10/20/tres-supermercados-de-joao-pessoa-sao-autuados-por-venda-de-produtos-vencidos.ghtml
26/09/2022,fila,Furacão Ian: brasileiros na Flórida estocam mantimentos e enfrentam filas em supermercados,29/09/2022 11:31,https://g1.globo.com/pb/paraiba/noticia/2022/09/28/furacao-ian-brasileiros-na-florida-estocam-mantimentos-e-enfrentam-filas-em-supermercados.ghtml
26/09/2022,preço,"Produtos de limpeza têm queda de 7,6% no preço em supermercados de Presidente Prudente",23/12/2022 13:08,https://g1.globo.com/sp/presidente-prudente-regiao/noticia/2022/12/23/produtos-de-limpeza-tem-queda-de-76percent-no-preco-em-supermercados-de-presidente-prudente.ghtml
26/09/2022,preço,"Após chegar a quase R$ 9, preço do leite tem redução nos supermercados de Palmas",28/09/2022 15:08,https://g1.globo.com/to/tocantins/noticia/2022/09/28/apos-chegar-a-quase-r-9-preco-do-leite-tem-reducao-nos-supermercados-de-palmas.ghtml
26/09/2022,aumento,Pesquisa de preços registra aumento de 60% no valor da batata em supermercados de Presidente Prudente,08/10/2022 15:04,https://g1.globo.com/sp/presidente-prudente-regiao/noticia/2022/10/08/pesquisa-de-precos-registra-aumento-de-60percent-no-valor-da-batata-em-supermercados-de-presidente-prudente.ghtml
26/09/2022,falta,"Após bloqueios ilegais, São Carlos e Araraquara têm falta de produtos e preços sobem nos supermercados",03/11/2022 19:46,https://g1.globo.com/sp/sao-carlos-regiao/noticia/2022/11/03/apos-bloqueios-ilegais-sao-carlos-e-araraquara-tem-falta-de-produtos-e-precos-sobem-nos-supermercados.ghtml
26/09/2022,itens,Itens que fazem parte da ceia de natal têm variação de até 171% nos supermercados de Palmas,17/12/2022 19:53,https://g1.globo.com/to/tocantins/noticia/2022/12/17/itens-que-fazem-parte-da-ceia-de-natal-tem-variacao-de-ate-171percent-nos-supermercados-de-palmas.ghtml
26/09/2022,produto,Startup cria app que une clientes e supermercados e dá desconto de pelo menos 50% em produtos perto do vencimento,06/11/2022 09:00,https://g1.globo.com/empreendedorismo/pegn/noticia/2022/11/06/startup-cria-app-que-une-clientes-e-supermercados-e-da-desconto-de-pelo-menos-50percent-em-produtos-perto-do-vencimento.ghtml
26/09/2022,preço,Valor do peru pode ser até R$ 15 mais barato entre supermercados de Manaus; veja lista de preços da ceia,22/12/2022 17:01,https://g1.globo.com/am/amazonas/noticia/2022/12/22/valor-do-peru-pode-ser-ate-r-15-mais-barato-entre-supermercados-de-manaus-veja-lista-de-precos-da-ceia.ghtml
26/09/2022,preço,"A poucos dias do Natal, veja como estão os preços dos principais itens da ceia em Belo Horizonte",22/12/2022 12:25,https://g1.globo.com/mg/minas-gerais/noticia/2022/12/22/a-poucos-dias-do-natal-veja-como-estao-os-precos-dos-principais-itens-da-ceia-em-belo-horizonte.ghtml
26/09/2022,produto,Ipem-SP encontra irregularidades em produtos destinados às ceias de fim de ano em Bauru,12/12/2022 18:20,https://g1.globo.com/sp/bauru-marilia/noticia/2022/12/12/ipem-sp-encontra-irregularidades-em-produtos-destinados-as-ceias-de-fim-de-ano-em-bauru.ghtml
26/09/2022,alimento,Como os alimentos podem ajudar a controlar ou piorar a ansiedade,11/10/2022 14:14,https://g1.globo.com/pr/parana/especial-publicitario/italo-supermercados/noticia/2022/10/11/como-os-alimentos-podem-ajudar-a-controlar-ou-piorar-a-ansiedade.ghtml
26/12/2022,compra,"Cachorro 'furta' compras de supermercado em Miguelópolis, SP; veja vídeo",22/02/2023 11:50,https://g1.globo.com/sp/ribeirao-preto-franca/noticia/2023/02/22/cachorro-furta-compras-de-supermercado-em-miguelopolis-sp-veja-video.ghtml
26/12/2022,interditado,Prefeitura de Suzano libera supermercado atingido por incêndio; galpão segue interditado,04/01/2023 15:18,https://g1.globo.com/sp/mogi-das-cruzes-suzano/noticia/2023/01/04/prefeitura-de-suzano-libera-supermercado-atingido-por-incendio-galpao-segue-interditado.ghtml
26/12/2022,chuva,Parte de teto de supermercado desaba após chuva em Cândido Mota,15/03/2023 19:13,https://g1.globo.com/sp/bauru-marilia/noticia/2023/03/15/parte-de-teto-de-supermercado-desaba-apos-chuva-em-candido-mota.ghtml
26/12/2022,produto,Fiscalização encontra mais de 500 produtos vencidos sendo comercializados em supermercado,06/01/2023 09:17,https://g1.globo.com/to/tocantins/noticia/2023/01/06/fiscalizacao-encontra-mais-de-500-produtos-vencidos-sendo-comercializados-em-supermercado.ghtml
26/12/2022,produto,Produtos vencidos são apreendidos e supermercado de Cuiabá é notificado pelo Procon,22/03/2023 10:34,https://g1.globo.com/mt/mato-grosso/noticia/2023/03/22/produtos-vencidos-sao-apreendidos-e-supermercado-de-cuiaba-e-notificado-pelo-procon.ghtml
26/12/2022,temporal,"Bebedouro, SP, tem enxurradas, motoristas ilhados e supermercado alagado durante temporal; VÍDEO",10/03/2023 20:12,https://g1.globo.com/sp/ribeirao-preto-franca/noticia/2023/03/10/chuva-alaga-ruas-e-deixa-motoristas-ilhados-em-bebedouro-sp.ghtml
26/12/2022,interditado,Supermercado é interditado pela Polícia e Vigilância Sanitária por crime contra o consumidor,02/03/2023 12:10,https://g1.globo.com/pa/santarem-regiao/noticia/2023/03/02/supermercado-e-interditado-pela-policia-e-vigilancia-sanitaria-por-crime-contra-o-consumidor.ghtml
26/12/2022,compra,Homem joga carrinho de compras em mulher dentro de supermercado em Goiás; vídeo,23/02/2023 16:39,https://g1.globo.com/go/goias/noticia/2023/02/23/homem-joga-carrinho-de-compras-em-mulher-dentro-de-supermercado-em-goias-video.ghtml
26/12/2022,isolado,VÍDEO: cliente flagra rato em supermercado de São Carlos; unidade vê 'incidente isolado',04/03/2023 14:06,https://g1.globo.com/sp/sao-carlos-regiao/noticia/2023/03/03/video-cliente-flagra-rato-em-supermercado-de-sao-carlos-unidade-ve-incidente-isolado.ghtml
26/12/2022,abastecer,Supermercado é flagrado desviando energia suficiente para abastecer 150 casas por um mês,17/01/2023 18:51,https://g1.globo.com/pe/pernambuco/noticia/2023/01/17/supermercado-e-flagrado-desviando-energia-suficiente-para-abastecer-150-casas-por-um-mes.ghtml
26/12/2022,alimento,Homem é preso após furtar alimentos de supermercado onde era gerente em Divinolândia de Minas,23/03/2023 15:34,https://g1.globo.com/mg/vales-mg/noticia/2023/03/23/homem-e-preso-apos-furtar-alimentos-de-supermercado-onde-era-gerente-em-divinolandia-de-minas.ghtml
26/12/2022,produto,Quatro pessoas são presas suspeitas de furtar cerca de 380 produtos de supermercado em Aracaju,22/01/2023 14:25,https://g1.globo.com/se/sergipe/noticia/2023/01/22/quatro-pessoas-sao-presas-suspeitas-de-furtar-cerca-de-380-produtos-de-supermercado-em-aracaju.ghtml
26/12/2022,interditado,"Após avaliação da Defesa Civil, supermercado do Centro de Suzano atingido por um incêndio é interditado",04/01/2023 15:42,https://g1.globo.com/sp/mogi-das-cruzes-suzano/noticia/2023/01/03/apos-avaliacao-da-defesa-civil-supermercado-do-centro-de-suzano-atingido-por-um-incendio-e-interditado.ghtml
26/12/2022,produto,Homem é preso suspeito de furtar mais de R$ 8 mil em produtos de supermercado na Bahia,17/03/2023 19:58,https://g1.globo.com/ba/bahia/noticia/2023/03/17/homem-e-preso-suspeito-de-furtar-mais-de-r-8-mil-em-produtos-de-supermercado-na-bahia.ghtml
26/12/2022,alimento,"Funcionário de supermercado é preso suspeito de jogar alimentos em lixo para furtá-los depois, em Anápolis",16/02/2023 16:51,https://g1.globo.com/go/goias/noticia/2023/02/16/funcionario-de-supermercado-e-preso-suspeito-de-jogar-alimentos-em-lixo-para-furta-los-depois-em-anapolis.ghtml
26/12/2022,produto,"Perícia confirma alteração proposital em datas de validade de produtos vendidos em supermercado de Rurópolis, diz polícia",17/03/2023 19:25,https://g1.globo.com/pa/santarem-regiao/noticia/2023/03/17/pericia-confirma-alteracao-proposital-em-datas-de-validade-de-produtos-vendidos-em-supermercado-de-ruropolis-diz-policia.ghtml
26/12/2022,fila,Supermercado arrecada 100 toneladas em alimentos e produtos de limpeza para instituições filantrópicas; doações ainda podem ser feitas,24/03/2023 13:50,https://g1.globo.com/mg/zona-da-mata/noticia/2023/03/23/supermercado-arrecada-100-toneladas-em-alimentos-e-produtos-de-limpeza-para-instituicoes-de-juiz-de-fora-doacoes-ainda-podem-ser-feitas.ghtml
26/12/2022,compra,Jovem dá prejuízo de R$ 17 mil a supermercado após comprar todos os dias usando falso PIX em MS,14/03/2023 16:53,https://g1.globo.com/ms/mato-grosso-do-sul/noticia/2023/03/14/jovem-da-prejuizo-de-r-17-mil-a-supermercado-apos-comprar-todos-os-dias-usando-falso-pix-em-ms.ghtml
26/12/2022,tumulto,Whisky a menos de R$ 8 causa tumulto em supermercado de Juiz de Fora; saiba o que diz o Procon,21/03/2023 06:51,https://g1.globo.com/mg/zona-da-mata/noticia/2023/03/20/whisky-a-menos-de-r-8-causa-tumulto-em-supermercado-de-juiz-de-fora-saiba-o-que-diz-o-procon.ghtml
26/12/2022,compra,"Nota Legal: prêmio de R$ 500 mil vai para morador de Águas Claras, no DF, por compra de R$ 116 em supermercado",02/01/2023 09:26,https://g1.globo.com/df/distrito-federal/noticia/2022/06/28/nota-legal-premio-de-r-500-mil-vai-para-morador-de-aguas-claras-no-df-por-compra-de-r-11678-em-supermercado.ghtml
26/12/2022,covid-19,Supermercados ofertam vacinação contra a Covid-19 em Manaus; veja endereços,12/01/2023 21:56,https://g1.globo.com/am/amazonas/noticia/2023/01/12/cdl-campanha-incentivar-vacinacao-contra-covid-em-manaus.ghtml
26/12/2022,compra,Supermercados de Manaus estendem horários para compras de fim de ano,28/12/2022 09:34,https://g1.globo.com/am/amazonas/noticia/2022/12/28/supermercados-de-manaus-estendem-horarios-para-compras-de-fim-de-ano.ghtml
26/12/2022,produto,"Mais de 5,3 mil produtos vencidos são apreendidos em supermercados do Tocantins",21/03/2023 21:57,https://g1.globo.com/to/tocantins/noticia/2023/03/21/mais-de-53-mil-produtos-vencidos-sao-apreendidos-em-supermercados-do-tocantins.ghtml
26/12/2022,produto,Procon autua dois supermercados de João Pessoa por venda de produtos vencidos,21/03/2023 17:07,https://g1.globo.com/pb/paraiba/noticia/2023/03/21/procon-jp-autua-dois-supermercados-de-joao-pessoa-por-venda-produtos-vencidos.ghtml
26/12/2022,dispara,"Preço da batata dispara quase 30% nos supermercados de Presidente Prudente, aponta levantamento",17/01/2023 17:17,https://g1.globo.com/sp/presidente-prudente-regiao/noticia/2023/01/17/preco-da-batata-dispara-quase-30percent-nos-supermercados-de-presidente-prudente-aponta-levantamento.ghtml
26/12/2022,aumento,Pesquisa aponta aumento no preço dos artigos de limpeza em supermercados de Presidente Prudente,27/01/2023 20:09,https://g1.globo.com/sp/presidente-prudente-regiao/noticia/2023/01/27/pesquisa-aponta-aumento-no-preco-dos-artigos-de-limpeza-em-supermercados-de-presidente-prudente.ghtml
26/12/2022,alimento,Procon apreende 400 kg de alimentos fora da validade e sem refrigeração em supermercados de Juiz de Fora,04/02/2023 12:20,https://g1.globo.com/mg/zona-da-mata/noticia/2023/02/04/procon-apreende-400-kg-de-alimentos-vencidos-e-sem-refrigeracao-em-supermercados-de-juiz-de-fora.ghtml
26/12/2022,preço,'Vilões da inflação': famílias deixam de ir aos supermercados e retiram da dieta frutas consideradas 'de luxo' diante de preços elevados,27/12/2022 07:22,https://g1.globo.com/sp/campinas-regiao/noticia/2022/12/27/viloes-da-inflacao-familias-deixam-de-ir-aos-supermercados-e-retiram-da-dieta-frutas-consideradas-de-luxo-diante-de-precos-elevados.ghtml
26/12/2022,preço,"Preços na regional mais barata de Fortaleza são 24% menores que na regional mais cara, aponta Procon",31/01/2023 11:46,https://g1.globo.com/ce/ceara/noticia/2023/01/31/precos-na-regional-mais-barata-de-fortaleza-sao-24percent-menor-que-na-regional-mais-cara-aponta-procon.ghtml
26/12/2022,alimento,Operação apreende 700 kg de alimentos impróprios e interdita dois estabelecimentos no Litoral Norte do RS; imagens fortes,09/02/2023 21:49,https://g1.globo.com/rs/rio-grande-do-sul/noticia/2023/02/09/operacao-apreende-700-kg-de-alimentos-improprios-e-interdita-dois-estabelecimentos-no-litoral-norte-do-rs.ghtml
26/12/2022,preço,"Carne bovina, feijão e batata: itens da cesta básica sobem de preço em Divinópolis",13/02/2023 07:28,https://g1.globo.com/mg/centro-oeste/noticia/2023/02/13/carne-bovina-feijao-e-batata-itens-da-cesta-basica-sobem-de-preco-em-divinopolis.ghtml
26/12/2022,disparada,"Com a disparada do preço do chocolate, consumidores estão substituindo o ovo de Páscoa por opções mais baratas",08/03/2023 15:02,https://g1.globo.com/bom-dia-brasil/noticia/2023/03/07/com-a-disparada-no-preco-do-chocolate-consumidores-estao-substituindo-o-ovo-de-pascoa.ghtml
27/03/2023,compra,Iniciativa pioneira: “Carrinhos inteligentes” agilizam compra em supermercado catarinense,15/06/2023 11:29,https://g1.globo.com/sc/santa-catarina/especial-publicitario/supermercado-brasao/noticia/2023/06/15/iniciativa-pioneira-carrinhos-inteligentes-agilizam-compra-em-supermercado-catarinense.ghtml
27/03/2023,produto,MP investiga supermercado do DF por venda de produtos vencidos,12/04/2023 11:32,https://g1.globo.com/df/distrito-federal/noticia/2023/04/11/mp-investiga-supermercado-do-df-por-venda-de-produtos-vencidos.ghtml
27/03/2023,alimento,Polícia Civil apreende alimentos vencidos em supermercado de Ponta Grossa,04/04/2023 14:32,https://g1.globo.com/pr/campos-gerais-sul/noticia/2023/04/04/policia-civil-apreende-alimentos-vencidos-em-supermercado-de-ponta-grossa.ghtml
27/03/2023,fila,Homem leva tiro na barriga dentro de supermercado durante briga por causa de fila,30/04/2023 18:10,https://g1.globo.com/pe/pernambuco/noticia/2023/04/30/homem-leva-tiro-dentro-de-supermercado-durante-briga-por-causa-de-fila.ghtml
27/03/2023,termina,Justiça determina paralisação de obra de supermercado no Urbanova em São José dos Campos,16/06/2023 11:59,https://g1.globo.com/sp/vale-do-paraiba-regiao/noticia/2023/06/16/justica-determina-paralisacao-de-obra-de-supermercado-no-urbanova-em-sao-jose-dos-campos.ghtml
27/03/2023,acaba,"Homem furta supermercado, é encontrado em fazenda da prefeita de Mucajaí e acaba preso",06/04/2023 15:30,https://g1.globo.com/rr/roraima/noticia/2023/04/06/homem-furta-supermercado-e-encontrado-em-fazenda-da-prefeita-de-mucajai-e-acaba-preso.ghtml
27/03/2023,acaba,"Discussão em frente a supermercado acaba com um homem morto na Estrutural, no DF",27/04/2023 20:15,https://g1.globo.com/df/distrito-federal/noticia/2023/04/27/discussao-em-frente-a-supermercado-acaba-com-um-homem-morto-na-estrutural-no-df.ghtml
27/03/2023,interditado,Supermercado atacadista é interditado após fiscais encontrarem sujeira e até fezes de animais em depósito,30/05/2023 09:38,https://g1.globo.com/to/tocantins/noticia/2023/05/29/supermercado-atacadista-e-interditado-apos-fiscais-encontrarem-sujeira-e-ate-fezes-de-animais-em-deposito.ghtml
27/03/2023,termina,Justiça determina internação de adolescente suspeita de cortar pescoço de mulher em banheiro de supermercado,18/04/2023 18:04,https://g1.globo.com/to/tocantins/noticia/2023/04/18/justica-determina-internacao-de-adolescente-suspeita-de-cortar-pescoco-de-mulher-em-banheiro-de-supermercado.ghtml
27/03/2023,compra,"Homem que jogou carrinho de compras em mulher dentro de supermercado é preso, diz polícia",15/04/2023 12:51,https://g1.globo.com/go/goias/noticia/2023/04/15/homem-que-jogou-carrinho-de-compras-em-mulher-dentro-de-supermercado-e-preso-diz-policia.ghtml
27/03/2023,produto,Grávida e dois homens são presos após roubarem R$ 10 mil em produtos em supermercado,23/04/2023 13:05,https://g1.globo.com/pe/pernambuco/noticia/2023/04/23/gravida-e-dois-homens-sao-presos-apos-praticarem-furtos-em-supermercado.ghtml
27/03/2023,compra,Mulher aplica golpe do PIX em supermercado e é presa em flagrante enquanto recebia compras,31/05/2023 16:14,https://g1.globo.com/mg/grande-minas/noticia/2023/05/31/mulher-aplica-golpe-do-pix-em-supermercado-e-e-presa-em-flagrante-enquanto-recebia-compras.ghtml
27/03/2023,produto,Suspeito de tentar furtar quase 40 produtos de higiene pessoal de supermercado é preso em Teresina,05/04/2023 19:11,https://g1.globo.com/pi/piaui/noticia/2023/04/05/suspeito-de-tentar-furtar-quase-40-produtos-de-higiene-pessoal-de-supermercado-e-preso-em-teresina.ghtml
27/03/2023,compra,Homem que jogou carrinho de compras em mulher dentro de supermercado tem prisão decretada pela Justiça,15/04/2023 07:10,https://g1.globo.com/go/goias/noticia/2023/04/14/justica-decreta-prisao-de-acusado-de-jogar-carrinho-de-compras-em-mulher-dentro-de-supermercado-em-goias.ghtml
27/03/2023,interditado,"Açougue de supermercado interditado por armazenar carne em caixa d'água volta a funcionar em Linhares, ES",03/05/2023 11:06,https://g1.globo.com/es/espirito-santo/noticia/2023/05/03/acougue-de-supermercado-interditado-por-armazenar-carne-em-caixa-dagua-volta-a-funcionar-em-linhares-es.ghtml
27/03/2023,medo,Jovem que teve pescoço cortado por adolescente em banheiro de supermercado descreve ataque: 'Muito medo de morrer',18/04/2023 18:06,https://g1.globo.com/to/tocantins/noticia/2023/04/18/jovem-que-teve-pescoco-cortado-por-adolescente-em-banheiro-de-supermercado-descreve-ataque-muito-medo-de-morrer.ghtml
27/03/2023,compra,Jovem de 21 anos sai para comprar refrigerante e é morto a tiros em frente a supermercado,24/06/2023 18:33,https://g1.globo.com/to/tocantins/noticia/2023/06/24/jovem-de-22-anos-e-morto-a-tiros-em-frente-a-supermercado-no-sul-de-palmas.ghtml
27/03/2023,interditado,"Açougue de supermercado é interditado após Vigilância Sanitária encontrar carne armazenada dentro de caixa d'água em Linhares, Norte do ES",02/05/2023 14:02,https://g1.globo.com/es/espirito-santo/noticia/2023/04/29/mais-de-900-kg-de-carne-sao-apreendidos-em-supermercado-em-linhares-norte-do-es.ghtml
27/03/2023,compra,Caixa de supermercado é presa após passar R$ 4 mil em compras e cobrar R$ 380 para pagar dívida com cliente em MT,08/04/2023 13:10,https://g1.globo.com/mt/mato-grosso/noticia/2023/04/08/caixa-de-supermercado-e-presa-apos-passar-r-4-mil-em-compras-e-cobrar-r-380-para-pagar-divida-com-cliente-em-mt.ghtml
27/03/2023,covid-19,"Ex-funcionário é indenizado em R$ 1,8 mil por supermercado que o obrigou a apagar postagem em homenagem a colega que morreu de Covid-19",15/05/2023 16:24,https://g1.globo.com/mg/triangulo-mineiro/noticia/2023/05/15/ex-funcionario-e-indenizado-em-r-18-mil-por-supermercado-que-o-obrigou-a-apagar-postagem-em-homenagem-a-colega-que-morreu-de-covid-19.ghtml
27/03/2023,falta,Supermercado é condenado a indenizar cozinheira em R$ 10 mil por assédio sexual na BA; juíza cita falta de acolhimento e vê violência de gênero,14/06/2023 13:24,https://g1.globo.com/ba/bahia/noticia/2023/06/14/justica-determina-que-cozinheira-de-supermercado-de-salvador-receba-indenizacao-de-r-10-mil-por-assedio-sexual.ghtml
27/03/2023,compra,"Tauste Supermercados inicia Campanha ""Cada Compra é um Flash”",03/05/2023 12:05,https://g1.globo.com/sp/bauru-marilia/especial-publicitario/tauste-supermercados/noticia/2023/05/03/tauste-supermercados-inicia-campanha-cada-compra-e-um-flash.ghtml
27/03/2023,preço,Preço do feijão tem variação de mais de 90% em supermercados de João Pessoa,14/06/2023 10:40,https://g1.globo.com/pb/paraiba/noticia/2023/06/14/preco-do-feijao-tem-variacao-de-mais-de-90percent-em-supermercados-de-joao-pessoa.ghtml
27/03/2023,preço,Redução da oferta mundial de açúcar tem aumentado o preço do produto nos supermercados,09/06/2023 21:07,https://g1.globo.com/jornal-nacional/noticia/2023/06/09/reducao-da-oferta-mundial-de-acucar-tem-aumentado-o-preco-do-produto-nos-supermercados.ghtml
27/03/2023,preço,Preços dos alimentos da Semana Santa podem variar até 304% nos supermercados de Fortaleza,04/04/2023 18:40,https://g1.globo.com/ce/ceara/noticia/2023/04/04/precos-dos-alimentos-da-semana-santa-podem-variar-ate-304percent-nos-supermercados-de-fortaleza.ghtml
27/03/2023,preço,Preço de ovo de chocolate de personagem infantil tem variação de 69% nos supermercados de Palmas,04/04/2023 16:18,https://g1.globo.com/to/tocantins/noticia/2023/04/04/preco-de-ovo-de-chocolate-de-personagem-infantil-tem-variacao-de-69percent-nos-supermercados-de-palmas.ghtml
27/03/2023,aumento,"Pesquisa aponta aumento de 13,36% nos preços dos artigos de limpeza em supermercados de Presidente Prudente",16/05/2023 12:28,https://g1.globo.com/sp/presidente-prudente-regiao/noticia/2023/05/16/pesquisa-aponta-aumento-de-1336percent-nos-precos-dos-artigos-de-limpeza-em-supermercados-de-presidente-prudente.ghtml
27/03/2023,preço,"Média de preços nos supermercados cai 14,27% no mês de maio em Fortaleza, aponta Procon",01/06/2023 17:24,https://g1.globo.com/ce/ceara/noticia/2023/06/01/media-de-precos-nos-supermercados-cai-1427percent-no-mes-de-maio-em-fortaleza-aponta-procon.ghtml
27/03/2023,compra,Seis moradores de rua são detidos por assaltar supermercados para comprar crack no Recife; VÍDEO,26/04/2023 20:15,https://g1.globo.com/pe/pernambuco/noticia/2023/04/26/seis-moradores-de-rua-sao-detidos-por-assaltar-supermercados-para-comprar-crack-no-recife-video.ghtml
27/03/2023,produto,Mulheres são presas suspeitas de furtar mais de R$ 70 mil em produtos de supermercados em Goiânia e Aparecida,01/06/2023 13:07,https://g1.globo.com/go/goias/noticia/2023/06/01/mulheres-sao-presas-suspeitas-de-furtar-mais-de-r-70-mil-em-produtos-de-supermercados-em-goiania-e-aparecida.ghtml
27/03/2023,produto,Operação apreende mais de 800 kg de produtos impróprios para consumo em Barão,12/04/2023 15:01,https://g1.globo.com/rs/rio-grande-do-sul/noticia/2023/04/12/operacao-apreende-mais-de-800-kg-de-produtos-improprios-para-consumo-em-barao.ghtml
27/03/2023,preço,"Macaxeira, mamão e beterraba são os itens com maior variação de preços em abril nos supermercados de Fortaleza, diz Procon",27/04/2023 18:59,https://g1.globo.com/ce/ceara/noticia/2023/04/27/macaxeira-mamao-e-beterraba-sao-os-itens-com-maior-variacao-de-precos-em-abril-nos-supermercados-de-fortaleza-diz-procon.ghtml
27/03/2023,covid-19,Fim de semana terá vacinação itinerante contra a Covid-19 e Influenza em Campo Grande,03/06/2023 10:04,https://g1.globo.com/ms/mato-grosso-do-sul/noticia/2023/06/03/fim-de-semana-tera-vacinacao-itinerante-contra-a-covid-19-e-influenza-em-campo-grande.ghtml
26/06/2023,produto,Produtos explodiram e foram arremessados durante incêndio em supermercado; VÍDEO,29/07/2023 19:46,https://g1.globo.com/to/tocantins/noticia/2023/07/29/produtos-explodiram-e-foram-arremessados-durante-incendio-em-supermercado-video.ghtml
26/06/2023,produto,Consumidores procuram produtos perto do vencimento como alternativa para baratear supermercado,08/08/2023 14:42,https://g1.globo.com/jornal-hoje/noticia/2023/08/08/consumidores-procuram-produtos-perto-do-vencimento-como-alternativa-para-baratear-supermercado.ghtml
26/06/2023,crise,Crise econômica na Argentina gera 'turismo de supermercado' de países vizinhos,14/07/2023 08:38,https://g1.globo.com/mundo/noticia/2023/07/13/crise-economica-na-argentina-gera-turismo-de-supermercado-de-paises-vizinhos.ghtml
26/06/2023,preço,Preço da carne continua caindo mais no campo do que no supermercado,14/09/2023 11:44,https://g1.globo.com/economia/agronegocios/noticia/2023/09/12/preco-da-carne-continua-caindo-mais-no-campo-do-que-no-supermercado.ghtml
26/06/2023,produto,Gerente de supermercado é preso após vender produtos vencidos e estragados em Indaiatuba,29/06/2023 12:53,https://g1.globo.com/sp/campinas-regiao/noticia/2023/06/29/gerente-de-supermercado-e-preso-apos-vender-produtos-vencidos-e-estragados-em-indaiatuba.ghtml
26/06/2023,produto,VÍDEO: Pombos aparecem voando e bicando produtos em corredores de supermercado dentro de shopping no ES,31/07/2023 12:04,https://g1.globo.com/es/espirito-santo/noticia/2023/07/31/video-pombos-aparecem-voando-e-bicando-produtos-em-corredores-de-supermercado-dentro-de-shopping-no-es.ghtml
26/06/2023,estoque,"Refletor aquece, queima estoque de papel higiênico e destrói parte de depósito de supermercado em MG",19/09/2023 09:48,https://g1.globo.com/mg/vales-mg/noticia/2023/09/19/refletor-aquece-queima-estoque-de-papel-higienico-e-destroi-parte-de-deposito-de-supermercado-em-mg.ghtml
26/06/2023,dispara,Arma de vigilante de carro-forte dispara e estilhaços deixam dois feridos em supermercado de Mogi Guaçu,22/07/2023 20:14,https://g1.globo.com/sp/campinas-regiao/noticia/2023/07/22/arma-de-vigilante-de-carro-forte-dispara-e-estilhacos-deixam-dois-feridos-em-supermercado-de-mogi-guacu.ghtml
26/06/2023,produto,Suspeitos de furtar quase 50 kg de produtos em supermercado de Volta Redonda são presos no Rio,31/08/2023 08:15,https://g1.globo.com/rj/sul-do-rio-costa-verde/noticia/2023/08/31/presos-suspeitos-de-furtar-supermercado.ghtml
26/06/2023,vazia,VÍDEO: Brasileira mostra prateleiras vazias em supermercado e furacão se aproximando da Flórida: 'Preparada para o pior',30/08/2023 13:16,https://g1.globo.com/es/espirito-santo/noticia/2023/08/30/video-brasileira-mostra-prateleiras-vazias-em-supermercado-e-furacao-se-aproximando-da-florida-preparada-para-o-pior.ghtml
26/06/2023,compra,Mulher entrega bilhete com pedido de socorro em supermercado e é resgatada por policial que fazia compras,04/09/2023 19:41,https://g1.globo.com/ms/mato-grosso-do-sul/noticia/2023/09/04/mulher-entrega-bilhete-com-pedido-de-socorro-em-supermercado-e-e-resgatada-por-policial-que-fazia-compras.ghtml
26/06/2023,fila,Motorista é condenado por atropelar de propósito e matar homem após discussão por demora em fila de supermercado; vídeo,11/08/2023 09:22,https://g1.globo.com/go/goias/noticia/2023/08/11/motorista-e-condenado-por-atropelar-de-proposito-e-matar-homem-apos-discussao-por-demora-em-fila-de-supermercado.ghtml
26/06/2023,compra,Crianças de 3 e 5 anos são identificadas em situação de abandono ao tentarem comprar bolo e cerveja em supermercado,18/08/2023 11:38,https://g1.globo.com/mg/triangulo-mineiro/noticia/2023/08/18/criancas-de-3-e-5-anos-sao-identificadas-em-situacao-de-abandono-ao-tentarem-comprar-bolo-e-cerveja-em-supermercado.ghtml
26/06/2023,acaba,"Mulher tenta usar cheque furtado para fazer compra em supermercado, mas acaba denunciada por funcionários e presa em flagrante, em Pacaembu",10/08/2023 17:56,https://g1.globo.com/sp/presidente-prudente-regiao/noticia/2023/08/10/mulher-tenta-usar-cheque-furtado-para-fazer-compra-em-supermercado-mas-acaba-denunciada-por-funcionarios-e-presa-em-flagrante-em-pacaembu.ghtml
26/06/2023,prateleira,"Vídeo mostra quando homem invade supermercado com facão, derruba prateleiras e só é contido após ser atingido por arma de choque",03/08/2023 15:28,https://g1.globo.com/go/goias/noticia/2023/08/03/video-mostra-quando-homem-invade-supermercado-com-facao-derruba-prateleiras-e-so-e-contido-apos-ser-atingido-por-arma-de-choque-disparada-por-policiais.ghtml
26/06/2023,compra,"Tauste Supermercados divulga contemplados na Promoção ""Cada Compra é um Flash”",10/07/2023 16:19,https://g1.globo.com/sp/bauru-marilia/especial-publicitario/tauste-supermercados/noticia/2023/07/10/tauste-supermercados-divulga-contemplados-na-promocao-cada-compra-e-um-flash.ghtml
26/06/2023,preço,"Preço da cebola cai, em média, 19,25% nos supermercados de Presidente Prudente",30/06/2023 09:56,https://g1.globo.com/sp/presidente-prudente-regiao/noticia/2023/06/30/cesta-basica-esta-em-media-r-15-mais-barata-em-presidente-prudente.ghtml
26/06/2023,alimento,MP flagra venda de alimentos vencidos em fiscalização a supermercados em Campo Belo,03/09/2023 11:40,https://g1.globo.com/mg/sul-de-minas/noticia/2023/09/03/mp-flagra-venda-de-alimentos-vencidos-em-fiscalizacao-a-supermercados-em-campo-belo.ghtml
26/06/2023,compra,Rede de supermercados anuncia compra de terreno de antiga fábrica da Campari em Sorocaba,10/08/2023 18:06,https://g1.globo.com/sp/sorocaba-jundiai/noticia/2023/08/10/rede-de-supermercados-anuncia-compra-de-terreno-de-antiga-fabrica-da-campari-em-sorocaba.ghtml
26/06/2023,alimento,Vigilância Sanitária descarta 44 kg de alimentos vencidos em supermercados de Cabo Frio,04/08/2023 17:47,https://g1.globo.com/rj/regiao-dos-lagos/noticia/2023/08/04/operacao-da-vigilancia-sanitaria-flagra-produtos-vencidos-em-mercados-de-cabo-frio.ghtml
26/06/2023,abastecimento,"Problemas de abastecimento afetam mais de 70% dos supermercados em pelo menos 7 estados e DF, diz Abras",31/08/2023 18:07,https://g1.globo.com/economia/noticia/2022/11/01/mais-de-70percent-dos-supermercados-enfrentam-problema-de-abastecimento-em-pelo-menos-7-estados-e-df-aponta-abras.ghtml
26/06/2023,produto,"Mais de 500 produtos vencidos e estragados, entre pães e biscoitos, são apreendidos em supermercados no ES",23/08/2023 19:44,https://g1.globo.com/es/espirito-santo/noticia/2023/08/23/mais-de-500-produtos-vencidos-e-estragados-entre-paes-e-biscoitos-sao-apreendidos-em-supermercados-no-es.ghtml
26/06/2023,aumentar,"Supermercados dizem que reforma tributária vai aumentar imposto da cesta básica; 'conta está errada', rebate secretário",01/07/2023 16:56,https://g1.globo.com/sp/sao-paulo/noticia/2023/07/01/com-reforma-tributaria-imposto-da-cesta-basica-vai-ficar-muito-proximo-do-atual-diz-appy.ghtml
26/06/2023,falta,"Moscas, falta de higiene e mais de 400 kg de carnes estragadas: açougues de supermercados são interditados no Norte do ES",14/07/2023 14:13,https://g1.globo.com/es/espirito-santo/norte-noroeste-es/noticia/2023/07/13/moscas-falta-de-higiene-e-mais-de-400-kg-de-carnes-estragadas-acougues-de-supermercados-sao-interditados-no-norte-do-es.ghtml
26/06/2023,preço,Clima influencia variação de preços de alimentos e comportamento de consumidores no Alto Tietê,22/07/2023 20:31,https://g1.globo.com/sp/mogi-das-cruzes-suzano/noticia/2023/07/22/clima-influencia-variacao-de-precos-de-alimentos-e-comportamento-de-consumidores-no-alto-tiete.ghtml
26/06/2023,termina,"Briga entre vizinhos termina com uma pessoa morta e outra ferida, em Belo Horizonte",14/08/2023 15:47,https://g1.globo.com/mg/minas-gerais/noticia/2023/08/14/briga-entre-vizinhos-termina-com-uma-pessoa-morta-e-outra-ferida-em-belo-horizonte.ghtml
26/06/2023,quantidade,Posto em Teresópolis tem bicos de etanol interditados por vender quase meio litro a menos da quantidade indicada na bomba,29/06/2023 13:44,https://g1.globo.com/rj/regiao-serrana/noticia/2023/06/29/posto-em-teresopolis-tem-bicos-de-etanol-interditados-por-vender-quase-meio-litro-a-menos-da-quantidade-indicada-na-bomba.ghtml
26/06/2023,produto,"Em setembro, compre produtos da Fumacense Alimentos e contribua com o Bairro da Juventude",05/09/2023 10:33,https://g1.globo.com/sc/santa-catarina/especial-publicitario/grupo-ezos/grupo-ezos/noticia/2023/09/05/em-setembro-compre-produtos-da-fumacense-alimentos-e-contribua-com-o-bairro-da-juventude.ghtml
26/06/2023,preço,"Preço do quilo do feijão cai mais de 20%, em Presidente Prudente",28/08/2023 09:36,https://g1.globo.com/sp/presidente-prudente-regiao/noticia/2023/08/28/preco-do-quilo-do-feijao-cai-mais-de-20percent-em-presidente-prudente.ghtml
26/06/2023,preço,"Preço da dúzia do ovo sobe 36,8% em um ano em Curitiba e chega à casa dos R$ 11; entenda por que",20/07/2023 08:29,https://g1.globo.com/pr/parana/economia/noticia/2023/07/20/preco-da-duzia-do-ovo-sobe-368percent-em-um-ano-em-curitiba-e-chega-a-casa-dos-r-11-entenda-por-que.ghtml
26/06/2023,preço,Preço da carne em queda: filé-mignon foi o que mais barateou,15/09/2023 10:00,https://g1.globo.com/economia/agronegocios/noticia/2023/09/15/preco-da-carne-em-queda-file-mignon-foi-o-que-mais-barateou.ghtml
26/06/2023,preço,"Preço da cesta básica sobe, em média, R$ 38 em Presidente Prudente",13/07/2023 09:37,https://g1.globo.com/sp/presidente-prudente-regiao/noticia/2023/07/13/preco-da-cesta-basica-sobe-em-media-r-38-em-presidente-prudente.ghtml
26/06/2023,produto,"Mais caros, produtos de higiene e limpeza vão na contramão da deflação; entenda",28/07/2023 17:24,https://g1.globo.com/sp/campinas-regiao/noticia/2023/07/28/entenda-por-que-produtos-de-higiene-e-limpeza-estao-mais-caros-e-vao-na-contramao-da-deflacao.ghtml
26/06/2023,produto,Panificadora é interditada após Vigilância Sanitária encontrar vários produtos vencidos,02/08/2023 12:26,https://g1.globo.com/to/tocantins/noticia/2023/08/02/panificadora-e-interditada-apos-vigilancia-sanitaria-encontrar-varios-produtos-vencidos.ghtml
26/06/2023,acaba,Grupo invade mercado atacadista e um homem acaba preso por furto no litoral de SP,01/07/2023 10:33,https://g1.globo.com/sp/santos-regiao/noticia/2023/07/01/grupo-invade-mercado-atacadista-e-um-homem-acaba-preso-por-furto-no-litoral-de-sp.ghtml
25/09/2023,produto,Supermercado investe em mix variado de produtos para pets,21/11/2023 15:03,https://g1.globo.com/sp/campinas-regiao/especial-publicitario/covabra/noticia/2023/03/14/supermercado-investe-em-mix-variado-de-produtos-para-pets.ghtml
25/09/2023,compra,Suspeito de fraudar sistema de pontos de supermercado para não pagar compras é preso,20/12/2023 08:36,https://g1.globo.com/rj/sul-do-rio-costa-verde/noticia/2023/12/20/suspeito-de-fraudar-sistema-de-pontos-de-supermercado-para-nao-pagar-compras-e-preso.ghtml
25/09/2023,compra,É #FAKE vídeo em que carrinho de compras 'fantasma' anda sozinho na madrugada em supermercado,20/10/2023 12:43,https://g1.globo.com/fato-ou-fake/noticia/2023/10/20/e-fake-video-em-que-carrinho-de-compras-fantasma-anda-sozinho-na-madrugada-em-supermercado.ghtml
25/09/2023,acaba,"Tentativa de assalto em supermercado acaba em tiroteio e mulher baleada em Ananindeua, na Grande Belém",18/10/2023 16:34,https://g1.globo.com/pa/para/noticia/2023/10/18/tentativa-de-assalto-em-supermercado-acaba-em-tiroteio-e-mulher-baleada-em-ananindeua-na-grande-belem.ghtml
25/09/2023,termina,"Roubo a supermercado termina com perseguição, troca de tiros e mais de R$ 14 mil recuperados",27/11/2023 12:14,https://g1.globo.com/mg/triangulo-mineiro/noticia/2023/11/27/roubo-a-supermercado-termina-com-perseguicao-troca-de-tiros-e-mais-de-r-14-mil-recuperados.ghtml
25/09/2023,compra,"Gerente é suspeito de desviar quase R$ 500 mil de supermercado e comprar casa, diz polícia",17/11/2023 12:55,https://g1.globo.com/to/tocantins/noticia/2023/11/16/gerente-e-suspeito-de-desviar-quase-r-500-mil-de-supermercado-e-comprar-casa-diz-policia.ghtml
25/09/2023,alimento,"Após denúncias de infestação de ratos e alimentos estragados, supermercado é interditado em São José de Ribamar",01/11/2023 18:43,https://g1.globo.com/ma/maranhao/noticia/2023/11/01/apos-denuncias-de-infestacao-de-ratos-e-alimentos-estragados-supermercado-e-interditado-em-sao-jose-de-ribamar.ghtml
25/09/2023,produto,"Entregador furta carnes, pizzas e cervejas de carrinho de supermercado, se arrepende e devolve produtos em Araçatuba",02/11/2023 15:26,https://g1.globo.com/sp/sao-jose-do-rio-preto-aracatuba/noticia/2023/11/02/entregador-furta-carnes-pizzas-e-cervejas-de-carrinho-de-supermercado-se-arrepende-e-devolve-produtos-em-aracatuba.ghtml
25/09/2023,chuva,"Chuva com ventos fortes na região de Campinas derruba telhado e árvores, danifica supermercado e deixa família ferida",07/10/2023 20:17,https://g1.globo.com/sp/campinas-regiao/noticia/2023/10/07/chuva-com-rajadas-de-vento-provoca-alagamentos-em-cidades-da-regiao-de-campinas.ghtml
25/09/2023,produto,"Casal é preso em Cabo Frio após sair de supermercado, sem pagar, com mais de R$ 500 em produtos",23/10/2023 18:20,https://g1.globo.com/rj/regiao-dos-lagos/noticia/2023/10/23/casal-e-preso-em-cabo-frio-apos-sair-de-supermercado-sem-pagar-com-mais-de-r-500-em-produtos.ghtml
25/09/2023,compra,Esposa de secretário de Justiça de RR é vista usando carro oficial blindado para fazer compras em supermercado no final de semana,22/11/2023 13:13,https://g1.globo.com/rr/roraima/noticia/2023/11/22/esposa-de-secretario-de-justica-de-rr-e-vista-usando-carro-oficial-blindado-para-fazer-compras-em-supermercado-no-final-de-semana.ghtml
25/09/2023,compra,Envelopes com dinheiro e compra de casa: O que se sabe sobre o gerente suspeito de desviar quase R$ 500 mil de supermercado,18/11/2023 06:01,https://g1.globo.com/to/tocantins/noticia/2023/11/18/envelopes-com-dinheiro-e-compra-de-casa-o-que-se-sabe-sobre-o-gerente-suspeito-de-desviar-quase-r-500-mil-de-supermercado.ghtml
25/09/2023,distribuição,MPRJ interdita centro de distribuição de carnes de rede de supermercados em Itaperuna,20/10/2023 18:47,https://g1.globo.com/rj/norte-fluminense/noticia/2023/10/20/mprj-interdita-centro-de-distribuicao-de-carnes-de-rede-de-supermercados-em-itaperuna.ghtml
25/09/2023,preço,Procon-AP fiscaliza preços e produtos nos supermercados durante festas de fim de ano,12/12/2023 11:32,https://g1.globo.com/ap/amapa/noticia/2023/12/12/procon-ap-fiscaliza-precos-e-produtos-nos-supermercados-durante-festas-de-fim-de-ano.ghtml
25/09/2023,preço,Pesquisa aponta diferença superior a 200% nos preços da margarina e do absorvente entre supermercados,21/12/2023 12:46,https://g1.globo.com/sp/presidente-prudente-regiao/noticia/2023/12/21/pesquisa-aponta-diferenca-superior-a-200percent-nos-precos-da-margarina-e-do-absorvente-entre-supermercados.ghtml
25/09/2023,preço,Preços de itens da ceia de Natal variam em até R$ 24 em supermercados de Boa Vista,18/12/2023 12:34,https://g1.globo.com/rr/roraima/noticia/2023/12/18/precos-de-itens-da-ceia-de-natal-variam-em-ate-r-24-em-supermercados-de-boa-vista.ghtml
25/09/2023,preço,"Cesta básica fica R$ 7,44 mais barata nos supermercados de Presidente Prudente, aponta pesquisa de preços",11/12/2023 15:37,https://g1.globo.com/sp/presidente-prudente-regiao/noticia/2023/12/11/cesta-basica-fica-r-744-mais-barata-nos-supermercados-de-presidente-prudente-aponta-pesquisa-de-precos.ghtml
25/09/2023,itens,Cesta básica: supermercados e agro criticam 'cashback' na reforma tributária e pedem alíquota menor em itens,01/11/2023 09:31,https://g1.globo.com/economia/noticia/2023/11/01/cesta-basica-supermercados-e-agro-criticam-cashback-na-reforma-tributaria-e-pedem-aliquota-menor.ghtml
25/09/2023,compra,Empresa de investimentos compra rede de supermercados da Bahia; estimativa é de cerca de 20 mil novos empregos diretos,04/10/2023 08:18,https://g1.globo.com/ba/bahia/noticia/2023/10/04/empresa-de-investimentos-compra-rede-de-supermercados-da-bahia-estimativa-e-de-cerca-de-20-mil-novos-empregos-diretos.ghtml
25/09/2023,aumento,Cebola tem aumento de preço superior a 80% e ajuda a elevar valor da cesta básica em Presidente Prudente,30/10/2023 13:51,https://g1.globo.com/sp/presidente-prudente-regiao/noticia/2023/10/30/cebola-tem-aumento-de-preco-superior-a-80percent-e-ajuda-a-elevar-valor-da-cesta-basica-em-presidente-prudente.ghtml
25/09/2023,comida,Moradores coletam comida em caminhão de lixo em Fortaleza; vídeo,08/12/2023 08:15,https://g1.globo.com/ce/ceara/noticia/2021/10/18/moradores-coletam-comida-em-caminhao-de-lixo-em-fortaleza.ghtml
25/09/2023,preço,"Cesta básica fica R$ 30 mais barata em Presidente Prudente, aponta levantamento de preços",02/10/2023 18:57,https://g1.globo.com/sp/presidente-prudente-regiao/noticia/2023/10/02/cesta-basica-fica-r-30-mais-barata-em-presidente-prudente-aponta-levantamento-de-precos.ghtml
25/09/2023,aumento,"Com aumento de 0,69% em três meses, preço da cesta básica se mantém estável em Rio Branco",05/12/2023 18:27,https://g1.globo.com/ac/acre/noticia/2023/12/05/com-aumento-de-069percent-em-tres-meses-preco-da-cesta-basica-se-mantem-estavel-em-rio-branco.ghtml
25/09/2023,preço,Pesquisa realizada pela Fundação Procon-SP constata diferenças de preços de até 43% na Ceia de Natal em Presidente Prudente,15/12/2023 17:28,https://g1.globo.com/sp/presidente-prudente-regiao/noticia/2023/12/15/pesquisa-realizada-pela-fundacao-procon-sp-constata-diferencas-de-precos-de-ate-43percent-na-ceia-de-natal-em-presidente-prudente.ghtml
25/09/2023,preço,"Preço do quilo do bacalhau pode passar de R$ 200 em João Pessoa, aponta Procon",06/12/2023 11:07,https://g1.globo.com/pb/paraiba/noticia/2023/12/06/preco-do-quilo-do-bacalhau-pode-passar-de-r-200-em-joao-pessoa-aponta-procon.ghtml
25/09/2023,preço,Preços dos itens da ceia de Natal podem variar até 143% em Palmas; veja pesquisa,13/12/2023 17:14,https://g1.globo.com/to/tocantins/noticia/2023/12/13/precos-dos-itens-da-ceia-de-natal-podem-variar-ate-143percent-em-palmas-veja-pesquisa.ghtml
25/09/2023,produto,Operação Natal: universitários de São Carlos arrecadam alimentos e produtos de higiene e limpeza para instituições; veja como ajudar,10/11/2023 11:02,https://g1.globo.com/sp/sao-carlos-regiao/noticia/2023/11/10/operacao-natal-universitarios-de-sao-carlos-arrecadam-alimentos-e-produtos-de-higiene-e-limpeza-para-instituicoes-veja-como-ajudar.ghtml
25/09/2023,vazia,Homem é preso em flagrante por furto de 20 garrafas de 300 ml vazias em Osvaldo Cruz,20/12/2023 19:05,https://g1.globo.com/sp/presidente-prudente-regiao/noticia/2023/12/19/homem-e-preso-em-flagrante-por-furto-de-20-garrafas-vazias-de-romarinho-em-osvaldo-cruz.ghtml
25/09/2023,produto,"Chocolate, suco e sabonete: veja produtos que ficaram mais caros, mas diminuíram de tamanho",16/10/2023 09:27,https://g1.globo.com/economia/noticia/2023/10/13/chocolate-suco-e-sabonete-veja-produtos-que-ficaram-mais-caros-mas-diminuiram-de-tamanho.ghtml
25/09/2023,comida,Famílias coletam restos de comida de caminhão de lixo em Fortaleza 'para ter o que comer',08/12/2023 08:12,https://g1.globo.com/ce/ceara/noticia/2023/06/24/familias-coletam-restos-de-comida-de-caminhao-de-lixo-em-fortaleza-para-ter-o-que-comer.ghtml
25/09/2023,chuva,Curitiba tem 105 pontos de arrecadação para ajudar vítimas das chuvas no Paraná; veja lista e o que doar,16/10/2023 15:11,https://g1.globo.com/pr/parana/noticia/2023/10/16/curitiba-tem-105-pontos-de-arrecadacao-para-ajudar-vitimas-das-chuvas-no-parana-veja-lista-e-o-que-doar.ghtml
25/12/2023,estoque,Incêndio atinge estoque de supermercado no Grande Recife; VÍDEO,08/01/2024 14:26,https://g1.globo.com/pe/pernambuco/noticia/2024/01/08/incendio-atinge-estoque-de-supermercado-no-grande-recife-video.ghtml
25/12/2023,produto,É possível ter uma alimentação saudável e natural com produtos do supermercado?,20/02/2024 13:29,https://g1.globo.com/sc/santa-catarina/especial-publicitario/bistek-supermercados/noticia/2024/02/20/e-possivel-ter-uma-alimentacao-saudavel-e-natural-com-produtos-do-supermercado.ghtml
25/12/2023,termina,Briga em supermercado termina em agressão e prisão por racismo no RJ,19/02/2024 15:19,https://g1.globo.com/rj/rio-de-janeiro/noticia/2024/02/19/briga-em-supermercado-termina-em-agressao-e-prisao-por-racismo-no-rj.ghtml
25/12/2023,aumento,"Com queda nos preços de produtos básicos, consumo das famílias no supermercado aumentou em 2023",24/01/2024 21:22,https://g1.globo.com/jornal-nacional/noticia/2024/01/24/com-queda-nos-precos-de-produtos-basicos-consumo-das-familias-no-supermercado-aumentou-em-2023.ghtml
25/12/2023,alimento,"Cerca de 300 kg de alimentos são apreendidos em supermercado de Manacapuru, interior do AM",12/02/2024 15:28,https://g1.globo.com/am/amazonas/noticia/2024/02/12/cerca-de-300-kg-de-alimentos-sao-apreendidos-em-supermercado-de-manacapuru-interior-do-am.ghtml
25/12/2023,preço,"Barra do Ceará, Vila Velha e Carlito Pamplona têm os menores preços no supermercado em Fortaleza",01/02/2024 17:52,https://g1.globo.com/ce/ceara/noticia/2024/02/01/barra-do-ceara-vila-velha-e-carlito-pamplona-tem-os-menores-precos-de-supermercado-em-fortaleza.ghtml
25/12/2023,alagamento,Único supermercado de Monteiro Lobato (SP) perde mercadorias após alagamento: 'Depois da tempestade vem a bonança',02/03/2024 13:42,https://g1.globo.com/sp/vale-do-paraiba-regiao/noticia/2024/03/02/unico-supermercado-de-monteiro-lobato-sp-perde-mercadorias-apos-alagamento-depois-da-tempestade-vem-a-bonanca.ghtml
25/12/2023,acaba,VÍDEO: Homem passa a mão nas nádegas de vizinha em supermercado e acaba preso por importunação sexual,21/03/2024 14:47,https://g1.globo.com/mg/triangulo-mineiro/noticia/2024/03/21/video-homem-passa-a-mao-nas-nadegas-de-vizinha-em-supermercado-e-acaba-preso-por-importunacao-sexual.ghtml
25/12/2023,compra,Vídeo mostra carro oficial de prefeitura sendo usado para levar compras de supermercado; município apura o caso,27/12/2023 13:29,https://g1.globo.com/sp/santos-regiao/noticia/2023/12/27/video-mostra-carro-oficial-de-prefeitura-sendo-usado-para-levar-compras-de-supermercado-municipio-apura-o-caso.ghtml
25/12/2023,alimento,"Com carrinho de supermercado, homem furta quase 50 pacotes de feijão e outros alimentos em Juiz de Fora",26/02/2024 12:39,https://g1.globo.com/mg/zona-da-mata/noticia/2024/02/26/com-carrinho-de-supermercado-homem-furta-quase-50-pacotes-de-feijao-e-outros-alimentos-em-juiz-de-fora.ghtml
25/12/2023,alimento,'Este café não nasceu aqui': projeto em MG cria plaquinhas para explicar aos consumidores caminho dos alimentos até o supermercado,25/02/2024 09:30,https://g1.globo.com/mg/triangulo-mineiro/noticia/2024/02/25/este-cafe-nao-nasceu-aqui-projeto-em-mg-cria-plaquinhas-para-explicar-aos-consumidores-caminho-dos-alimentos-ate-o-supermercado.ghtml
25/12/2023,distribuição,Presos suspeitos de furtar mais de R$ 2 milhões em produtos de centros de distribuição de rede de supermercado no MA,08/03/2024 17:05,https://g1.globo.com/ma/maranhao/noticia/2024/03/08/presos-suspeitos-de-furtar-mais-de-r-2-milhoes-em-produtos-de-centros-de-distribuicao-de-rede-de-supermercado-no-ma.ghtml
25/12/2023,produto,"Fiscais encontram mais de 1,4 mil produtos vencidos em dois supermercados de Paraíso",11/01/2024 20:41,https://g1.globo.com/to/tocantins/noticia/2024/01/11/fiscais-encontram-mais-de-14-mil-produtos-vencidos-em-dois-supermercados-de-paraiso.ghtml
25/12/2023,preço,"Diferença de preço de um mesmo ovo de Páscoa chega a 66% em supermercados de São José dos Campos, diz Procon",21/03/2024 23:02,https://g1.globo.com/sp/vale-do-paraiba-regiao/noticia/2024/03/21/diferenca-de-preco-de-um-mesmo-ovo-de-pascoa-chega-a-66percent-em-supermercados-de-sao-jose-dos-campos-diz-procon.ghtml
25/12/2023,acaba,"Homem esconde peça de picanha na cintura, mas acaba preso",31/01/2024 09:03,https://g1.globo.com/mg/zona-da-mata/noticia/2024/01/31/homem-esconde-peca-de-picanha-na-cintura-mas-acaba-preso-em-mg.ghtml
25/12/2023,alimento,MP apreende 6 toneladas de alimentos impróprios para o consumo em Tramandaí; FOTOS,09/02/2024 04:01,https://g1.globo.com/rs/rio-grande-do-sul/noticia/2024/02/09/mp-apreende-6-toneladas-de-alimentos-improprios-para-o-consumo-em-tramandai-fotos.ghtml
25/12/2023,temporal,"Uma pessoa morre e outras 10 ficam feridas durante temporal em Cachoeirinha, diz Defesa Civil",17/01/2024 14:43,https://g1.globo.com/rs/rio-grande-do-sul/noticia/2024/01/17/uma-pessoa-morre-e-outras-10-ficam-feridas-durante-temporal-em-cachoeirinha-diz-defesa-civil.ghtml
25/12/2023,abastecimento,Procon fiscaliza preços abusivos após desabastecimento de água por vazamento de ácido em Joinville,30/01/2024 10:43,https://g1.globo.com/sc/santa-catarina/noticia/2024/01/30/procon-precos-abusivos-desabastecimento-agua-vazamento-rio-joinville-acido.ghtml
25/12/2023,chuva,Árvore cai e rompe fiação elétrica durante forte chuva em Penápolis; vídeo,19/01/2024 19:24,https://g1.globo.com/sp/sao-jose-do-rio-preto-aracatuba/noticia/2024/01/19/arvore-cai-e-rompe-fiacao-eletrica-durante-forte-chuva-em-penapolis-video.ghtml
25/12/2023,preço,"Preço da cesta básica aumenta mais de 10% em três meses em Rio Branco, diz estudo",10/03/2024 16:30,https://g1.globo.com/ac/acre/noticia/2024/03/10/preco-da-cesta-basica-aumenta-mais-de-10percent-em-tres-meses-em-rio-branco-diz-estudo.ghtml
