Periodo,Problema,Título,Data,Link
01/01/2018,produto,Adolescente é flagrada furtando produtos em supermercado de Mogi,27/03/2018 13:43,https://g1.globo.com/sp/mogi-das-cruzes-suzano/noticia/adolescente-e-flagrada-furtando-produtos-em-supermercado-de-mogi.ghtml
01/01/2018,chuva,Chuva e vento derrubam estrutura de outdoor em supermercado de Assis,16/02/2018 19:17,https://g1.globo.com/sp/bauru-marilia/noticia/temporal-relampago-derruba-estrutura-de-outdoor-em-supermercado-de-assis.ghtml
01/01/2018,acaba,"Homem furta produtos de supermercado em Boa Vista, é flagrado e acaba detido",04/03/2018 13:04,https://g1.globo.com/rr/roraima/noticia/homem-furta-produtos-de-supermercado-em-boa-vista-e-flagrado-e-acaba-detido.ghtml
01/01/2018,termina,Briga entre cliente e segurança de supermercado termina na delegacia em Campo Grande,31/03/2018 18:47,https://g1.globo.com/ms/mato-grosso-do-sul/noticia/briga-entre-cliente-e-seguranca-de-supermercado-termina-na-delegacia-em-campo-grande.ghtml
01/01/2018,produto,Mulher é presa por furtar produtos de supermercado no Centro de João Pessoa,01/03/2018 18:11,https://g1.globo.com/pb/paraiba/noticia/mulher-e-presa-por-furtar-produtos-de-supermercado-no-centro-de-joao-pessoa.ghtml
01/01/2018,termina,"Campanha contra dengue alerta moradores em praias, terminais e supermercado de Vila Velha, ES",06/01/2018 10:47,https://g1.globo.com/es/espirito-santo/noticia/campanha-contra-dengue-alerta-moradores-em-praias-terminais-e-supermercado-de-vila-velha-es.ghtml
01/01/2018,acaba,Homem acaba preso após furtar peças de queijo e salame em supermercado de Presidente Prudente,15/03/2018 16:05,https://g1.globo.com/sp/presidente-prudente-regiao/noticia/homem-acaba-preso-apos-furtar-pecas-de-queijo-e-salame-em-supermercado-de-presidente-prudente.ghtml
01/01/2018,acaba,Dois suspeitos de furto são flagrados por segurança de supermercado e acabam presos em Boa Vista,14/03/2018 21:43,https://g1.globo.com/rr/roraima/noticia/dois-suspeitos-de-furto-sao-flagrados-por-seguranca-de-supermercado-e-acabam-presos-em-boa-vista.ghtml
01/01/2018,preço,Supermercado britânico é acusado de sexismo por diferença de preço em cartão para Dia dos Namorados,11/02/2018 21:01,https://g1.globo.com/mundo/noticia/supermercado-britanico-e-acusado-de-sexismo-por-diferenca-de-preco-em-cartao-para-dia-dos-namorados.ghtml
01/01/2018,produto,PM e mais três pessoas são detidos por furtar produtos avaliados em R$ 2 mil em supermercado no Recife,10/01/2018 13:13,https://g1.globo.com/pe/pernambuco/noticia/pm-e-mais-tres-pessoas-sao-detidos-por-furtar-produtos-avaliados-em-r-2-mil-em-supermercado-no-recife.ghtml
01/01/2018,preço,Preços dos peixes variam até 134% nos supermercados de Palmas,28/03/2018 08:55,https://g1.globo.com/to/tocantins/noticia/precos-dos-peixes-variam-ate-134-nos-supermercados-de-palmas.ghtml
01/01/2018,preço,Procon de Araguari divulga pesquisa com preços de produtos em supermercados,07/02/2018 18:17,https://g1.globo.com/mg/triangulo-mineiro/noticia/procon-de-araguari-divulga-pesquisa-com-precos-de-produtos-em-supermercados.ghtml
01/01/2018,preço,Supermercados da Venezuela são cercados após governo obrigar corte de preços,06/01/2018 17:02,https://g1.globo.com/mundo/noticia/supermercados-da-venezuela-sao-cercados-apos-governo-obrigar-corte-de-precos.ghtml
01/01/2018,preço,"Supermercados de Fortaleza tiveram redução de preços em março, aponta Procon",21/03/2018 14:43,https://g1.globo.com/ce/ceara/noticia/supermercados-de-fortaleza-tiveram-reducao-de-precos-em-marco-aponta-procon.ghtml
01/01/2018,produto,Supermercados de São Carlos fazem promoções dos produtos típicos de Natal,02/01/2018 20:14,https://g1.globo.com/sp/sao-carlos-regiao/noticia/supermercados-de-sao-carlos-fazem-promocoes-dos-produtos-tipicos-de-natal.ghtml
01/01/2018,preço,"Diferença de preços chega a 300% em supermercados de Natal, segundo Procon",09/02/2018 18:32,https://g1.globo.com/rn/rio-grande-do-norte/noticia/diferenca-de-precos-chega-a-300-em-supermercados-de-natal-segundo-procon.ghtml
01/01/2018,preço,"Preço de ovo de Páscoa varia 44% em supermercados de Vitória, aponta Procon",27/03/2018 10:35,https://g1.globo.com/es/espirito-santo/noticia/preco-de-ovo-de-pascoa-varia-44-em-supermercados-de-vitoria-aponta-procon.ghtml
01/01/2018,produto,Quatro supermercados de Santos são autuados pela venda de produtos com peso incorreto,08/02/2018 12:01,https://g1.globo.com/sp/santos-regiao/noticia/quatro-supermercados-de-santos-sao-autuados-pela-venda-de-produtos-com-peso-incorreto.ghtml
01/01/2018,preço,Batata e tomate ajudam a inflacionar preço da cesta básica nos supermercados em Presidente Prudente,23/01/2018 15:38,https://g1.globo.com/sp/presidente-prudente-regiao/noticia/batata-e-tomate-ajudam-a-inflacionar-preco-da-cesta-basica-nos-supermercados-em-presidente-prudente.ghtml
01/01/2018,preço,"Preço de ovos de páscoa em supermercados de Manaus chega a R$ 61, aponta Procon AM",28/03/2018 15:13,https://g1.globo.com/am/amazonas/noticia/preco-de-ovos-de-pascoa-em-supermercados-de-manaus-chega-a-r-61-aponta-procon-am.ghtml
01/01/2018,preço,"Diferença de preços em produtos de higiene e limpeza em Criciúma chega a 484%, diz Procon",03/01/2018 17:48,https://g1.globo.com/sc/santa-catarina/noticia/diferenca-de-precos-em-produtos-de-higiene-e-limpeza-em-criciuma-chega-a-484-diz-procon.ghtml
01/01/2018,preço,"Preço do quilo do feijão preto varia até 133,51% em João Pessoa, diz Procon-PB",23/02/2018 17:36,https://g1.globo.com/pb/paraiba/noticia/preco-do-quilo-do-feijao-varia-ate-13351-em-joao-pessoa-diz-procon-pb.ghtml
01/01/2018,produto,"Produtos consumidos na Páscoa têm variação de até 150% em Fortaleza, diz Procon",27/03/2018 14:55,https://g1.globo.com/ce/ceara/noticia/produtos-consumidos-na-pascoa-tem-variacao-de-ate-150-em-fortaleza-diz-procon.ghtml
01/01/2018,preço,"Banana tem queda de preço de quase 20% em Belém, aponta Dieese",22/01/2018 11:07,https://g1.globo.com/pa/para/noticia/banana-tem-queda-de-preco-de-quase-20-em-belem-aponta-dieese.ghtml
01/01/2018,rumor,Ações da Via Varejo e GPA sobem com rumores de possível parceria entre Casino e Amazon no Brasil,27/03/2018 13:30,https://g1.globo.com/economia/noticia/acoes-da-via-varejo-e-gpa-sobem-com-rumores-de-possivel-parceria-entre-casino-e-amazon.ghtml
01/01/2018,preço,"Preços dos ovos de Páscoa variam mais de 60% em Curitiba, indica pesquisa",12/03/2018 17:31,https://g1.globo.com/pr/parana/noticia/precos-dos-ovos-de-pascoa-variam-mais-de-60-em-curitiba-indica-pesquisa.ghtml
01/01/2018,preço,Ovos de Páscoa têm preços com variação de até 80% em Palmas,28/03/2018 20:08,https://g1.globo.com/to/tocantins/noticia/ovos-de-pascoa-tem-precos-com-variacao-de-ate-80-em-palmas.ghtml
01/01/2018,preço,Procon divulga pesquisa de preços de 15 tipos peixes comercializados em Uberaba,18/03/2018 09:33,https://g1.globo.com/mg/triangulo-mineiro/noticia/procon-divulga-pesquisa-de-precos-de-15-tipos-peixes-comercializados-em-uberaba.ghtml
01/01/2018,preço,Pesquisa de preços aponta queda de 10% no valor da cesta básica em Presidente Prudente,10/02/2018 11:12,https://g1.globo.com/sp/presidente-prudente-regiao/noticia/pesquisa-de-precos-aponta-queda-de-10-no-valor-da-cesta-basica-em-presidente-prudente.ghtml
01/01/2018,preço,"Preço do ovo de Páscoa pode variar mais de 80% em Divinópolis, aponta Nupec",23/03/2018 16:22,https://g1.globo.com/mg/centro-oeste/noticia/preco-do-ovo-de-pascoa-pode-variar-mais-de-80-em-divinopolis-aponta-nupec.ghtml
01/01/2018,alimento,Alimentos feitos de insetos fazem sucesso na Suíça com apelo à sustentabilidade,06/02/2018 16:07,https://g1.globo.com/natureza/noticia/alimentos-feitos-de-insetos-fazem-sucesso-na-suica-com-apelo-a-sustentabilidade.ghtml
01/01/2018,preço,"Atoleiro na BR-163 faz subir preço de produtos alimentícios em Santarém, PA",15/02/2018 13:38,https://g1.globo.com/pa/santarem-regiao/noticia/atoleiro-na-br-163-faz-subir-preco-de-produtos-alimenticios-em-santarem-pa.ghtml
01/01/2018,preço,"Preço do ovo de chocolate varia até 78% em João Pessoa, diz pesquisa do Procon-PB",14/03/2018 17:58,https://g1.globo.com/pb/paraiba/noticia/preco-do-ovo-de-chocolate-varia-ate-78-em-joao-pessoa-diz-pesquisa-do-procon-pb.ghtml
01/01/2018,preço,"Preço de produtos usados em torta capixaba varia até 200% em Vitória, aponta Procon",28/03/2018 08:19,https://g1.globo.com/es/espirito-santo/noticia/preco-de-produtos-usados-em-torta-capixaba-varia-ate-200-em-vitoria-aponta-procon.ghtml
01/01/2018,preço,Instituto aponta diferença de 230% nos preços de itens de Carnaval no Maranhão,06/02/2018 10:12,https://g1.globo.com/ma/maranhao/noticia/instituto-aponta-diferenca-de-230-nos-precos-de-itens-de-carnaval-no-maranhao.ghtml
01/01/2018,alimento,Loja de alimentos kosher é incendiada perto de Paris,09/01/2018 08:59,https://g1.globo.com/mundo/noticia/loja-de-alimentos-kosher-e-incendiada-perto-de-paris.ghtml
01/01/2018,falta,Brasileiros encaram frio na Irlanda e brincam com falta de pão; veja vídeo,04/03/2018 15:27,https://g1.globo.com/mg/sul-de-minas/noticia/brasileiros-encaram-frio-na-irlanda-e-brincam-com-falta-de-pao-veja-video.ghtml
02/04/2018,abastecimento,Supermercado em Manaus restringe compra de produtos para prevenir desabastecimento,25/05/2018 17:40,https://g1.globo.com/am/amazonas/noticia/supermercado-em-manaus-restringe-compra-de-produto-para-prevenir-desabastecimento.ghtml
02/04/2018,paralisação,Supermercado online dobra lucro com paralisação de caminhões em João Pessoa,28/05/2018 15:25,https://g1.globo.com/pb/paraiba/noticia/supermercado-online-dobra-lucro-com-paralisacao-de-caminhoes-em-joao-pessoa.ghtml
02/04/2018,limite,Supermercado impõe limite de produto após corrida por estoque de comida,24/05/2018 11:27,https://g1.globo.com/sp/vale-do-paraiba-regiao/noticia/supermercado-impoe-limite-de-produto-por-cliente-apos-corrida-por-estoque-de-comida.ghtml
02/04/2018,alimento,Vigilância sanitária apreende 175 kg de alimentos impróprios em supermercado de Manaus,23/04/2018 21:24,https://g1.globo.com/am/amazonas/noticia/vigilancia-sanitaria-apreende-175-kg-de-alimentos-improprios-em-supermercado-de-manaus.ghtml
02/04/2018,fila,Vagas em supermercado atraem centenas e fila dobra quarteirão em São Carlos,16/05/2018 20:01,https://g1.globo.com/sp/sao-carlos-regiao/noticia/vagas-em-supermercado-atraem-centenas-e-fila-dobra-quarteirao-em-sao-carlos.ghtml
02/04/2018,termina,Justiça determina que supermercado em Uberlândia indenize cliente por furto de moto em estacionamento,14/05/2018 20:11,https://g1.globo.com/mg/triangulo-mineiro/noticia/justica-determina-que-supermercado-em-uberlandia-indenize-cliente-por-furto-de-moto-em-estacionamento.ghtml
02/04/2018,produto,Gerente de supermercado em MS é presa por adulterar data de validade de produtos,22/05/2018 09:36,https://g1.globo.com/ms/mato-grosso-do-sul/noticia/gerente-de-supermercado-em-ms-e-presa-por-adulterar-data-de-validade-de-produtos.ghtml
02/04/2018,produto,Fiscalização apreende mais de 80 produtos vencidos em supermercado na Zona Centro-Oeste de Manaus,19/06/2018 16:58,https://g1.globo.com/am/amazonas/noticia/fiscalizacao-apreende-mais-de-80-produtos-vencidos-em-supermercado-na-zona-centro-oeste-de-manaus.ghtml
02/04/2018,falta,Com falta de combustível em Porto Velho morador abastece moto com álcool comprado em supermercado,26/05/2018 14:49,https://g1.globo.com/ro/rondonia/noticia/com-falta-de-combustivel-em-porto-velho-morador-abastece-moto-com-alcool-comprado-em-supermercado.ghtml
02/04/2018,produto,Dono de supermercado mostra produto erótico para cliente e caso vai parar na polícia em Uberaba,10/04/2018 11:40,https://g1.globo.com/mg/triangulo-mineiro/noticia/dono-de-supermercado-mostra-produto-erotico-para-cliente-e-caso-vai-parar-na-policia-em-uberaba.ghtml
02/04/2018,alimento,"Duas pessoas são presas e mais de 10 toneladas de alimentos, apreendidas em supermercado de Guaíba",10/04/2018 23:15,https://g1.globo.com/rs/rio-grande-do-sul/noticia/duas-pessoas-sao-presas-e-mais-de-10-toneladas-de-alimentos-apreendidas-em-supermercado-de-guaiba.ghtml
02/04/2018,acaba,Venezuelano é flagrado furtando biscoito e doces de supermercado em RR e acaba preso; ‘estava com fome’,28/04/2018 16:56,https://g1.globo.com/rr/roraima/noticia/venezuelano-e-flagrado-furtando-biscoito-e-doces-de-supermercado-em-rr-e-acaba-preso-estava-com-fome.ghtml
02/04/2018,produto,Denúncias de clientes levaram  polícia a supermercado com produtos vencidos; dona é multada em R$ 15 mil,22/05/2018 15:39,https://g1.globo.com/ms/mato-grosso-do-sul/noticia/denuncias-de-clientes-levaram-policia-a-supermercado-com-produtos-vencidos-dona-e-multada-em-r-15-mil.ghtml
02/04/2018,falta,Falta carne em supermercados do interior do ES,28/05/2018 20:55,https://g1.globo.com/es/espirito-santo/noticia/falta-carne-em-supermercados-do-interior-do-es.ghtml
02/04/2018,quantidade,"Supermercados voltam a receber alimentos, mas em pouca quantidade",29/05/2018 21:18,https://g1.globo.com/jornal-nacional/noticia/2018/05/supermercados-voltam-receber-alimentos-mas-em-pouca-quantidade.html
02/04/2018,falta,Falta de produtos aumenta 21% nos supermercados com a greve,28/05/2018 21:40,https://g1.globo.com/jornal-nacional/noticia/2018/05/falta-de-produtos-aumenta-21-nos-supermercados-com-greve.html
02/04/2018,alimento,Fiscalização apreende 950 kg de alimentos em supermercados em Florianópolis,27/04/2018 18:16,https://g1.globo.com/sc/santa-catarina/noticia/fiscalizacao-apreende-950-kg-de-alimentos-em-supermercados-em-florianopolis.ghtml
02/04/2018,abastecimento,"Abastecimento de combustível é normalizado, mas faltam produtos nos supermercados de Ubatuba",01/06/2018 16:56,https://g1.globo.com/sp/vale-do-paraiba-regiao/noticia/abastecimento-de-combustivel-e-normalizado-mas-faltam-produtos-nos-supermercados-de-ubatuba.ghtml
02/04/2018,abastecimento,Supermercados do RS estimam normalização total do abastecimento em duas semanas,04/06/2018 21:34,https://g1.globo.com/rs/rio-grande-do-sul/noticia/supermercados-do-rs-estimam-normalizacao-total-do-abastecimento-em-duas-semanas.ghtml
02/04/2018,limitar,Prefeito de Maringá confirma que vai limitar abertura de supermercados aos domingos,14/05/2018 16:37,https://g1.globo.com/pr/norte-noroeste/noticia/prefeito-de-maringa-confirma-que-vai-limitar-abertura-de-supermercados-aos-domingos.ghtml
02/04/2018,abastecimento,Greve dos caminhoneiros afeta abastecimento em supermercados e paralisa produção de frigoríficos,24/05/2018 20:05,https://g1.globo.com/economia/noticia/greve-dos-caminhoneiros-afeta-abastecimento-de-pereciveis-em-supermercados-e-paralisa-producao-de-frigorificos.ghtml
02/04/2018,dispara,Preços de frutas e verduras disparam em supermercados e feiras no ES,26/05/2018 11:13,https://g1.globo.com/es/espirito-santo/noticia/preco-das-frutas-e-verduras-disparam-em-supermercados-e-feiras-no-es.ghtml
02/04/2018,aumento,Preço do pão francês sofre aumento em supermercados e padarias de Petrolina,27/06/2018 11:35,https://g1.globo.com/pe/petrolina-regiao/noticia/preco-do-pao-frances-sofre-aumento-em-supermercados-e-padarias-de-petrolina.ghtml
02/04/2018,preço,"Diferença de preços entre supermercados de Fortaleza chega a 430%, diz Procon",30/05/2018 19:37,https://g1.globo.com/ce/ceara/noticia/diferenca-de-precos-entre-supermercados-de-fortaleza-chega-a-430-diz-procon.ghtml
02/04/2018,limitar,Procon de SC autoriza supermercados a limitarem quantidade de produtos por cliente,24/05/2018 21:57,https://g1.globo.com/sc/santa-catarina/noticia/procon-de-sc-autoriza-supermercados-a-limitarem-quantidade-de-produtos-por-cliente.ghtml
02/04/2018,limite,Supermercados com limite de produtos por cliente são alvo do Procon em RO,25/05/2018 16:10,https://g1.globo.com/ro/rondonia/noticia/supermercados-com-limite-de-produtos-por-cliente-sao-alvo-do-procon-em-ro.ghtml
02/04/2018,greve,"Mesmo com greve dos caminhoneiros, vendas nos supermercados crescem em maio, diz associação",29/06/2018 16:39,https://g1.globo.com/economia/noticia/mesmo-com-greve-dos-caminhoneiros-vendas-nos-supermercados-crescem-em-maio-diz-associacao.ghtml
02/04/2018,limitam,Supermercados limitam compras de produtos para não zerar estoque no Piauí,26/05/2018 19:07,https://g1.globo.com/pi/piaui/noticia/supermercados-limitam-compras-de-produtos-de-hortifruti-para-nao-zerar-estoque-no-piaui.ghtml
02/04/2018,abastecimento,"Feiras livres, supermercados e Ceasa continuam com problemas de abastecimento no Rio",28/05/2018 13:46,https://g1.globo.com/rj/rio-de-janeiro/noticia/feiras-livres-supermercados-e-ceasa-continuam-com-problemas-de-abastecimento-no-rio.ghtml
02/04/2018,itens,Procon autua três supermercados em Manaus e recolhe itens com validade vencida,24/04/2018 16:55,https://g1.globo.com/am/amazonas/noticia/procon-autua-tres-supermercados-em-manaus-e-recolhe-itens-com-validade-vencida.ghtml
02/04/2018,falta,Consumidores usam a criatividade para adequar cardápio por falta de alimentos em supermercados,31/05/2018 12:00,https://g1.globo.com/to/tocantins/noticia/consumidores-usam-a-criatividade-para-adequar-cardapio-por-falta-de-alimentos-em-supermercados.ghtml
02/04/2018,estoque,Estoques dos supermercados por atacado em Rondônia estão comprometidos devido aos bloqueios das estradas,25/05/2018 16:17,https://g1.globo.com/ro/rondonia/noticia/estoques-dos-supermercados-por-atacado-em-rondonia-estao-comprometidos-devido-aos-bloqueios-das-estradas.ghtml
02/04/2018,restrição,"Câmara de Maringá aprova, em 1ª discussão, restrição à abertura de supermercados aos domingos",20/04/2018 16:46,https://g1.globo.com/pr/norte-noroeste/noticia/camara-de-maringa-aprova-em-1-discussao-restricao-de-supermercados-aos-domingos.ghtml
02/04/2018,limitam,"Com greve de caminhoneiros, grandes supermercados limitam vendas de produtos a clientes na BA",25/05/2018 17:48,https://g1.globo.com/ba/bahia/noticia/com-greve-de-caminhoneiros-grandes-supermercados-limitam-vendas-de-produtos-a-clientes-na-ba.ghtml
02/04/2018,dispara,Preço da batata dispara e ajuda a puxar inflação nos supermercados em Presidente Prudente,11/04/2018 11:45,https://g1.globo.com/sp/presidente-prudente-regiao/noticia/preco-da-batata-dispara-e-ajuda-a-puxar-inflacao-nos-supermercados-em-presidente-prudente.ghtml
02/04/2018,compra,Rede de supermercados é condenada a indenizar jovens negros abordados por seguranças após compra,30/04/2018 17:57,https://g1.globo.com/rs/rio-grande-do-sul/noticia/rede-de-supermercados-e-condenada-a-indenizar-jovens-negros-abordados-por-segurancas-apos-compra.ghtml
02/04/2018,abastecimento,Supermercados e revendas do Sul de MG sofrem desabastecimento de produtos com protestos em rodovias,23/05/2018 20:11,https://g1.globo.com/mg/sul-de-minas/noticia/supermercados-e-revendas-do-sul-de-mg-sofrem-desabastecimento-de-produtos-com-protestos-em-rodovias.ghtml
02/04/2018,abastecido,"Mercado municipal e supermercados voltam a ser abastecidos em Poços de Caldas, MG",31/05/2018 14:30,https://g1.globo.com/mg/sul-de-minas/noticia/mercado-municipal-e-supermercados-voltam-a-ser-abastecidos-em-pocos-de-caldas-mg.ghtml
02/04/2018,abastecimento,"Paralisação de caminhoneiros afeta supermercados, órgãos públicos, e abastecimento de combustível no Pará",24/05/2018 17:21,https://g1.globo.com/pa/para/noticia/paralisacao-de-caminhoneiros-afeta-supermercados-orgao-publicos-e-abastecimento-de-combustivel-no-para.ghtml
02/04/2018,falta,"Falta de produtos faz preços dispararem na Ceasa, supermercados e feiras no ES",25/05/2018 17:25,https://g1.globo.com/es/espirito-santo/noticia/falta-de-produtos-faz-precos-dispararem-na-ceasa-supermercados-e-feiras-livres-do-es.ghtml
02/04/2018,abastecido,Supermercados do Pará ficam desabastecidos devido a protestos de caminhoneiros; mais serviços são prejudicados,23/05/2018 12:12,https://g1.globo.com/pa/para/noticia/supermercados-do-para-ficam-desabastecidos-devido-a-protestos-de-caminhoneiros-mais-servicos-sao-prejudicados.ghtml
02/04/2018,estoque,"Supermercados têm estoque médio de 15 dias para produtos não perecíveis, diz Abras",25/05/2018 19:43,https://g1.globo.com/economia/noticia/supermercados-podem-levar-ate-10-dias-para-normalizar-abastecimento-diz-abras.ghtml
02/04/2018,estoque,"Greve de caminhoneiros reflete em postos, atendimento de ambulâncias, produção de fábrica e estoque de supermercados",24/05/2018 21:23,https://g1.globo.com/sp/sao-carlos-regiao/noticia/greve-de-caminhoneiros-reflete-em-postos-atendimento-de-ambulancias-producao-de-fabrica-e-estoque-de-supermercados.ghtml
02/04/2018,greve,"Greve dos caminhoneiros completa 10 dias e deixa Goiás sem gás, com pouco combustível e menos ônibus",30/05/2018 19:27,https://g1.globo.com/go/goias/noticia/greve-dos-caminhoneiros-completa-10-dias-e-deixa-goias-sem-gas-com-pouco-combustivel-e-menos-onibus.ghtml
02/04/2018,estoque,Apas prevê 20 dias para normalização de estoques em supermercados da região de Ribeirão Preto,29/05/2018 15:17,https://g1.globo.com/sp/ribeirao-preto-franca/noticia/apas-preve-20-dias-para-normalizacao-de-estoques-em-supermercados-da-regiao-de-ribeirao-preto.ghtml
02/04/2018,alimento,Supermercados pedem ajuda do governo de SP para liberar caminhões de alimentos parados nas estradas,29/05/2018 19:36,https://g1.globo.com/sp/sao-paulo/noticia/supermercados-pedem-ajuda-do-governo-de-sp-para-liberar-alimentos-parados-nas-estradas.ghtml
02/04/2018,greve,"Supermercados de Salvador têm queda de 30% no faturamento com greve de caminhoneiros, estima associação",29/05/2018 22:59,https://g1.globo.com/ba/bahia/noticia/supermercados-de-salvador-tem-queda-de-30-no-faturamento-com-greve-de-caminhoneiros-estima-associacao.ghtml
02/04/2018,vazia,Bloqueios de caminhoneiros elevam preços de verduras e esvaziam prateleiras de supermercados no interior de Goiás,25/05/2018 14:54,https://g1.globo.com/go/goias/noticia/supermercados-de-goias-tem-falta-de-frios-e-verduras-por-causa-dos-bloqueios-de-caminhoneiros-em-rodovias.ghtml
02/04/2018,limite,Greve de caminhoneiros afeta entrega de alimentos e supermercados do ES trabalham com estoque no limite,24/05/2018 22:44,https://g1.globo.com/es/espirito-santo/noticia/greve-de-caminhoneiros-afeta-entrega-de-alimentos-e-supermercados-do-es-trabalham-com-estoque-no-limite.ghtml
02/04/2018,preço,Denúncia falando de ratos a preços abusivos leva força-tarefa a vistoria em supermercados de MS,28/05/2018 18:13,https://g1.globo.com/ms/mato-grosso-do-sul/noticia/denuncia-falando-de-ratos-a-precos-abusivos-leva-forca-tarefa-a-vistoria-em-hipermercados-de-ms.ghtml
02/04/2018,produto,"Supermercados e Ceasa ainda têm maioria dos produtos, mas situação preocupa para os próximos dias no RS",24/05/2018 20:31,https://g1.globo.com/rs/rio-grande-do-sul/noticia/supermercados-e-ceasa-ainda-tem-maioria-dos-produtos-mas-situacao-preocupa-para-os-proximos-dias-no-rs.ghtml
02/04/2018,alimento,Cubatão arrecada alimentos e oferece benefícios para a população,05/04/2018 08:45,https://g1.globo.com/sp/santos-regiao/noticia/cubatao-arrecada-alimentos-e-oferece-beneficios-para-a-populacao.ghtml
02/04/2018,alimento,Alimentos começam a chegar em maior número na Ceasa,31/05/2018 10:25,https://g1.globo.com/se/sergipe/noticia/alimentos-comecam-a-chegar-em-maior-numero-na-ceasa.ghtml
02/04/2018,alimento,Fundo Social de Rio Claro faz campanha de arrecadação de alimentos neste sábado,12/05/2018 12:32,https://g1.globo.com/sp/sao-carlos-regiao/noticia/fundo-social-de-rio-claro-faz-campanha-de-arrecadacao-de-alimentos-neste-sabado.ghtml
02/04/2018,paralisação,Sete pontos de interdições parciais nas rodovias do Pará marcam quarto dia de paralisação dos caminhoneiros,24/05/2018 18:46,https://g1.globo.com/pa/para/noticia/cinco-pontos-de-interdicoes-parciais-nas-rodovias-do-para-marcam-quarto-dia-de-paralisacao-dos-caminhoneiros.ghtml
02/04/2018,distribuição,"Greve de caminhoneiros afeta 5 rodovias, porto e distribuição de alimentos no ES",24/05/2018 21:58,https://g1.globo.com/es/espirito-santo/noticia/caminhoneiros-bloqueiam-entrada-de-produtores-na-ceasa-na-br-262-no-es.ghtml
02/04/2018,greve,Caminhoneiros mantêm greve e paralisação chega ao 5º dia em rodovias do Sul de MG,25/05/2018 13:38,https://g1.globo.com/mg/sul-de-minas/noticia/caminhoneiros-mantem-greve-e-paralisacao-chega-ao-5-dia-em-rodovias-do-sul-de-mg.ghtml
02/04/2018,preço,Greve dos caminhoneiros provoca elevação de preços de hortifruti em Santarém,28/05/2018 18:12,https://g1.globo.com/pa/santarem-regiao/noticia/greve-dos-caminhoneiros-provoca-elevacao-de-precos-de-hortifruti-em-santarem.ghtml
02/04/2018,termina,Perseguição com troca de tiros termina com viatura da PM e carro tombados em ribanceira,05/05/2018 18:05,https://g1.globo.com/pe/pernambuco/noticia/perseguicao-com-troca-de-tiros-termina-com-viatura-da-pm-e-carro-tombados-em-ribanceira.ghtml
02/04/2018,abastecimento,Carrefour orienta lojas a restringir compra a cinco unidades de cada produto para prevenir desabastecimento,24/05/2018 18:05,https://g1.globo.com/mg/minas-gerais/noticia/carrefour-restringe-compra-a-cinco-unidades-de-cada-produto-para-prevenir-desabastecimento.ghtml
02/04/2018,aumento,Festas Juninas movimentam setores e comércio espera aumento de 5% nas vendas em Cuiabá,16/06/2018 18:56,https://g1.globo.com/mt/mato-grosso/noticia/festas-juninas-movimentam-setores-e-comercio-espera-aumento-de-5-nas-vendas-em-cuiaba.ghtml
02/04/2018,corrida,"Sem combustível, taxistas recorrem a álcool etílico para fazer corridas em MG",24/05/2018 20:19,https://g1.globo.com/mg/sul-de-minas/noticia/sem-combustivel-taxistas-recorrem-a-alcool-etilico-para-fazer-corridas-em-mg.ghtml
02/04/2018,abastecimento,Consumidores reclamam de preços altos após problema com abastecimento,01/06/2018 15:36,https://g1.globo.com/ma/maranhao/noticia/consumidores-reclamam-de-precos-altos-apos-problema-com-abastecimento.ghtml
02/04/2018,preço,"Preço do milho verde em Natal diminui em relação a 2017, diz Procon",19/06/2018 18:04,https://g1.globo.com/rn/rio-grande-do-norte/noticia/preco-do-milho-verde-diminuiu-em-relacao-ao-ano-passado-diz-procon-natal.ghtml
02/04/2018,greve,"Greve de caminhoneiros paralisa mais da metade da produção de carne suína e de aves, diz associação",23/05/2018 19:21,https://g1.globo.com/economia/noticia/protesto-de-caminhoneiros-paralisa-mais-da-metade-da-producao-de-carne-suina-e-de-aves-diz-associacao.ghtml
02/04/2018,produto,Estabelecimentos são interditados e produtos apreendidos durante fiscalização em Miracema do Tocantins,12/05/2018 15:59,https://g1.globo.com/to/tocantins/noticia/estabelecimentos-sao-interditados-e-produtos-apreendidos-durante-fiscalizacao-em-miracema-do-tocantins.ghtml
02/04/2018,preço,Delegacia do Consumidor e Procon fazem operação em MT contra preços abusivos durante greve dos caminhoneiros,28/05/2018 15:54,https://g1.globo.com/mt/mato-grosso/noticia/delegacia-do-consumidor-e-procon-fazem-operacao-em-mt-contra-precos-abusivos-durante-greve-dos-caminhoneiros.ghtml
02/04/2018,alimento,Carrefour passa a vender eletrônicos e alimentos no mesmo site,24/04/2018 15:30,https://g1.globo.com/economia/noticia/carrefour-passa-a-vender-eletronicos-e-alimentos-no-mesmo-site.ghtml
02/04/2018,estoque,"Após greve, Minaspetro e gabinete de gestão de crise esperam normalização de estoques em Montes Claros em até 5 dias",31/05/2018 15:09,https://g1.globo.com/mg/grande-minas/noticia/apos-greve-minaspetro-e-gabinete-de-gestao-de-crise-esperam-normalizacao-de-estoques-em-montes-claros-em-ate-5-dias.ghtml
02/04/2018,produto,Entenda as funções de cada produto de limpeza e como usá-los de maneira correta,26/04/2018 10:53,https://g1.globo.com/sp/itapetininga-regiao/especial-publicitario/um/troque-todos-por-um/noticia/entenda-as-funcoes-de-cada-produto-de-limpeza-e-como-usa-los-de-maneira-correta.ghtml
02/04/2018,alimento,Quase 700 kg de alimentos são recolhidos em Florianópolis após fiscalização,20/04/2018 16:39,https://g1.globo.com/sc/santa-catarina/noticia/quase-700-kg-de-alimentos-sao-recolhidos-em-florianopolis-apos-fiscalizacao.ghtml
02/04/2018,paralisação,Paralisação completa quatro dias e deixa quase todos os postos sem gasolina em Palmas,24/05/2018 17:29,https://g1.globo.com/to/tocantins/noticia/de-50-postos-pelo-menos-34-estao-sem-gasolina-em-palmas.ghtml
02/04/2018,compra,Carrefour no DF limita compras a 5 unidades por produto devido à paralisação dos caminhoneiros,24/05/2018 16:44,https://g1.globo.com/df/distrito-federal/noticia/carrefour-no-df-limita-compras-a-5-unidades-por-produto-devido-a-paralisacao-dos-caminhoneiros.ghtml
02/04/2018,dispara,Aumentos nos preços da batata e do tomate fazem inflação disparar em Presidente Prudente,07/06/2018 11:17,https://g1.globo.com/sp/presidente-prudente-regiao/noticia/aumentos-nos-precos-da-batata-e-do-tomate-fazem-inflacao-disparar-em-presidente-prudente.ghtml
02/04/2018,aumento,Procon monitora redes sociais para coibir aumento de preços em postos de combustíveis em Divinópolis,29/05/2018 14:36,https://g1.globo.com/mg/centro-oeste/noticia/procon-monitora-redes-sociais-para-coibir-aumento-de-precos-em-postos-de-combustiveis-em-divinopolis.ghtml
02/04/2018,compra,Carrefour limita compras a 5 unidades por produto devido à paralisação dos caminhoneiros,24/05/2018 14:40,https://g1.globo.com/df/distrito-federal/noticia/carrefour-limita-clientes-a-comprar-ate-5-unidades-por-produto.ghtml
02/04/2018,greve,"Moradores ficam sem combustível e sem gás de cozinha em Sales Oliveira, SP, por causa da greve dos caminhoneiros",26/05/2018 20:04,https://g1.globo.com/sp/ribeirao-preto-franca/noticia/moradores-ficam-sem-combustivel-e-sem-gas-de-cozinha-em-sales-oliveira-sp-por-causa-da-greve-dos-caminhoneiros.ghtml
02/04/2018,falta,Gasolina só no dinheiro e falta de verduras já são reflexos da greve dos caminhoneiros em MS,23/05/2018 12:00,https://g1.globo.com/ms/mato-grosso-do-sul/noticia/gasolina-so-no-dinheiro-e-falta-de-verduras-empresarios-ja-sentem-reflexo-da-greve-dos-caminhoneiros.ghtml
02/04/2018,alimento,"Sem gás e alimentos, bares e restaurantes de Goiânia só têm material para funcionar por dois dias, diz Abrasel",29/05/2018 15:17,https://g1.globo.com/go/goias/noticia/sem-gas-e-alimentos-bares-e-restaurantes-de-goiania-so-tem-material-para-funcionar-por-dois-dias-diz-abrasel.ghtml
02/04/2018,abastecimento,"Alimentos, gás, transporte: Ribeirão Preto encerra semana com retomada gradativa de abastecimento e serviços",01/06/2018 21:25,https://g1.globo.com/sp/ribeirao-preto-franca/noticia/alimentos-gas-transporte-ribeirao-preto-encerra-semana-com-retomada-gradativa-de-abastecimento-e-servicos.ghtml
02/04/2018,preço,Comerciantes da Ceagesp em Ribeirão Preto estimam alimentos até 30% mais caros: 'mamão a preço de ouro',24/05/2018 16:18,https://g1.globo.com/sp/ribeirao-preto-franca/noticia/comerciantes-da-ceagesp-em-ribeirao-preto-estimam-alimentos-ate-30-mais-caros-mamao-a-preco-de-ouro.ghtml
02/04/2018,estoque,Pelo menos 12 distribuidoras de gás ficam sem estoque após greve dos caminhoneiros,24/05/2018 18:37,https://g1.globo.com/to/tocantins/noticia/pelo-menos-12-distribuidoras-de-gas-ficam-sem-estoque-apos-greve-dos-caminhoneiros.ghtml
02/04/2018,abastecimento,"Sem bloqueios em estradas, Rio tem reabastecimento de alimentos e poucas filas em posto de gasolina",31/05/2018 12:41,https://g1.globo.com/rj/rio-de-janeiro/noticia/rio-amanhece-sem-bloqueios-em-estradas-e-com-poucas-filas-em-postos-de-gasolina.ghtml
02/04/2018,estoque,"‘Estoquem comida, abasteçam seus carros’: notícias falsas alimentam pânico em meio à greve de caminhoneiros",24/05/2018 20:02,https://g1.globo.com/economia/noticia/estoquem-comida-abastecam-seus-carros-noticias-falsas-alimentam-panico-em-meio-a-greve-de-caminhoneiros.ghtml
02/07/2018,produto,Assaltantes estouram parede e furtam produtos e dinheiro de supermercado,14/07/2018 15:41,https://g1.globo.com/sp/sao-carlos-regiao/noticia/assaltantes-estouram-parede-e-furtam-produtos-e-dinheiro-de-supermercado.ghtml
02/07/2018,interditada,"Casas próximas a supermercado destruído em incêndio seguem interditadas, em Manaus",17/09/2018 18:50,https://g1.globo.com/am/amazonas/noticia/2018/09/17/casas-proximas-a-supermercado-destruido-em-incendio-seguem-interditadas-em-manaus.ghtml
02/07/2018,busca,Capivara ferida busca refúgio em estacionamento de supermercado de Campo Grande,26/09/2018 12:39,https://g1.globo.com/ms/mato-grosso-do-sul/noticia/2018/09/26/capivara-ferida-busca-refugiu-em-estacionamento-de-supermercado-de-campo-grande.ghtml
02/07/2018,fila,Esperança de emprego em supermercado leva 3 mil pessoas a megafila Bauru,23/07/2018 20:56,https://g1.globo.com/sp/bauru-marilia/noticia/2018/07/23/esperanca-de-emprego-em-supermercado-leva-3-mil-pessoas-a-megafila-bauru.ghtml
02/07/2018,defesa civil,Defesa Civil interdita casas vizinhas ao supermercado destruído por incêndio em Manaus,09/09/2018 16:30,https://g1.globo.com/am/amazonas/noticia/2018/09/09/defesa-civil-interdita-casas-vizinhas-ao-supermercado-destruido-por-incendio-em-manaus.ghtml
02/07/2018,fila,"Morre delegado baleado em 2015, na PB, após discussão em fila de supermercado",12/08/2018 14:42,https://g1.globo.com/pb/paraiba/noticia/2018/08/12/morre-delegado-baleado-em-2015-na-pb-apos-discussao-em-fila-de-supermercado.ghtml
02/07/2018,dispara,Arma dispara após assaltante tropeçar durante roubo a caixa de supermercado em Cuiabá,20/08/2018 09:16,https://g1.globo.com/mt/mato-grosso/noticia/2018/08/20/arma-dispara-apos-assaltante-tropecar-durante-roubo-a-caixa-de-supermercado-em-cuiaba.ghtml
02/07/2018,produto,Vigilância Sanitária de Suzano interdita supermercado suspeito de vender produtos vencidos no distrito de Palmeiras,20/09/2018 20:35,https://g1.globo.com/sp/mogi-das-cruzes-suzano/noticia/2018/09/20/vigilancia-sanitaria-de-suzano-interdita-supermercado-suspeito-de-vender-produtos-vencidos-no-distrito-de-palmeiras.ghtml
02/07/2018,termina,Tentativa de roubo a supermercado termina em troca de tiros na Zona Leste de SP,08/08/2018 08:01,https://g1.globo.com/sp/sao-paulo/noticia/2018/08/08/tentativa-de-roubo-a-supermercado-termina-em-troca-de-tiros-na-zona-leste-de-sp.ghtml
02/07/2018,fila,Candidatos esperam até 12 horas na fila por 200 vagas em supermercado em Ribeirão Preto,03/09/2018 13:01,https://g1.globo.com/sp/ribeirao-preto-franca/noticia/2018/09/03/candidatos-esperam-ate-12-horas-na-fila-por-200-vagas-em-supermercado-em-ribeirao-preto.ghtml
02/07/2018,produto,"Suspeita de furtar produtos em supermercado de Campos, RJ, se joga em canal para tentar fugir",18/07/2018 08:13,https://g1.globo.com/rj/norte-fluminense/noticia/2018/07/18/suspeita-de-furtar-produtos-em-supermercado-de-campos-rj-se-joga-em-canal-para-tentar-fugir.ghtml
02/07/2018,acaba,"Ladrões armados assaltam supermercado em Indiana, usam moto para fugir, mas acabam presos em Regente Feijó",01/08/2018 19:17,https://g1.globo.com/sp/presidente-prudente-regiao/noticia/2018/08/01/ladroes-armados-assaltam-supermercado-em-indiana-usam-moto-para-fugir-mas-acabam-presos-em-regente-feijo.ghtml
02/07/2018,produto,Operação prende 8 suspeitos de invadir supermercado em Cuiabá e levar R$ 500 mil em produtos eletrônicos,25/09/2018 10:37,https://g1.globo.com/mt/mato-grosso/noticia/2018/09/25/operacao-prende-8-suspeitos-de-invadir-supermercado-em-cuiaba-e-levar-r-500-mil-em-produtos-eletronicos.ghtml
02/07/2018,produto,Jovem esconde produtos de supermercado em carrinho do próprio filho e é detida em flagrante em RR,26/07/2018 20:16,https://g1.globo.com/rr/roraima/noticia/2018/07/26/jovem-esconde-produtos-de-supermercado-em-carrinho-do-proprio-filho-e-e-detida-em-flagrante-em-rr.ghtml
02/07/2018,falta,"Corpo de Bombeiros notifica unidades do supermercado Extra, em Petrópolis, RJ, por falta de certificado contra incêndio",24/07/2018 20:24,https://g1.globo.com/rj/regiao-serrana/noticia/2018/07/24/corpo-de-bombeiros-notifica-unidades-do-supermercado-extra-em-petropolis-rj-por-falta-de-certificado-contra-incendio.ghtml
02/07/2018,aumento,Família quer aumento da pena de homem que matou delegado na PB em briga por fila de supermercado,13/08/2018 14:49,https://g1.globo.com/ce/ceara/noticia/2018/08/13/familia-quer-aumento-da-pena-de-homem-que-matou-delegado-na-pb-em-briga-por-fila-de-supermercado.ghtml
02/07/2018,produto,"Quadrilha usa armas para roubar produtos de supermercado em Curvelo; entre os itens havia sorvete, tinta, chocolate e fraldas",16/08/2018 16:40,https://g1.globo.com/mg/grande-minas/noticia/2018/08/16/quadrilha-usa-armas-para-roubar-produtos-de-supermercado-em-curvelo-entre-os-itens-havia-sorvete-tinta-chocolate-e-fraldas.ghtml
02/07/2018,compra,Mês dos Pais: promoção do Norte Sul Plaza sorteia viagem com tudo pago e um ano de compras no supermercado,21/08/2018 11:21,https://g1.globo.com/ms/mato-grosso-do-sul/especial-publicitario/norte-sul-plaza/noticia/2018/08/21/mes-dos-pais-promocao-do-norte-sul-plaza-sorteia-viagem-com-tudo-pago-e-um-ano-de-compras-no-supermercado.ghtml
02/07/2018,compra,Amazon compra participação em rede de supermercados na Índia,21/09/2018 15:32,https://g1.globo.com/economia/tecnologia/noticia/2018/09/21/amazon-compra-participacao-em-rede-de-supermercados-na-india.ghtml
02/07/2018,aumento,Venezuela prende 34 gerentes de supermercados por aumento de preços,21/09/2018 08:35,https://g1.globo.com/economia/noticia/2018/09/21/venezuela-prende-34-gerentes-de-supermercados.ghtml
02/07/2018,preço,Aplicativo do Procon Fortaleza compara preços de 60 produtos em supermercados,11/09/2018 12:57,https://g1.globo.com/ce/ceara/noticia/2018/09/11/aplicativo-do-procon-fortaleza-compara-precos-de-produtos-de-60-supermercados.ghtml
02/07/2018,preço,Preços nos supermercados podem variar até 40% entre as regionais de Fortaleza,03/07/2018 13:33,https://g1.globo.com/ce/ceara/noticia/precos-nos-supermercados-podem-variar-ate-40-entre-as-regionais-de-fortaleza.ghtml
02/07/2018,produto,Lei obriga supermercados da PB a fixar informações em braille sobre produtos,07/09/2018 13:08,https://g1.globo.com/pb/paraiba/noticia/2018/09/07/lei-obriga-supermercados-da-pb-a-fixar-informacoes-em-braille-sobre-produtos.ghtml
02/07/2018,preço,"Pesquisa aponta deflação de 4,51% nos preços em supermercados de Presidente Prudente",07/08/2018 12:06,https://g1.globo.com/sp/presidente-prudente-regiao/noticia/2018/08/07/pesquisa-aponta-deflacao-de-451-nos-precos-em-supermercados-de-presidente-prudente.ghtml
02/07/2018,dispara,"Vendas de cerveja e carne nos supermercados disparam durante jogos do Brasil, diz Apas",04/07/2018 11:58,https://g1.globo.com/economia/noticia/vendas-de-cerveja-e-carne-nos-supermercados-disparam-durante-jogos-do-brasil-diz-apas.ghtml
02/07/2018,preço,"Preço do quilo do frango congelado em supermercados de Maringá varia 117%, aponta pesquisa",31/08/2018 12:28,https://g1.globo.com/pr/norte-noroeste/noticia/2018/08/31/preco-do-quilo-do-frango-congelado-em-supermercados-de-maringa-varia-117-aponta-pesquisa.ghtml
02/07/2018,produto,Projeto de lei que tramita na Câmara proíbe venda de produtos orgânicos em supermercados? Não é verdade!,04/07/2018 19:56,https://g1.globo.com/e-ou-nao-e/noticia/projeto-de-lei-que-tramita-na-camara-proibe-venda-de-produtos-organicos-em-supermercados-nao-e-verdade.ghtml
02/07/2018,termina,Lei determina que supermercados ofereçam carrinhos de compras adaptados às pessoas com deficiência em Juiz de Fora,17/09/2018 18:55,https://g1.globo.com/mg/zona-da-mata/noticia/2018/09/17/lei-determina-que-supermercados-oferecam-carrinhos-de-compras-adaptados-as-pessoas-com-deficiencia-em-juiz-de-fora.ghtml
02/07/2018,produto,Greve dos caminhoneiros leva à maior inflação mensal entre os produtos nos supermercados de SP; veja as maiores altas,17/07/2018 13:50,https://g1.globo.com/economia/educacao-financeira/noticia/greve-dos-caminhoneiros-leva-a-maior-inflacao-mensal-entre-os-produtos-nos-supermercados-de-sp-veja-os-que-mais-subiram.ghtml
02/07/2018,preço,"Regional VI tem os preços mais caros de Fortaleza, diz Procon",19/09/2018 14:02,https://g1.globo.com/ce/ceara/noticia/2018/09/19/regional-vi-tem-os-precos-mais-caros-de-fortaleza-diz-procon.ghtml
02/07/2018,preço,Preço da cesta básica tem redução de 18% no mês de junho em Londrina,02/07/2018 20:57,https://g1.globo.com/pr/norte-noroeste/noticia/preco-da-cesta-basica-tem-reducao-de-18-no-mes-de-junho-em-londrina.ghtml
02/07/2018,alimento,Pão de Açúcar incentiva o consumo de alimentos orgânicos,31/07/2018 21:54,https://g1.globo.com/especial-publicitario/pao-de-acucar/noticia/2018/07/31/pao-de-acucar-incentiva-o-consumo-de-alimentos-organicos.ghtml
02/07/2018,aumentar,Carrefour e Tesco se unem para reduzir custo e aumentar poder de compra,02/07/2018 10:10,https://g1.globo.com/economia/noticia/carrefour-e-tesco-se-unem-para-reduzir-custo-e-aumentar-poder-de-compra.ghtml
02/07/2018,preço,"Com queda de 30%, preço da cebola ajuda a provocar deflação na cesta básica em Presidente Prudente",21/08/2018 13:45,https://g1.globo.com/sp/presidente-prudente-regiao/noticia/2018/08/21/com-queda-de-30-preco-da-cebola-ajuda-a-provocar-deflacao-na-cesta-basica-em-presidente-prudente.ghtml
02/07/2018,preço,Pesquisa aponta variação de quase 300% no preço da batata em Presidente Prudente,07/09/2018 10:55,https://g1.globo.com/sp/presidente-prudente-regiao/noticia/2018/09/07/pesquisa-aponta-variacao-de-quase-300-no-preco-da-batata-em-presidente-prudente.ghtml
02/07/2018,preço,Preço do feijão está 47% mais barato revela estudo do Dieese-Pa,28/08/2018 23:08,https://g1.globo.com/pa/para/noticia/2018/08/28/preco-do-feijao-esta-47-mais-barato-revela-estudo-do-dieese-pa.ghtml
02/07/2018,preço,Preços de produtos para festas julinas têm variação de mais de 500% em Campo Grande,09/07/2018 16:34,https://g1.globo.com/ms/mato-grosso-do-sul/noticia/precos-de-produtos-para-festas-julinas-tem-variacao-de-mais-de-500-em-campo-grande.ghtml
02/07/2018,produto,Empório Dom Olívio inaugura em Jundiaí com atendimento 24h e produtos premium,20/09/2018 18:41,https://g1.globo.com/sp/sorocaba-jundiai/especial-publicitario/emporio-dom-olivio/noticia/2018/09/20/emporio-dom-olivio-inaugura-em-jundiai-com-atendimento-24h-e-produtos-premium.ghtml
02/07/2018,alimento,"Cerca de 10% dos alimentos à base de açaí no PA e RJ apresentaram DNA do parasito que transmite Chagas, diz Fiocruz",29/08/2018 16:14,https://g1.globo.com/pa/para/noticia/2018/08/29/cerca-de-10-dos-alimentos-a-base-de-acai-no-pa-e-rj-apresentaram-dna-do-parasito-que-transmite-chagas-diz-fiocruz.ghtml
02/07/2018,alimento,Cerca de 1 tonelada de alimentos impróprios é recolhida em Dois Irmãos,24/07/2018 18:13,https://g1.globo.com/rs/rio-grande-do-sul/noticia/2018/07/24/cerca-de-1-tonelada-de-alimentos-improprios-e-recolhida-em-dois-irmaos.ghtml
02/07/2018,fila,Desempregado pedala 20 km e passa 12 horas em fila para concorrer a emprego no interior de SP,23/07/2018 14:54,https://g1.globo.com/sp/bauru-marilia/noticia/2018/07/23/desempregado-pedala-20-km-e-passa-12-horas-em-fila-para-concorrer-a-emprego-no-interior-de-sp.ghtml
02/07/2018,preço,"Preço da cesta básica recua pelo 2º mês consecutivo no Vale em agosto, diz Nupes",10/09/2018 16:10,https://g1.globo.com/sp/vale-do-paraiba-regiao/noticia/2018/09/10/preco-da-cesta-basica-recua-pelo-2o-mes-consecutivo-no-vale-em-agosto-diz-nupes.ghtml
02/07/2018,fila,"Sob frio de 6ºC, centenas de pessoas esperam em fila de emprego em Arapongas",10/08/2018 09:46,https://g1.globo.com/pr/norte-noroeste/noticia/2018/08/10/centenas-de-pessoas-aguardam-em-fila-de-emprego-em-mercado-de-arapongas-ha-250-vagas-disponiveis.ghtml
02/07/2018,fila,Centenas de pessoas enfrentam frio e chuva em fila para vagas de emprego no RJ,07/08/2018 09:49,https://g1.globo.com/rj/rio-de-janeiro/noticia/2018/08/07/centenas-de-pessoas-enfrentam-frio-e-chuva-em-fila-para-vagas-de-emprego-no-rj.ghtml
02/07/2018,pânico,Brasileiros relatam pânico na espera pelo furacão que atingirá os Estados Unidos,13/09/2018 18:13,https://g1.globo.com/sp/santos-regiao/noticia/2018/09/13/brasileiros-relatam-panico-na-espera-pelo-furacao-que-atingira-os-estados-unidos.ghtml
02/07/2018,alimento,"Guarda localiza carga com 1,7 tonelada de alimentos roubada em Sumaré; dupla foge com caminhão",07/08/2018 16:08,https://g1.globo.com/sp/campinas-regiao/noticia/2018/08/07/guarda-localiza-carga-com-17-tonelada-de-alimentos-roubada-em-sumare-dupla-foge-com-caminhao.ghtml
02/07/2018,preço,Preço do feijão tem queda de quase 14% aponta Dieese,17/08/2018 13:04,https://g1.globo.com/pa/para/noticia/2018/08/17/preco-do-feijao-tem-queda-de-quase-14-aponta-dieese.ghtml
02/07/2018,acaba,"Fiscalização flagra furto de energia em 9 imóveis e homem acaba preso, na Zona Oeste de Manaus",19/07/2018 20:32,https://g1.globo.com/am/amazonas/noticia/2018/07/19/fiscalizacao-flagra-furto-de-energia-em-9-imoveis-e-homem-acaba-preso-na-zona-oeste-de-manaus.ghtml
01/10/2018,produto,Procon Manaus apreende produtos vencidos em supermercado na Zona Sul,09/11/2018 22:01,https://g1.globo.com/am/amazonas/noticia/2018/11/09/procon-manaus-apreende-produtos-vencidos-em-supermercado-na-zona-sul.ghtml
01/10/2018,produto,Dupla é presa por tentar furtar produtos de supermercado em Tatuí,02/10/2018 11:38,https://g1.globo.com/sp/itapetininga-regiao/noticia/2018/10/02/dupla-e-presa-por-tentar-furtar-produtos-de-supermercado-em-tatui.ghtml
01/10/2018,alimento,Vigilância Sanitária apreende 800 kg de alimentos vencidos em supermercado de SP,22/10/2018 18:28,https://g1.globo.com/sp/santos-regiao/noticia/2018/10/22/vigilancia-sanitaria-apreende-800-kg-de-alimentos-vencidos-em-supermercado-de-sp.ghtml
01/10/2018,produto,Procon encontra produtos vencidos em supermercado da capital após denúncias de clientes,20/11/2018 10:36,https://g1.globo.com/ms/mato-grosso-do-sul/noticia/2018/11/19/procon-encontra-produtos-vencidos-em-supermercado-da-capital-apos-denuncias-de-clientes.ghtml
01/10/2018,chuva,"Dois dias após inauguração, muro de supermercado de Fortaleza cai com fortes chuvas",30/11/2018 18:28,https://g1.globo.com/ce/ceara/noticia/2018/11/30/dois-dias-apos-inauguracao-muro-de-supermercado-de-fortaleza-cai-com-fortes-chuvas.ghtml
01/10/2018,chuva,"Temporal assusta clientes de supermercado atingido por chuva em Nova Friburgo, no RJ",01/12/2018 14:10,https://g1.globo.com/rj/regiao-serrana/noticia/2018/12/01/temporal-assusta-clientes-de-supermercado-atingido-por-chuva-em-nova-friburgo-no-rj.ghtml
01/10/2018,acaba,"Ladrão acaba pelado ao invadir supermercado pela janela, em Aparecida de Goiânia; vídeo",29/11/2018 16:40,https://g1.globo.com/go/goias/noticia/2018/11/29/ladrao-fica-pelado-ao-invadir-supermercado-pela-janela-para-furtar-video.ghtml
01/10/2018,fila,Clientes enfrentam tumulto e filas no aniversário do Supermercado Guanabara no RJ; fotos,19/10/2018 16:19,https://g1.globo.com/rj/rio-de-janeiro/noticia/2018/10/19/clientes-enfrentam-tumulto-e-filas-em-rede-de-supermercados-no-rj.ghtml
01/10/2018,termina,Justiça determina prisão preventiva de grupo que fez 40 reféns em supermercado no AP,27/11/2018 19:50,https://g1.globo.com/ap/amapa/noticia/2018/11/27/justica-determina-prisao-preventiva-de-grupo-que-fez-40-refens-em-supermercado-no-ap.ghtml
01/10/2018,compra,"Homem é preso após roubar R$ 2,3 mil de supermercado em que guarda municipal fazia compras",11/10/2018 14:07,https://g1.globo.com/sp/piracicaba-regiao/noticia/2018/10/11/homem-rouba-r-23-mil-de-supermercado-e-e-preso-em-limeira-video.ghtml
01/10/2018,produto,Polícia abre inquérito ao achar 213 produtos vencidos em supermercado da área nobre de Campo Grande,06/12/2018 16:32,https://g1.globo.com/ms/mato-grosso-do-sul/noticia/2018/12/06/policia-abre-inquerito-ao-achar-213-produtos-vencidos-em-supermercado-da-area-nobre-de-campo-grande.ghtml
01/10/2018,termina,Briga por carrinho de compras em supermercado termina com homem perfurado por chave de carro em MS,12/11/2018 19:00,https://g1.globo.com/ms/mato-grosso-do-sul/noticia/2018/11/12/briga-por-carrinho-de-compras-em-supermercado-termina-com-homem-perfurado-por-chave-de-carro-em-ms.ghtml
01/10/2018,preço,Preço do café continua em queda nos supermercados de Belém,22/11/2018 12:13,https://g1.globo.com/pa/para/noticia/2018/11/22/preco-do-cafe-continua-em-queda-nos-supermercados-de-belem.ghtml
01/10/2018,preço,"Supermercados da Regional VI têm preços mais elevados, mostra Procon",24/10/2018 14:13,https://g1.globo.com/ce/ceara/noticia/2018/10/24/supermercados-da-regional-vi-tem-precos-mais-elevados-mostra-procon.ghtml
01/10/2018,produto,Startup cria aplicativo para conferir produtos nas gôndolas dos supermercados,25/11/2018 07:22,https://g1.globo.com/economia/pme/pequenas-empresas-grandes-negocios/noticia/2018/11/25/startup-cria-aplicativo-para-conferir-produtos-nas-gondolas-dos-supermercados.ghtml
01/10/2018,preço,"Preços subiram 3,76% em dezembro nos supermercados de Fortaleza, diz Procon",10/12/2018 14:42,https://g1.globo.com/ce/ceara/noticia/2018/12/10/precos-subiram-376-em-dezembro-nos-supermercados-de-fortaleza-diz-procon.ghtml
01/10/2018,produto,Supermercados de Juiz de Fora já disponibilizam produtos típicos do Natal,15/11/2018 20:00,https://g1.globo.com/mg/zona-da-mata/noticia/2018/11/15/supermercados-de-juiz-de-fora-ja-disponibilizam-produtos-tipicos-do-natal.ghtml
01/10/2018,preço,"Pesquisa de preços constata deflação de 3,06% nos supermercados em Presidente Prudente",22/11/2018 13:00,https://g1.globo.com/sp/presidente-prudente-regiao/noticia/2018/11/22/pesquisa-de-precos-constata-deflacao-de-306-nos-supermercados-em-presidente-prudente.ghtml
01/10/2018,preço,"Pesquisa de preços aponta inflação de 1,02% nos supermercados em Presidente Prudente",23/10/2018 12:28,https://g1.globo.com/sp/presidente-prudente-regiao/noticia/2018/10/23/pesquisa-de-precos-aponta-inflacao-de-102-nos-supermercados-em-presidente-prudente.ghtml
01/10/2018,compra,'Olha o bolso': pesquisa ajuda a economizar nas compras em supermercados do Rio,18/10/2018 09:29,https://g1.globo.com/rj/rio-de-janeiro/noticia/2018/10/18/olha-o-bolso-pesquisa-ajuda-a-economizar-nas-compras-em-supermercados-do-rio.ghtml
01/10/2018,preço,Variação de preço dos produtos da ceia de Natal chega a 196% nos supermercados,19/12/2018 17:45,https://g1.globo.com/to/tocantins/noticia/2018/12/19/variacao-de-preco-dos-produtos-da-ceia-de-natal-chega-a-190-nos-supermercados.ghtml
01/10/2018,preço,Diferença de preços nos produtos de Natal chega a 150% nos supermercados de Piracicaba,22/12/2018 19:27,https://g1.globo.com/sp/piracicaba-regiao/noticia/2018/12/22/diferenca-de-precos-nos-produtos-de-natal-chega-a-150-nos-supermercados-de-piracicaba.ghtml
01/10/2018,fila,"Na véspera do Natal, açougues e supermercados ficam lotados e com filas em Araraquara",24/12/2018 20:07,https://g1.globo.com/sp/sao-carlos-regiao/noticia/2018/12/24/na-vespera-do-natal-acougues-e-supermercados-ficam-lotados-e-com-filas-em-araraquara.ghtml
01/10/2018,produto,Procon de São Carlos autua oito supermercados por produtos fora do prazo de validade,24/10/2018 21:36,https://g1.globo.com/sp/sao-carlos-regiao/noticia/2018/10/24/procon-de-sao-carlos-autua-oito-supermercados-por-produtos-fora-do-prazo-de-validade.ghtml
01/10/2018,produto,MP aciona supermercados por venda de produtos com resíduos de agrotóxicos na BA: 'Consumidores em perigo',23/10/2018 23:00,https://g1.globo.com/ba/bahia/noticia/2018/10/23/nove-redes-de-supermercados-sao-acionadas-por-vender-produtos-com-residuos-de-agrotoxicos-na-ba-consumidores-em-perigo.ghtml
01/10/2018,aumento,Donos de supermercados de Macapá preveem aumento de até 10% nas vendas de fim de ano,20/12/2018 20:30,https://g1.globo.com/ap/amapa/noticia/2018/12/20/donos-de-supermercados-de-macapa-preveem-aumento-de-ate-10-nas-vendas-de-fim-de-ano.ghtml
01/10/2018,dispara,Preço do quilo do tomate dispara e chega a R$ 7 em feiras e supermercados de Goiânia,19/10/2018 09:49,https://g1.globo.com/go/goias/noticia/2018/10/19/preco-do-quilo-do-tomate-dispara-e-chega-a-r-7-em-feiras-e-supermercados-de-goiania.ghtml
01/10/2018,busca,"Desempregados fazem grande fila em busca de trabalho em Petrópolis, no RJ",13/11/2018 16:13,https://g1.globo.com/rj/regiao-serrana/noticia/2018/11/13/desempregados-fazem-grande-fila-em-busca-de-trabalho-em-petropolis-no-rj.ghtml
01/10/2018,produto,Beneficiado em saidinha é preso ao tentar furtar produtos para 'fazer ceia' em Araraquara,24/12/2018 18:18,https://g1.globo.com/sp/sao-carlos-regiao/noticia/2018/12/24/beneficiado-em-saidinha-e-preso-ao-tentar-furtar-produtos-para-fazer-ceia-em-araraquara.ghtml
01/10/2018,preço,"Preço do alho, banana e cenoura varia mais de 200% em Fortaleza",12/11/2018 16:27,https://g1.globo.com/ce/ceara/noticia/2018/11/12/preco-do-alho-banana-e-cenoura-varia-mais-de-200-em-fortaleza.ghtml
01/10/2018,compra,Motorista de aplicativo e passageiro são mortos durante negociação para compra de arma em Fortaleza,19/12/2018 08:25,https://g1.globo.com/ce/ceara/noticia/2018/12/18/motorista-de-aplicativo-e-passageiro-sao-alvejados-em-estacionamento-de-supermercado-em-fortaleza.ghtml
01/10/2018,acaba,"Jovem rouba e agride idoso, tenta fugir pulando em córrego e acaba preso em Ribeirão Preto",06/10/2018 12:16,https://g1.globo.com/sp/ribeirao-preto-franca/noticia/2018/10/06/jovem-rouba-e-agride-idoso-tenta-fugir-pulando-em-corrego-e-acaba-preso-em-ribeirao-preto.ghtml
01/10/2018,compra,Especialista dá dicas de como evitar desperdício de alimentos com cuidados na compra e armazenamento dos produtos,04/11/2018 07:05,https://g1.globo.com/pr/parana/caminhos-do-campo/noticia/2018/11/04/especialista-da-dicas-de-como-evitar-desperdicio-de-alimentos-com-cuidados-na-compra-e-armazenamento-dos-produtos.ghtml
01/10/2018,preço,Prefeitura de Juiz de Fora divulga terceiro guia com preços de produtos natalinos,13/12/2018 18:21,https://g1.globo.com/mg/zona-da-mata/noticia/2018/12/13/prefeitura-de-juiz-de-fora-divulga-terceiro-guia-com-precos-de-produtos-natalinos.ghtml
31/12/2018,dispara,Bandidos assaltam supermercado e disparam contra funcionários em Timóteo,10/03/2019 10:08,https://g1.globo.com/mg/vales-mg/noticia/2019/03/10/bandidos-assaltam-supermercado-e-disparam-contra-funcionarios-em-timoteo.ghtml
31/12/2018,compra,Mogianos lotam supermercado na compra da ceia de Ano-Novo,31/12/2018 20:12,https://g1.globo.com/sp/mogi-das-cruzes-suzano/noticia/2018/12/31/mogianos-lotam-supermercado-na-compra-da-ceia-de-ano-novo.ghtml
31/12/2018,fila,"No DF, anúncio de emprego em supermercado provoca fila gigantesca",09/01/2019 21:34,https://g1.globo.com/jornal-nacional/noticia/2019/01/09/anuncio-de-emprego-em-supermercado-no-df-provoca-fila-gigantesca.ghtml
31/12/2018,chuva,Chuva forte deixa ruas alagadas e invade supermercado em Tupã,14/03/2019 21:19,https://g1.globo.com/sp/bauru-marilia/noticia/2019/03/14/chuva-forte-deixa-ruas-alagadas-e-invade-mercado-em-tupa.ghtml
31/12/2018,produto,Produtos impróprios para consumo são apreendidos em supermercado em Uberaba,12/02/2019 12:56,https://g1.globo.com/mg/triangulo-mineiro/noticia/2019/02/12/produtos-improprios-para-consumo-sao-apreendidos-em-supermercado-em-uberaba.ghtml
31/12/2018,comida,Alemãs são condenadas por retirar comida de lixo de supermercado,31/01/2019 10:10,https://g1.globo.com/mundo/noticia/2019/01/31/alemas-sao-condenadas-por-retirar-comida-de-lixo-de-supermercado.ghtml
31/12/2018,alagamento,"Chuva causa alagamentos e derruba teto de supermercado em Praia Grande, SP",18/01/2019 19:22,https://g1.globo.com/sp/santos-regiao/noticia/2019/01/18/chuva-causa-alagamentos-e-derruba-teto-de-supermercado-em-praia-grande-sp.ghtml
31/12/2018,pânico,Vídeo registra tiroteio e pânico em supermercado durante tentativa de roubo em SP,18/01/2019 05:19,https://g1.globo.com/sp/santos-regiao/noticia/2019/01/18/video-registra-tiroteio-e-panico-em-supermercado-durante-tentativa-de-roubo-em-sp.ghtml
31/12/2018,alimento,"Gerente de supermercado em Petrópolis, RJ é detido após ação flagrar alimentos vencidos",15/03/2019 12:32,https://g1.globo.com/rj/regiao-serrana/noticia/2019/03/15/gerente-de-supermercado-em-petropolis-rj-e-detido-apos-acao-flagrar-alimentos-vencidos.ghtml
31/12/2018,compra,Quem é você na hora de fazer compras no supermercado? Faça o teste!,28/03/2019 16:05,https://g1.globo.com/como-sera/interatividade/quiz/quem-e-voce-na-hora-de-fazer-compras-no-supermercado-faca-o-teste.ghtml
31/12/2018,fila,Anúncio de vaga em supermercado do DF gera fila com centenas de pessoas,09/01/2019 11:26,https://g1.globo.com/df/distrito-federal/noticia/2019/01/09/anuncio-de-vaga-em-supermercado-do-df-gera-fila-com-centenas-de-pessoas.ghtml
31/12/2018,fila,"Anúncio de emprego em supermercado gera fila de mil pessoas em Ceilândia, no DF",25/03/2019 16:36,https://g1.globo.com/df/distrito-federal/noticia/2019/03/25/anuncio-de-emprego-em-supermercado-gera-fila-de-mil-pessoas-em-ceilandia-no-df.ghtml
31/12/2018,produto,Funcionários de supermercado são socorridos após sofrerem queimaduras com produto químico em Campo Grande,23/02/2019 17:53,https://g1.globo.com/ms/mato-grosso-do-sul/noticia/2019/02/23/funcionarios-de-supermercado-sao-socorridos-apos-sofrerem-queimaduras-com-produto-quimico-em-campo-grande.ghtml
31/12/2018,interditado,Supermercado de São Carlos é interditado por usar água de poço artesiano sem tratamento,26/02/2019 19:54,https://g1.globo.com/sp/sao-carlos-regiao/noticia/2019/02/26/supermercado-de-sao-carlos-e-interditado-por-usar-agua-de-poco-artesiano-sem-tratamento.ghtml
31/12/2018,produto,Mulher é presa ao furtar R$ 460 em produtos de supermercado em São Carlos,18/01/2019 10:15,https://g1.globo.com/sp/sao-carlos-regiao/noticia/2019/01/18/mulher-e-presa-ao-furtar-r-460-em-produtos-de-um-supermercado-em-sao-carlos.ghtml
31/12/2018,produto,Dupla é flagrada por câmeras de segurança furtando produtos de supermercado em Boa Vista,07/03/2019 09:36,https://g1.globo.com/rr/roraima/noticia/2019/03/07/dupla-e-flagrada-por-cameras-de-seguranca-furtando-produtos-de-supermercado-em-boa-vista.ghtml
31/12/2018,fila,Supermercado do DF que gerou fila quilométrica após anúncio de emprego abre com 270 contratados,22/02/2019 11:48,https://g1.globo.com/df/distrito-federal/noticia/2019/02/22/supermercado-do-df-que-gerou-fila-quilometrica-apos-anuncio-de-emprego-abre-com-270-contratados.ghtml
31/12/2018,alimento,"Procon descarta 20 kg de alimentos impróprios para consumo em supermercado de Petrópolis, no RJ",22/02/2019 17:25,https://g1.globo.com/rj/regiao-serrana/noticia/2019/02/22/procon-descarta-20-kg-de-alimentos-improprios-para-consumo-em-supermercado-de-petropolis-no-rj.ghtml
31/12/2018,fila,"Oferta de emprego em supermercado forma fila de cerca de 3 mil pessoas, em Araucária",28/03/2019 10:49,https://g1.globo.com/pr/parana/noticia/2019/03/28/oferta-de-emprego-em-supermercado-forma-fila-de-cerca-de-3-mil-pessoas-em-araucaria.ghtml
31/12/2018,medo,"'Fiquei com medo de os assaltantes levarem minha esposa', diz idoso vítima de roubo em supermercado de Uberlândia",19/03/2019 13:26,https://g1.globo.com/mg/triangulo-mineiro/noticia/2019/03/19/fiquei-com-medo-de-os-assaltantes-levarem-minha-esposa-diz-idoso-vitima-de-roubo-em-supermercado-de-uberlandia.ghtml
31/12/2018,produto,Casal é preso em Boa Vista após furtar produtos em supermercado e esconder no carrinho de bebê do próprio filho,05/03/2019 17:45,https://g1.globo.com/rr/roraima/noticia/2019/03/05/casal-e-preso-em-boa-vista-apos-furtar-produtos-em-supermercado-e-esconder-no-carrinho-de-bebe-do-proprio-filho.ghtml
31/12/2018,preço,"Preços caem nos supermercados de Fortaleza, aponta pesquisa do Procon",12/02/2019 14:48,https://g1.globo.com/ce/ceara/noticia/2019/02/12/precos-caem-nos-supermercados-de-fortaleza-aponta-pesquisa-do-procon.ghtml
31/12/2018,preço,Preço das frutas cai até 50% nos supermercados de Gurupi,27/01/2019 14:26,https://g1.globo.com/to/tocantins/noticia/2019/01/27/preco-das-frutas-cai-ate-50-nos-supermercados-de-gurupi.ghtml
31/12/2018,produto,"Mais de 1,5 mil produtos vencidos são apreendidos pelo Procon em supermercados",18/03/2019 14:57,https://g1.globo.com/to/tocantins/noticia/2019/03/18/mais-de-15-mil-produtos-vencidos-sao-apreendidos-pelo-procon-em-supermercados.ghtml
31/12/2018,compra,Projeto de Lei proíbe supermercados de conferir compras após o pagamento em Uberlândia,14/03/2019 19:19,https://g1.globo.com/mg/triangulo-mineiro/noticia/2019/03/14/projeto-de-lei-proibe-supermercados-de-conferir-compras-apos-o-pagamento-em-uberlandia.ghtml
31/12/2018,produto,Vigilância flagra produtos vencidos em fábrica de rede de supermercados de Boa Vista,29/03/2019 13:13,https://g1.globo.com/rr/roraima/noticia/2019/03/29/vigilancia-flagra-produtos-vencidos-em-fabrica-de-rede-de-supermercados-de-boa-vista.ghtml
31/12/2018,aumento,"Preço da cesta básica tem aumento de 4,67% em supermercados de Presidente Prudente",02/03/2019 10:20,https://g1.globo.com/sp/presidente-prudente-regiao/noticia/2019/03/02/preco-da-cesta-basica-tem-aumento-de-467-em-supermercados-de-presidente-prudente.ghtml
31/12/2018,aumento,"Preços nos supermercados de Fortaleza têm maior aumento no ano, diz Procon",28/03/2019 15:15,https://g1.globo.com/ce/ceara/noticia/2019/03/28/precos-nos-supermercados-de-fortaleza-tem-maior-aumento-no-ano-diz-procon.ghtml
31/12/2018,aumento,Supermercados no AP estimam aumento de até 7% na venda de ovos de Páscoa,23/03/2019 16:18,https://g1.globo.com/ap/amapa/noticia/2019/03/23/supermercados-no-ap-estimam-aumento-de-ate-7percent-na-venda-de-ovos-de-pascoa.ghtml
31/12/2018,preço,"Presidente Prudente abre 2019 com inflação de 0,18% nos supermercados, aponta pesquisa de preços",25/01/2019 11:13,https://g1.globo.com/sp/presidente-prudente-regiao/noticia/2019/01/25/presidente-prudente-abre-2019-com-inflacao-de-018-nos-supermercados-aponta-pesquisa-de-precos.ghtml
31/12/2018,preço,Pesquisa do Procon aponta diferença nos preços de produtos da cesta básica em supermercados de Valadares,13/03/2019 15:55,https://g1.globo.com/mg/vales-mg/noticia/2019/03/13/pesquisa-do-procon-aponta-diferenca-nos-precos-de-produtos-da-cesta-basica-em-supermercados-de-valadares.ghtml
31/12/2018,dispara,Produtores de feijão no Sul de MG reduzem área plantada e preço dispara nos supermercados,23/02/2019 20:01,https://g1.globo.com/mg/sul-de-minas/noticia/2019/02/23/produtores-de-feijao-no-sul-de-mg-reduzem-area-plantada-e-preco-dispara-nos-supermercados.ghtml
31/12/2018,preço,"Preço do quilo da batata inglesa chega até R$6 nos supermercados e feiras de Petrolina, PE",16/03/2019 12:24,https://g1.globo.com/pe/petrolina-regiao/noticia/2019/03/16/preco-do-quilo-da-batata-inglesa-chega-ate-r6-nos-supermercados-e-feiras-de-petrolina-pe.ghtml
31/12/2018,compra,"‘Ovo vegano’, café para comer e compras sem caixa são novidades em feira de supermercados no Rio",20/03/2019 11:51,https://g1.globo.com/rj/rio-de-janeiro/noticia/2019/03/20/ovo-vegano-cafe-para-comer-e-compras-sem-caixa-sao-novidades-em-feira-de-supermercados-no-rio.ghtml
31/12/2018,produto,Produtores paranaenses investem na pitaia,13/01/2019 07:05,https://g1.globo.com/pr/parana/caminhos-do-campo/noticia/2019/01/13/produtores-paranaenses-investem-na-pitaia.ghtml
31/12/2018,epidemia,Epidemia de dengue em Araraquara gera número alto de atestados no comércio,08/02/2019 14:56,https://g1.globo.com/sp/sao-carlos-regiao/noticia/2019/02/08/epidemia-de-dengue-em-araraquara-gera-numero-alto-de-atestados-no-comercio.ghtml
31/12/2018,preço,MPF investiga Carrefour por vender combustível abaixo do preço de mercado na Paraíba,26/02/2019 18:06,https://g1.globo.com/pb/paraiba/noticia/2019/02/26/mpf-investiga-carrefour-por-vender-combustivel-abaixo-do-preco-de-mercado-na-paraiba.ghtml
31/12/2018,preço,"Pesquisa aponta queda de 3,61% nos preços dos produtos da cesta básica, em Presidente Prudente",08/02/2019 12:52,https://g1.globo.com/sp/presidente-prudente-regiao/noticia/2019/02/08/pesquisa-aponta-queda-de-361-nos-precos-dos-produtos-da-cesta-basica-em-presidente-prudente.ghtml
31/12/2018,alagamento,Tempestade em Marília causa alagamento e estragos,24/01/2019 23:06,https://g1.globo.com/sp/bauru-marilia/noticia/2019/01/24/tempestade-em-marilia-causa-alagamento-e-estragos.ghtml
31/12/2018,produto,De carnes nobres a produtos veganos: Empório Dom Olívio é um espaço para todos,23/01/2019 10:36,https://g1.globo.com/sp/sorocaba-jundiai/especial-publicitario/emporio-dom-olivio/noticia/2019/01/23/de-carnes-nobres-a-produtos-veganos-emporio-dom-olivio-e-um-espaco-para-todos.ghtml
31/12/2018,termina,Lojas de shoppings de Salvador abrem neste domingo após determinação da Justiça,10/02/2019 14:13,https://g1.globo.com/ba/bahia/noticia/2019/02/10/lojas-de-shoppings-de-salvador-abrem-neste-domingo-apos-determinacao-da-justica.ghtml
31/12/2018,alagamento,Chuva provoca alagamentos no Ipiranga e em cidades do ABC Paulista,18/01/2019 19:59,https://g1.globo.com/sp/sao-paulo/noticia/2019/01/18/chuva-deixa-regioes-de-sp-em-estado-de-atencao-para-alagamento.ghtml
31/12/2018,alimento,Feira no Rio mostra novidades tecnológicas no setor de alimentos,20/03/2019 20:51,https://g1.globo.com/jornal-nacional/noticia/2019/03/20/feira-no-rio-mostra-novidades-tecnologicas-no-setor-de-alimentos.ghtml
31/12/2018,aumentam,"Vendas aumentam em mercados da região de Itapetininga, aponta Abras",04/03/2019 07:48,https://g1.globo.com/sp/itapetininga-regiao/noticia/2019/03/04/vendas-aumentam-em-mercados-da-regiao-de-itapetininga-aponta-abras.ghtml
31/12/2018,medo,"Britânicos estocam de papel higiênico a analgésicos por medo do Brexit, diz varejista",13/03/2019 09:52,https://g1.globo.com/economia/noticia/2019/03/13/britanicos-estocam-de-papel-higienico-a-analgesicos-por-medo-do-brexit-varejista.ghtml
31/12/2018,chuva,"Chuva alaga ruas e deixa moradores ilhados em Atibaia, SP",05/01/2019 14:56,https://g1.globo.com/sp/vale-do-paraiba-regiao/noticia/2019/01/05/chuva-alaga-ruas-e-deixa-moradores-ilhados-em-atibaia-sp.ghtml
31/12/2018,aumento,"Preço da cesta básica tem aumento de 4,64% em fevereiro; feijão é o item com maior alta",08/03/2019 13:36,https://g1.globo.com/ro/rondonia/noticia/2019/03/08/preco-da-cesta-basica-tem-aumento-de-464-em-fevereiro-feijao-e-o-item-com-maior-alta.ghtml
31/12/2018,produto,Chocolate e outros produtos dos ovos de Páscoa estão até 20% mais caros em relação a 2018,28/03/2019 08:46,https://g1.globo.com/sp/sorocaba-jundiai/noticia/2019/03/28/chocolate-e-outros-produtos-dos-ovos-de-pascoa-estao-ate-20percent-mais-caros-em-relacao-a-2018.ghtml
31/12/2018,produto,Especialista em consumo de Mogi orienta sobre cuidados com validade dos produtos,29/01/2019 18:51,https://g1.globo.com/sp/mogi-das-cruzes-suzano/noticia/2019/01/29/especialista-em-consumo-de-mogi-orienta-sobre-cuidados-com-validade-dos-produtos.ghtml
31/12/2018,aumento,Epidemia de dengue provoca aumento na venda de repelentes em Bauru,28/01/2019 10:41,https://g1.globo.com/sp/bauru-marilia/noticia/2019/01/28/epidemia-de-dengue-provoca-aumento-na-venda-de-repelentes-em-bauru.ghtml
31/12/2018,aumento,"Preço do feijão tem aumento recorde, aponta Dieese",10/02/2019 19:41,https://g1.globo.com/pa/para/noticia/2019/02/10/preco-do-feijao-tem-aumento-recorde-aponta-dieese.ghtml
31/12/2018,preço,Feijão tem alta de mais de 50% desde janeiro e consumidores de Petrolina reclamam do preço,08/02/2019 08:43,https://g1.globo.com/pe/petrolina-regiao/noticia/2019/02/01/feijao-tem-alta-de-mais-de-50-desde-janeiro-e-consumidores-de-petrolina-reclamam-do-preco-do-alimento.ghtml
31/12/2018,preço,"Preço do quilo do pão francês varia mais de R$ 5 em João Pessoa, diz Procon",18/03/2019 17:44,https://g1.globo.com/pb/paraiba/noticia/2019/03/18/preco-do-quilo-do-pao-frances-varia-mais-de-r-5-em-joao-pessoa-diz-procon.ghtml
31/12/2018,preço,"Preço da carne varia 94% em João Pessoa, de acordo com o Procon",22/03/2019 17:08,https://g1.globo.com/pb/paraiba/noticia/2019/03/22/preco-da-carne-varia-94percent-em-joao-pessoa-de-acordo-com-o-procon.ghtml
31/12/2018,acaba,"Após furtar, homem dorme na rua, é roubado por outro ladrão e acaba preso em RR: 'estava cansado'",09/02/2019 15:03,https://g1.globo.com/rr/roraima/noticia/2019/02/09/apos-furtar-homem-dorme-na-rua-e-roubado-por-outro-ladrao-e-acaba-preso-em-rr-estava-cansado.ghtml
31/12/2018,pânico,Cobra provoca pânico após invadir mercado em horário de pico em SP,25/03/2019 07:16,https://g1.globo.com/sp/santos-regiao/noticia/2019/03/25/cobra-provoca-panico-apos-invadir-mercado-em-horario-de-pico-em-sp.ghtml
31/12/2018,fila,Anúncio de 60 vagas de emprego para operador de loja causa fila em Campinas,01/03/2019 13:14,https://g1.globo.com/sp/campinas-regiao/concursos-e-emprego/noticia/2019/03/01/anuncio-de-60-vagas-de-emprego-para-operador-de-loja-causa-fila-em-campinas.ghtml
01/04/2019,termina,Perseguição policial em Cascavel termina em estacionamento de supermercado,17/05/2019 12:18,https://g1.globo.com/pr/oeste-sudoeste/noticia/2019/05/17/perseguicao-policial-em-cascavel-termina-em-estacionamento-de-mercado.ghtml
01/04/2019,estoque,Bombeiros tentam controlar incêndio em estoque de supermercado em MT,24/04/2019 16:21,https://g1.globo.com/mt/mato-grosso/noticia/2019/04/24/bombeiros-tentam-controlar-incendio-em-estoque-de-supermercado-em-mt.ghtml
01/04/2019,fila,Desempregados fazem grande fila por uma vaga em supermercado de SP,24/04/2019 13:30,https://g1.globo.com/sp/sao-paulo/noticia/2019/04/24/desempregados-fazem-grande-fila-por-uma-vaga-em-supermercado-de-sp.ghtml
01/04/2019,alimento,Alimentos vencidos são apreendidos em supermercado na Zona Centro-Sul de Manaus,24/04/2019 19:30,https://g1.globo.com/am/amazonas/noticia/2019/04/24/alimentos-vencidos-sao-apreendidos-em-supermercado-na-zona-centro-sul-de-manaus.ghtml
01/04/2019,acaba,"Quarteto tenta arrombar caixas eletrônicos, assalta supermercado e acaba preso em Fortaleza",02/04/2019 10:31,https://g1.globo.com/ce/ceara/noticia/2019/04/02/quarteto-tenta-arrombar-caixas-eletronicos-assalta-supermercado-e-acaba-preso-em-fortaleza.ghtml
01/04/2019,alimento,Procon multa supermercado de Manaus por venda de alimentos impróprios para consumo,16/05/2019 12:32,https://g1.globo.com/am/amazonas/noticia/2019/05/16/procon-multa-supermercado-de-manaus-por-venda-de-alimentos-improprios-para-consumo.ghtml
01/04/2019,interdição,"MPPA pede a interdição de supermercado com risco de incêndio, em Ananindeua",05/04/2019 15:18,https://g1.globo.com/pa/para/noticia/2019/04/05/mppa-pede-a-interdicao-de-supermercado-com-risco-de-incendio-em-ananindeua.ghtml
01/04/2019,alimento,Supermercado é lacrado por má conservação de alimentos em São João de Meriti,10/06/2019 19:41,https://g1.globo.com/rj/rio-de-janeiro/noticia/2019/06/10/supermercado-e-lacrado-por-ma-conservacao-de-alimentos-em-sao-joao-de-meriti.ghtml
01/04/2019,abastecer,"Funcionários de supermercado têm R$ 84,9 mil roubados ao abastecer carro em Igarapava, SP",16/04/2019 11:38,https://g1.globo.com/sp/ribeirao-preto-franca/noticia/2019/04/16/funcionarios-de-supermercado-tem-r-849-mil-roubados-ao-abastecer-carro-em-igarapava-sp.ghtml
01/04/2019,abastecimento,"Supermercado é notificado em flagrante por ligação irregular de abastecimento de água, em Manaus",23/05/2019 21:52,https://g1.globo.com/am/amazonas/noticia/2019/05/23/supermercado-e-notificado-em-flagrante-por-ligacao-irregular-de-abastecimento-de-agua-em-manaus.ghtml
01/04/2019,produto,Homem é preso com 6 malas de produtos roubados de supermercado em Poços de Caldas,03/05/2019 12:59,https://g1.globo.com/mg/sul-de-minas/noticia/2019/05/03/homem-e-preso-com-6-malas-de-produtos-roubados-de-supermercado-em-pocos-de-caldas.ghtml
01/04/2019,termina,Tiroteio durante tentativa de assalto a carro-forte em supermercado de Cuiabá termina em mortes,10/05/2019 18:26,https://g1.globo.com/mt/mato-grosso/noticia/2019/05/10/tentativa-de-ataque-a-carro-forte-em-supermercado-de-cuiaba-termina-em-mortes.ghtml
01/04/2019,termina,Dupla que manteve 10 reféns em supermercado no DF vai ficar presa por tempo indeterminado,08/04/2019 17:15,https://g1.globo.com/df/distrito-federal/noticia/2019/04/08/dupla-que-manteve-refens-em-supermercado-no-df-vai-ficar-presa-por-tempo-indeterminado.ghtml
01/04/2019,fila,Suspeito de matar homem durante briga em fila de supermercado é preso em Cidade Ocidental,14/06/2019 16:26,https://g1.globo.com/go/goias/noticia/2019/06/14/suspeito-de-matar-homem-durante-briga-em-fila-de-supermercado-e-preso-em-cidade-ocidental.ghtml
01/04/2019,alimento,Mais de 300 kg de alimentos irregulares são apreendidos em supermercado na Z. Oeste de Manaus,15/04/2019 23:47,https://g1.globo.com/am/amazonas/noticia/2019/04/15/mais-de-300-kg-de-alimentos-irregulares-sao-apreendidos-em-supermercado-na-z-oeste-de-manaus.ghtml
01/04/2019,compra,Procon lota 5 carrinhos de compras com produtos vencidos ao fazer vistoria em supermercado de MS,25/06/2019 09:50,https://g1.globo.com/ms/mato-grosso-do-sul/noticia/2019/06/25/procon-lota-5-carrinhos-de-compras-com-produtos-vencidos-ao-fazer-vistoria-em-supermercado-de-ms.ghtml
01/04/2019,fila,"Candidatos passam a madrugada em fila para seleção de emprego em supermercado, em Fazenda Rio Grande",11/04/2019 12:09,https://g1.globo.com/pr/parana/noticia/2019/04/11/candidatos-passam-a-madrugada-em-fila-para-selecao-de-emprego-em-supermercado-em-fazenda-rio-grande.ghtml
01/04/2019,produto,Moradores de rua retiram de caminhão do lixo produtos descartados por supermercado em Olinda; veja vídeo,12/06/2019 08:50,https://g1.globo.com/pe/pernambuco/noticia/2019/06/11/moradores-de-rua-retiram-de-caminhao-do-lixo-produtos-descartados-por-supermercado-em-olinda-veja-video.ghtml
01/04/2019,produto,Mais de 20 tipos de produtos vencidos são apreendidos em supermercado na Zona Centro-Sul de Manaus,07/05/2019 18:35,https://g1.globo.com/am/amazonas/noticia/2019/05/07/mais-de-20-tipos-de-produtos-vencidos-sao-apreendidos-em-supermercado-na-zona-centro-sul-de-manaus.ghtml
01/04/2019,alimento,"Onze quilos de alimentos impróprios para consumo são descartados pelo Procon em supermercado de Petrópolis, no RJ",26/06/2019 12:28,https://g1.globo.com/rj/regiao-serrana/noticia/2019/06/26/onze-quilos-de-alimentos-improprios-para-consumo-sao-descartados-pelo-procon-em-supermercado-de-petropolis-no-rj.ghtml
01/04/2019,fila,"Fila por vagas em supermercado contorna quarteirão e faz candidatos dormirem na calçada, em Valparaíso de Goiás",17/05/2019 21:34,https://g1.globo.com/go/goias/noticia/2019/05/17/fila-por-vagas-em-supermercado-contorna-quarteirao-e-faz-candidatos-dormirem-na-calcada-em-valparaiso-de-goias.ghtml
01/04/2019,produto,"Três pessoas são detidas ao saírem de supermercado com carne, uísque e outros produtos furtados em MT",16/06/2019 10:28,https://g1.globo.com/mt/mato-grosso/noticia/2019/06/16/tres-pessoas-sao-detidas-ao-sairem-de-supermercado-com-carne-uisque-e-outros-produtos-furtados-em-mt.ghtml
01/04/2019,compra,"Mulher percebe que está sendo filmada durante compras, chama polícia e suspeito é preso em supermercado de MT",13/06/2019 15:30,https://g1.globo.com/mt/mato-grosso/noticia/2019/06/13/mulher-percebe-que-esta-sendo-filmada-durante-compras-chama-policia-e-suspeito-e-preso-em-supermercado-de-mt.ghtml
01/04/2019,preço,"Preço dos produtos sobe 2,03% em junho nos supermercados de Fortaleza",28/06/2019 15:28,https://g1.globo.com/ce/ceara/noticia/2019/06/28/preco-dos-produtos-sobe-203percent-em-junho-nos-supermercados-de-fortaleza.ghtml
01/04/2019,alimento,Procon apreende mais de 1 tonelada de alimentos em supermercados de Manaus,22/05/2019 10:58,https://g1.globo.com/am/amazonas/noticia/2019/05/22/procon-apreende-mais-de-1-tonelada-de-alimentos-em-supermercados-de-manaus.ghtml
01/04/2019,preço,"Variação de preços chega a 379,2% em supermercados de Juiz de Fora",25/05/2019 19:40,https://g1.globo.com/mg/zona-da-mata/noticia/2019/05/25/variacao-de-precos-chega-a-3792percent-em-supermercados-de-juiz-de-fora.ghtml
01/04/2019,compra,Procon de Uberlândia fiscalizará supermercados que revistam clientes após pagamento das compras,10/04/2019 18:14,https://g1.globo.com/mg/triangulo-mineiro/noticia/2019/04/10/procon-de-uberlandia-fiscalizara-supermercados-que-revistam-clientes-apos-pagamento-das-compras.ghtml
01/04/2019,preço,Preço do tomate fica mais caro em feiras e supermercados da Grande Vitória,06/04/2019 12:53,https://g1.globo.com/es/espirito-santo/noticia/2019/04/06/preco-do-tomate-fica-mais-caro-em-feiras-e-supermercados-da-grande-vitoria.ghtml
01/04/2019,compra,Rede de supermercados indeniza ex-jogador de basquete seguido por segurança durante compras,17/04/2019 09:15,https://g1.globo.com/sp/piracicaba-regiao/noticia/2019/04/17/rede-de-supermercados-indeniza-ex-jogador-de-basquete-seguido-por-seguranca-durante-compras.ghtml
01/04/2019,alimento,"Mais de 35 kg de alimentos vencidos são apreendidos em supermercados durante fiscalização, em Manaus",07/05/2019 23:11,https://g1.globo.com/am/amazonas/noticia/2019/05/07/mais-de-35-kg-de-alimentos-vencidos-sao-apreendidos-em-supermercados-durante-fiscalizacao-em-manaus.ghtml
01/04/2019,crise,Crise na Argentina: por que é preciso ir a 3 supermercados para comprar um produto,12/05/2019 16:36,https://g1.globo.com/economia/noticia/2019/05/12/crise-na-argentina-por-que-e-preciso-ir-a-3-supermercados-para-comprar-um-produto.ghtml
01/04/2019,preço,"Preços de vinhos variam quase 130% em supermercados de João Pessoa, diz Procon",03/04/2019 18:20,https://g1.globo.com/pb/paraiba/noticia/2019/04/03/precos-de-vinhos-variam-quase-130percent-em-supermercados-de-joao-pessoa-diz-procon.ghtml
01/04/2019,comida,Supermercados de Sorocaba oferecem comida pronta e são opção para os fins de semana,15/06/2019 17:51,https://g1.globo.com/sp/sorocaba-jundiai/noticia/2019/06/15/supermercados-de-sorocaba-oferecem-comida-pronta-e-sao-opcao-para-os-fins-de-semana.ghtml
01/04/2019,produto,"Operação prende 10 pessoas por venda de produtos vencidos em supermercados, em Nova Londrina",07/06/2019 10:55,https://g1.globo.com/pr/norte-noroeste/noticia/2019/06/07/operacao-prende-10-pessoas-por-venda-de-produtos-vencidos-em-supermercados-em-nova-londrina.ghtml
01/04/2019,fila,Moradores de Paulínia fazem fila por emprego em rede de supermercados que anunciou 160 vagas,21/05/2019 10:03,https://g1.globo.com/sp/campinas-regiao/concursos-e-emprego/noticia/2019/05/21/moradores-de-paulinia-fazem-fila-por-emprego-em-rede-de-supermercados-que-anunciou-160-vagas.ghtml
01/04/2019,fila,Moradores de Ituiutaba fazem fila em frente ao Sine após rede de supermercados divulgar vagas,04/06/2019 12:29,https://g1.globo.com/mg/triangulo-mineiro/concursos-e-emprego/noticia/2019/06/04/moradores-de-ituiutaba-fazem-fila-em-frente-ao-sine-apos-rede-de-supermercados-divulgar-vagas.ghtml
01/04/2019,produto,Pesquisa do Procon mostra variação de até 302% no mesmo produto em supermercados de Fortaleza,30/04/2019 15:03,https://g1.globo.com/ce/ceara/noticia/2019/04/30/pesquisa-do-procon-mostra-variacao-de-ate-302percent-no-mesmo-produto-em-supermercados-de-fortaleza.ghtml
01/04/2019,produto,"Pesquisa de Páscoa aponta diferença de R$ 26,50 em mesmo produto em supermercados diferentes de Manaus",13/04/2019 17:35,https://g1.globo.com/am/amazonas/noticia/2019/04/13/pesquisa-de-pascoa-aponta-diferenca-de-r-2650-em-mesmo-produto-em-supermercados-diferentes-de-manaus.ghtml
01/04/2019,preço,"Preço do ovo de galinha está 4,13% mais caro nos supermercados de São Carlos, segundo a Apas",06/04/2019 15:28,https://g1.globo.com/sp/sao-carlos-regiao/noticia/2019/04/06/preco-do-ovo-de-galinha-esta-413percent-mais-caro-nos-supermercados-de-sao-carlos-segundo-a-apas.ghtml
01/04/2019,compra,Alep aprova projeto que obriga donos de supermercados a higienizar carrinhos e cestas de compras a cada 15 dias,28/06/2019 14:56,https://g1.globo.com/pr/parana/noticia/2019/06/28/alep-aprova-projeto-que-obrigada-donos-de-supermercados-a-higienizar-carrinhos-e-cestas-de-compras-a-cada-15-dias.ghtml
01/04/2019,preço,Pesquisa mostra variação de até 72% nos preços dos chocolates em Ponta Grossa,17/04/2019 21:14,https://g1.globo.com/pr/campos-gerais-sul/noticia/2019/04/17/pesquisa-mostra-variacao-de-ate-72percent-nos-precos-dos-chocolates-em-ponta-grossa.ghtml
01/04/2019,produto,"Homem é preso com roupas, sandálias e celulares roubados de comércios em Manaus; produtos seriam revendidos",18/05/2019 10:11,https://g1.globo.com/am/amazonas/noticia/2019/05/18/homem-e-preso-com-roupas-sandalias-e-celulares-roubados-de-comercios-em-manaus-produtos-seriam-revendidos.ghtml
01/04/2019,preço,"Preço da cesta básica pode variar até R$ 50 em Macapá, aponta Procon; compare itens",14/04/2019 07:55,https://g1.globo.com/ap/amapa/noticia/2019/04/14/preco-da-cesta-basica-pode-variar-ate-r-50-em-macapa-aponta-procon-compare-itens.ghtml
01/04/2019,produto,Produtos para festas juninas e namorados são fiscalizados pelo Procon em Macapá,05/06/2019 16:51,https://g1.globo.com/ap/amapa/noticia/2019/06/05/produtos-para-festas-juninas-e-namorados-sao-fiscalizados-pelo-procon-em-macapa.ghtml
01/04/2019,alimento,"Aproximadamente 100 kg de alimentos impróprios para o consumo são descartados em Petrópolis, no RJ",28/05/2019 19:42,https://g1.globo.com/rj/regiao-serrana/noticia/2019/05/28/aproximadamente-100-kg-de-alimentos-improprios-para-o-consumo-sao-descartados-em-petropolis-no-rj.ghtml
01/04/2019,termina,"Tentativa de sequestro termina com uma motociclista atropelada em Iguape, SP",03/05/2019 18:07,https://g1.globo.com/sp/santos-regiao/noticia/2019/05/03/tentativa-de-sequestro-termina-com-uma-motociclista-atropelada-em-iguape-sp.ghtml
01/04/2019,produto,Produtos do universo pet em promoção,07/05/2019 11:23,https://g1.globo.com/sp/piracicaba-regiao/especial-publicitario/coop/noticia/2019/05/07/produtos-do-universo-pet-em-promocao.ghtml
01/04/2019,produto,Grupo suspeito de receptação é detido pela polícia em Barbacena; veículos e produtos foram apreendidos,15/04/2019 13:29,https://g1.globo.com/mg/zona-da-mata/noticia/2019/04/15/grupo-suspeito-de-receptacao-e-detido-pela-policia-em-barbacena-veiculos-e-produtos-foram-apreendidos.ghtml
01/04/2019,preço,"Variação de preços de ovos de Páscoa em Santa Bárbara d'Oeste chega a 199%, diz Procon",17/04/2019 19:03,https://g1.globo.com/sp/piracicaba-regiao/noticia/2019/04/17/variacao-de-precos-de-ovos-de-pascoa-em-santa-barbara-doeste-chega-a-199percent-diz-procon.ghtml
01/04/2019,preço,"Preço do peixe varia até 181,79% em Campo Grande, aponta pesquisa do Procon/MS",16/04/2019 13:21,https://g1.globo.com/ms/mato-grosso-do-sul/noticia/2019/04/16/preco-do-peixe-varia-ate-18179percent-em-campo-grande-aponta-pesquisa-do-proconms.ghtml
01/04/2019,comida,"Retirada de comida de dentro de caminhão de lixo em Olinda ocorre há meses, segundo testemunhas",13/06/2019 11:35,https://g1.globo.com/pe/pernambuco/noticia/2019/06/12/retirada-de-comida-de-dentro-de-caminhao-de-lixo-em-olinda-ocorre-ha-meses-segundo-testemunhas.ghtml
01/04/2019,abastecimento,"Abastecimento de alimentos deve ser afetado após queda de ponte na Alça Viária, diz Dieese",09/04/2019 12:23,https://g1.globo.com/pa/para/noticia/2019/04/09/abastecimento-de-alimentos-deve-ser-afetado-apos-queda-de-ponte-na-alca-viaria-diz-dieese.ghtml
01/04/2019,reposição,"Jovem empresta moto do irmão, quebra retrovisor e furta peça de outro veículo para fazer a reposição",19/04/2019 19:51,https://g1.globo.com/sp/presidente-prudente-regiao/noticia/2019/04/19/jovem-empresta-moto-do-irmao-quebra-retrovisor-e-furta-peca-de-outro-veiculo-para-fazer-a-reposicao.ghtml
01/07/2019,produto,Procon recolhe produtos vencidos em supermercado na Avenida Caxangá,19/08/2019 18:13,https://g1.globo.com/pe/pernambuco/noticia/2019/08/19/procon-recolhe-produtos-vencidos-em-supermercado-na-avenida-caxanga.ghtml
01/07/2019,fila,Centenas formam longa fila por 35 vagas em supermercado de Américo Brasiliense,27/09/2019 20:39,https://g1.globo.com/sp/sao-carlos-regiao/noticia/2019/09/27/centenas-formam-longa-fila-por-35-vagas-em-supermercado-de-americo-brasiliense.ghtml
01/07/2019,produto,Procon lacra supermercado por venda de produtos com prazo vencido em Lins,19/07/2019 15:33,https://g1.globo.com/sp/bauru-marilia/noticia/2019/07/19/procon-lacra-supermercado-por-venda-de-produtos-com-prazo-vencido-em-lins.ghtml
01/07/2019,estoque,"Supermercado em Patos, PB, tem estoque interditado por causa de condições sanitárias",10/07/2019 19:17,https://g1.globo.com/pb/paraiba/noticia/2019/07/10/supermercado-em-patos-pb-tem-estoque-interditado-por-causa-de-condicoes-sanitarias.ghtml
01/07/2019,alimento,Gerente e sócia de supermercado são indiciadas por vender alimentos vencidos e adulterados,03/09/2019 15:28,https://g1.globo.com/to/tocantins/noticia/2019/09/03/gerente-e-socia-de-supermercado-sao-indiciadas-por-vender-alimentos-vencidos-e-adulterados.ghtml
01/07/2019,itens,Mulher com tornozeleira eletrônica é presa após furtar itens de supermercado em Barra Mansa,19/08/2019 08:01,https://g1.globo.com/rj/sul-do-rio-costa-verde/noticia/2019/08/19/mulher-com-tornozeleira-eletronica-e-presa-apos-furtar-itens-de-supermercado-em-barra-mansa.ghtml
01/07/2019,acaba,"Homem tira fotos de mulheres dentro de supermercado e acaba detido, em Presidente Prudente",22/07/2019 14:16,https://g1.globo.com/sp/presidente-prudente-regiao/noticia/2019/07/22/homem-tira-fotos-de-mulheres-dentro-de-supermercado-e-acaba-detido-em-presidente-prudente.ghtml
01/07/2019,produto,"PM prende suspeitos de furtar supermercado em Mogi com produtos avaliados em R$ 2,5 mil",19/08/2019 16:05,https://g1.globo.com/sp/mogi-das-cruzes-suzano/noticia/2019/08/19/pm-prende-suspeitos-de-furtar-supermercado-em-mogi-com-produtos-avaliados-em-r-25-mil.ghtml
01/07/2019,busca,"Idoso sai para ir a supermercado, liga para a família avisando que passou mal e desaparece em Cuiabá; polícia faz buscas",19/09/2019 19:40,https://g1.globo.com/mt/mato-grosso/noticia/2019/09/19/idoso-sai-para-ir-a-supermercado-liga-para-a-familia-avisando-que-passou-mal-e-desaparece-em-cuiaba-policia-faz-buscas.ghtml
01/07/2019,preço,Supermercados de Petrolina registram alta nos preços da cebola,09/07/2019 12:15,https://g1.globo.com/pe/petrolina-regiao/noticia/2019/07/09/supermercados-de-petrolina-registram-alta-nos-precos-da-cebola.ghtml
01/07/2019,preço,"Levantamento de preços constata inflação de 1,23% nos supermercados em Presidente Prudente",08/08/2019 11:49,https://g1.globo.com/sp/presidente-prudente-regiao/noticia/2019/08/08/levantamento-de-precos-constata-inflacao-de-123percent-nos-supermercados-em-presidente-prudente.ghtml
01/07/2019,preço,Supermercados têm produtos com até 250% de diferença no preço em Vitória,09/07/2019 16:02,https://g1.globo.com/es/espirito-santo/noticia/2019/07/09/supermercados-tem-produtos-com-ate-250percent-de-diferenca-no-preco-em-vitoria.ghtml
01/07/2019,compra,Pó de café: como identificar a pureza e a qualidade do café comprado em supermercados?,17/09/2019 13:08,https://g1.globo.com/mg/sul-de-minas/grao-sagrado/noticia/2019/09/17/po-de-cafe-como-identificar-a-pureza-e-a-qualidade-do-cafe-comprado-em-supermercados.ghtml
01/07/2019,produto,"Supermercados são autuados por venderem produtos vencidos, em Tabatinga, no interior do AM",06/08/2019 16:07,https://g1.globo.com/am/amazonas/noticia/2019/08/06/supermercados-sao-autuados-por-venderem-produtos-vencidos-em-tabatinga-no-interior-do-am.ghtml
01/07/2019,produto,Procon descarta em aterro sanitário produtos vencidos apreendidos em supermercados de Boa Esperança,24/07/2019 16:54,https://g1.globo.com/pa/santarem-regiao/noticia/2019/07/24/procon-descarta-em-aterro-sanitario-produtos-vencidos-apreendidos-em-supermercados-de-boa-esperanca.ghtml
01/07/2019,preço,Preço do tomate varia mais de 313% nos supermercados de Fortaleza; pimentão chega a 270% de diferença,06/09/2019 18:50,https://g1.globo.com/ce/ceara/noticia/2019/09/06/preco-do-tomate-varia-mais-de-313percent-nos-supermercados-de-fortaleza-pimentao-chega-a-270percent-de-diferenca.ghtml
01/07/2019,produto,Procon apreende mais de 90 produtos vencidos ou impróprios para consumo em dois supermercados em Uberaba,18/07/2019 11:14,https://g1.globo.com/mg/triangulo-mineiro/noticia/2019/07/18/procon-apreende-mais-de-90-produtos-vencidos-ou-improprios-para-consumo-em-dois-supermercados-em-uberaba.ghtml
01/07/2019,preço,"Supermercados da Grande Vitória têm produtos com mais de 300% de diferença no preço, diz Procon",02/09/2019 20:44,https://g1.globo.com/es/espirito-santo/noticia/2019/09/02/supermercados-da-grande-vitoria-tem-produtos-com-mais-de-300percent-de-diferenca-no-preco-diz-procon.ghtml
01/07/2019,produto,Projeto de lei para proteger crianças de produtos tóxicos em supermercados é aprovado na Câmara de Uberlândia,05/09/2019 13:19,https://g1.globo.com/mg/triangulo-mineiro/noticia/2019/09/05/projeto-de-lei-para-proteger-criancas-de-produtos-toxicos-em-supermercados-e-aprovado-na-camara-de-uberlandia.ghtml
01/07/2019,produto,Fiscalização apreende produtos vencidos e estabelecimentos são autuados em João Pessoa,26/09/2019 16:45,https://g1.globo.com/pb/paraiba/noticia/2019/09/26/fiscalizacao-apreende-produtos-vencidos-e-estabelecimentos-sao-autuados-em-joao-pessoa.ghtml
01/07/2019,comida,"Saiba onde recarregar o cartão de consumo de comidas e bebidas da Oktoberfest 2019, em Blumenau",26/09/2019 17:24,https://g1.globo.com/sc/santa-catarina/oktoberfest/2019/noticia/2019/09/26/saiba-onde-recarregar-o-cartao-de-consumo-de-comidas-e-bebidas-da-oktoberfest-2019.ghtml
01/07/2019,preço,"Preço do quilo da cebola varia 144,20% em João Pessoa, segundo pesquisa do Procon-PB",15/07/2019 17:00,https://g1.globo.com/pb/paraiba/noticia/2019/07/15/preco-do-quilo-da-cebola-varia-14420percent-em-joao-pessoa-segundo-pesquisa-do-procon-pb.ghtml
01/07/2019,medo,Delegado diz que seguranças suspeitos de torturar adolescente em SP queriam 'botar medo na comunidade',04/09/2019 08:21,https://g1.globo.com/sp/sao-paulo/noticia/2019/09/03/delegado-diz-que-segurancas-suspeitos-de-torturar-adolescente-em-sp-queriam-botar-medo-na-comunidade.ghtml
01/07/2019,alimento,"Um mundo sem chocolate, café, batata e peixe – os alimentos que podem desaparecer com as mudanças climáticas",15/07/2019 14:53,https://g1.globo.com/natureza/noticia/2019/07/15/um-mundo-sem-chocolate-cafe-batata-e-peixe-os-alimentos-que-podem-desaparecer-com-as-mudancas-climaticas.ghtml
01/07/2019,preço,"Preço da carne varia até 75% em João Pessoa, de acordo com o Procon",04/07/2019 16:27,https://g1.globo.com/pb/paraiba/noticia/2019/07/04/preco-da-carne-varia-ate-75percent-em-joao-pessoa-de-acordo-com-o-procon.ghtml
01/07/2019,preço,Preço da saca de batata tem queda de mais de 30% no mês de julho em MT,31/07/2019 16:31,https://g1.globo.com/mt/mato-grosso/noticia/2019/07/31/preco-da-saca-de-batata-tem-queda-de-mais-de-30percent-no-mes-de-julho-em-mt.ghtml
01/07/2019,compra,Madrugadores: veja as vantagens de fazer compras e outras atividades enquanto a maioria das pessoas dorme,22/08/2019 08:44,https://g1.globo.com/pe/pernambuco/noticia/2019/08/22/madrugadores-veja-as-vantagens-de-fazer-compras-e-outras-atividades-enquanto-a-maioria-dorme.ghtml
01/07/2019,preço,"Preço do pão francês varia até 126% em Campinas, diz Procon",22/07/2019 17:49,https://g1.globo.com/sp/campinas-regiao/noticia/2019/07/22/preco-do-pao-frances-varia-ate-126percent-em-campinas-diz-procon.ghtml
01/07/2019,preço,Preço do quilo do tomate aumenta na região de Itapeva por causa da queda na temperatura,21/07/2019 16:43,https://g1.globo.com/sp/itapetininga-regiao/noticia/2019/07/21/preco-do-quilo-do-tomate-aumenta-na-regiao-de-itapeva-por-causa-da-queda-na-temperatura.ghtml
01/07/2019,interditada,Outra pista de kart é interditada no Recife após acidente que deixou jovem de 19 anos escalpelada,15/08/2019 08:50,https://g1.globo.com/pe/pernambuco/noticia/2019/08/13/outra-pista-de-kart-e-interditada-no-recife-apos-acidente-que-deixou-jovem-de-19-anos-escalpelada.ghtml
01/07/2019,repor,RPC: veja as informações adicionais das reportagens do dia 23/08/2019,23/08/2019 12:00,https://g1.globo.com/pr/parana/informacoes-adicionais-dos-telejornais/noticia/2019/08/23/rpc-veja-as-informacoes-adicionais-das-reportagens-do-dia-23082019.ghtml
01/07/2019,interditada,"Posto tem bomba interditada, e dono é preso durante fiscalização no Sertão da Paraíba",09/07/2019 19:23,https://g1.globo.com/pb/paraiba/noticia/2019/07/09/posto-tem-bomba-interditada-e-dono-e-preso-durante-fiscalizacao-no-sertao-da-paraiba.ghtml
01/07/2019,repor,RPC: veja as informações adicionais das reportagens do dia 28/09/2019,28/09/2019 12:13,https://g1.globo.com/pr/parana/informacoes-adicionais-dos-telejornais/noticia/2019/09/28/rpc-veja-as-informacoes-adicionais-das-reportagens-do-dia-28092019.ghtml
01/07/2019,compra,Prefeitura apura fotos de agentes do Samu fazendo compras em mercado de Avaré,17/07/2019 17:20,https://g1.globo.com/sp/itapetininga-regiao/noticia/2019/07/17/prefeitura-apura-fotos-de-agentes-do-samu-fazendo-compras-em-mercado-de-avare.ghtml
01/07/2019,preço,"Diferença no preço do quilo do bacon chega a R$ 41 em João Pessoa, segundo Procon",04/09/2019 16:31,https://g1.globo.com/pb/paraiba/noticia/2019/09/04/diferenca-no-preco-do-quilo-do-bacon-chega-a-r-41-em-joao-pessoa-segundo-procon.ghtml
01/07/2019,compra,Carrefour é condenado a indenizar cliente que ficou com 'sequelas permanentes' após acidente com carrinho de compras,16/09/2019 10:53,https://g1.globo.com/go/goias/noticia/2019/09/13/carrefour-e-condenado-a-indenizar-cliente-que-ficou-com-sequelas-permanentes-apos-acidente-com-carrinho-de-compras.ghtml
01/07/2019,produto,"Ação em MS apreende 14 kg de carne de carneiro, bebidas e outros produtos sem prazo de validade, diz Procon",19/09/2019 11:25,https://g1.globo.com/ms/mato-grosso-do-sul/noticia/2019/09/19/acao-em-ms-apreende-14-kg-de-carne-de-carneiro-bebidas-e-outros-produtos-sem-prazo-de-validade-diz-procon.ghtml
01/07/2019,compra,"‘Clientes’ são presos por furto ao tentarem passar com compra de R$ 3,5 mil, pagando apenas R$ 152",02/07/2019 17:46,https://g1.globo.com/sp/presidente-prudente-regiao/noticia/2019/07/02/clientes-sao-presos-por-furto-ao-tentarem-passar-com-compra-de-r-35-mil-pagando-apenas-r-152.ghtml
01/07/2019,distribuição,"Procon fiscaliza distribuição de sacolas plásticas e autua três mercados de Cabo Frio, no RJ",04/07/2019 21:05,https://g1.globo.com/rj/regiao-dos-lagos/noticia/2019/07/04/procon-fiscaliza-distribuicao-de-sacolas-plasticas-e-autua-tres-mercados-de-cabo-frio-no-rj.ghtml
30/09/2019,interditado,Supermercado é interditado pela Vigilância Sanitária em Cariacica,10/12/2019 19:50,https://g1.globo.com/es/espirito-santo/noticia/2019/12/10/supermercado-e-interditado-pela-vigilancia-sanitaria-em-cariacica.ghtml
30/09/2019,termina,Supermercado de Uberlândia está fechado por tempo indeterminado após incêndio,28/10/2019 18:47,https://g1.globo.com/mg/triangulo-mineiro/noticia/2019/10/28/supermercado-de-uberlandia-esta-fechado-por-tempo-indeterminado-apos-incendio.ghtml
30/09/2019,interditada,Dez casas são interditadas após incêndio destruir supermercado em Tietê,28/10/2019 19:32,https://g1.globo.com/sp/itapetininga-regiao/noticia/2019/10/28/dez-casas-sao-interditadas-apos-incendio-destruir-supermercado-em-tiete.ghtml
30/09/2019,chuva,Chuva destrói telhas e paredes de supermercado no DF; veja vídeo,26/10/2019 19:32,https://g1.globo.com/df/distrito-federal/noticia/2019/10/26/chuva-destroi-telhas-e-paredes-de-supermercado-no-df-veja-video.ghtml
30/09/2019,alimento,MP-ES vai investigar pesagens de alimentos vendidos em supermercado de Vitória,05/11/2019 17:03,https://g1.globo.com/es/espirito-santo/noticia/2019/11/05/mp-es-vai-investigar-pesagens-de-alimentos-vendidos-em-supermercado-de-vitoria.ghtml
30/09/2019,alimento,Gerente é preso após fiscalização encontrar alimentos vencidos em supermercado de Pirajuí,12/11/2019 16:06,https://g1.globo.com/sp/bauru-marilia/noticia/2019/11/12/gerente-e-preso-apos-fiscalizacao-encontrar-alimentos-vencidos-em-supermercado-de-pirajui.ghtml
30/09/2019,fila,Candidatos enfrentam fila por vaga de emprego em supermercado na Zona Norte,08/10/2019 06:15,https://g1.globo.com/sp/sao-paulo/noticia/2019/10/07/candidatos-enfrentam-fila-por-vaga-de-emprego-em-supermercado-na-zona-norte-de-sp.ghtml
30/09/2019,prateleira,Caixas caem de prateleira e funcionária de supermercado fica ferida em SP,22/10/2019 14:48,https://g1.globo.com/sp/santos-regiao/noticia/2019/10/22/estrutura-cai-de-prateleira-e-funcionaria-de-supermercado-fica-ferida-em-sp.ghtml
30/09/2019,produto,Mulheres são presas em flagrante com produtos furtados de supermercado em Presidente Prudente,13/10/2019 11:39,https://g1.globo.com/sp/presidente-prudente-regiao/noticia/2019/10/13/mulheres-sao-presas-em-flagrante-com-produtos-furtados-de-supermercado-em-presidente-prudente.ghtml
30/09/2019,produto,Panificadora e supermercado são autuados por vender produtos vencidos e avariados em Palmas,23/10/2019 20:05,https://g1.globo.com/to/tocantins/noticia/2019/10/23/panificadora-e-supermercado-sao-autuados-por-vender-produtos-vencidos-e-avariados-em-palmas.ghtml
30/09/2019,produto,"Mais de 120 kg de produtos irregulares são apreendidos em supermercado, em Manaus",27/11/2019 17:15,https://g1.globo.com/am/amazonas/noticia/2019/11/27/mais-de-120-kg-de-produtos-irregulares-sao-apreendidos-em-supermercado-em-manaus.ghtml
30/09/2019,produto,Dona de supermercado é presa por vender produtos com validade vencida em Pirajuí,13/11/2019 19:26,https://g1.globo.com/sp/bauru-marilia/noticia/2019/11/13/dona-de-supermercado-e-presa-por-vender-produtos-com-validade-vencida-em-pirajui.ghtml
30/09/2019,fila,Centenas de candidatos dormem em fila para tentar emprego em supermercado no DF,06/11/2019 20:49,https://g1.globo.com/df/distrito-federal/noticia/2019/11/06/centenas-de-candidatos-dormem-em-fila-para-tentar-emprego-em-supermercado-no-df.ghtml
30/09/2019,produto,"Em Manaus, fiscais apreendem mais de 50 kg de produtos irregulares em supermercado",07/11/2019 21:43,https://g1.globo.com/am/amazonas/noticia/2019/11/07/em-manaus-fiscais-apreendem-mais-de-50-kg-de-produtos-irregulares-em-supermercado.ghtml
30/09/2019,acaba,"Mulher furta cerveja de supermercado, tenta matar fiscal e acaba presa, na Grande BH",29/11/2019 08:55,https://g1.globo.com/mg/minas-gerais/noticia/2019/11/28/mulher-furta-cerveja-de-supermercado-tenta-matar-fiscal-e-acaba-presa-na-grande-bh.ghtml
30/09/2019,produto,Trio é preso suspeito de furtar produtos para churrasco em supermercado de João Pessoa,12/12/2019 06:27,https://g1.globo.com/pb/paraiba/noticia/2019/12/12/trio-e-preso-suspeito-de-furtar-produtos-para-churrasco-em-supermercado-de-joao-pessoa.ghtml
30/09/2019,interditado,Supermercado de Uberlândia é interditado após incêndio na área da padaria; ninguém ficou ferido,28/10/2019 14:46,https://g1.globo.com/mg/triangulo-mineiro/noticia/2019/10/27/supermercado-de-uberlandia-e-interditado-apos-incendio-na-area-da-padaria-ninguem-ficou-ferido.ghtml
30/09/2019,fila,"Candidatos dormem em fila de empregos de supermercado de Itapecerica da Serra, na Grande SP",30/10/2019 10:11,https://g1.globo.com/sp/sao-paulo/noticia/2019/10/30/candidatos-dormem-em-fila-de-empregos-de-supermercado-de-itapecerica-da-serra-na-grande-sp.ghtml
30/09/2019,alimento,"Mais de 40 kg de alimentos irregulares são apreendidos em supermercado no bairro Tarumã, em Manaus",12/11/2019 16:01,https://g1.globo.com/am/amazonas/noticia/2019/11/12/mais-de-40-kg-de-alimentos-irregulares-sao-apreendidos-em-supermercado-no-bairro-taruma-em-manaus.ghtml
30/09/2019,acaba,"VÍDEO: carro bate em bomba de combustível, acerta outros veículos e acaba dentro de supermercado no DF",31/10/2019 09:09,https://g1.globo.com/df/distrito-federal/noticia/2019/10/30/carro-bate-em-bomba-de-combustivel-acerta-outros-veiculos-e-acaba-dentro-de-supermercado-no-df-veja-fotos.ghtml
30/09/2019,pânico,"Vídeo mostra quando assaltante atira, rouba arma de vigilante e causa pânico em supermercado de Aparecida de Goiânia",10/12/2019 15:59,https://g1.globo.com/go/goias/noticia/2019/12/10/video-mostra-quando-assaltante-atira-rouba-arma-de-vigilante-e-causa-panico-em-supermercado-de-aparecida-de-goiania.ghtml
30/09/2019,busca,Candidatos ficam até três dias acampados em fila em busca de emprego em supermercado de Valparaíso de Goiás,19/11/2019 13:01,https://g1.globo.com/go/goias/noticia/2019/11/19/candidatos-acampam-na-fila-por-ate-3-dias-em-busca-de-vagas-de-emprego-em-supermercado-de-valparaiso-de-goias.ghtml
30/09/2019,corrida,Ferrão de peixe crava na perna de funcionário de supermercado e vítima é socorrida por bombeiros em MT,10/10/2019 09:20,https://g1.globo.com/mt/mato-grosso/noticia/2019/10/10/ferrao-de-peixe-crava-na-perna-de-funcionario-de-supermercado-e-vitima-e-socorrida-por-bombeiros-em-mt.ghtml
30/09/2019,itens,"Itens em supermercados ficam 7,57% mais caros em Fortaleza, indica Procon",23/10/2019 16:29,https://g1.globo.com/ce/ceara/noticia/2019/10/23/itens-em-supermercados-ficam-757percent-mais-caros-em-fortaleza-indica-procon.ghtml
30/09/2019,produto,Supermercados também investem na comercialização de produtos orgânicos em MS; FOTOS,14/10/2019 00:21,https://g1.globo.com/ms/mato-grosso-do-sul/mais-agro-ms/noticia/2019/10/14/supermercados-tambem-investem-na-comercializacao-de-produtos-organicos-em-ms-fotos.ghtml
30/09/2019,compra,São José sanciona lei que proíbe conferência de compras em saída de supermercados,10/12/2019 11:04,https://g1.globo.com/sp/vale-do-paraiba-regiao/noticia/2019/12/10/sao-jose-sanciona-lei-que-proibe-conferencia-de-compras-em-saida-de-supermercados.ghtml
30/09/2019,alimento,Cerca de 230 kg de alimentos impróprios para consumo são apreendidos em supermercados,07/11/2019 19:26,https://g1.globo.com/am/amazonas/noticia/2019/11/07/cerca-de-230-kg-de-alimentos-improprios-para-consumo-sao-apreendidos-em-supermercados.ghtml
30/09/2019,lotam,Supermercados e Mercadão de Mogi lotam de clientes à procura dos produtos da ceia de Natal,24/12/2019 16:48,https://g1.globo.com/sp/mogi-das-cruzes-suzano/noticia/2019/12/24/supermercados-e-mercadao-de-mogi-lotam-de-clientes-a-procura-dos-produtos-da-ceia-de-natal.ghtml
30/09/2019,lotam,Clientes de última hora lotam supermercados na véspera da noite de Natal em Ribeirão Preto,24/12/2019 13:49,https://g1.globo.com/sp/ribeirao-preto-franca/noticia/2019/12/24/clientes-de-ultima-hora-lotam-supermercados-na-vespera-da-noite-de-natal-em-ribeirao-preto.ghtml
30/09/2019,preço,"Preço da batata sobe 21,30% e ajuda a impulsionar inflação nos supermercados de Presidente Prudente",22/10/2019 11:16,https://g1.globo.com/sp/presidente-prudente-regiao/noticia/2019/10/22/preco-da-batata-sobe-2130percent-e-ajuda-a-impulsionar-inflacao-nos-supermercados-de-presidente-prudente.ghtml
30/09/2019,aumento,Supermercados de Uberlândia têm aumento de clientes neste fim de ano; confira horários de funcionamento,24/12/2019 17:03,https://g1.globo.com/mg/triangulo-mineiro/noticia/2019/12/24/supermercados-de-uberlandia-tem-aumento-de-clientes-neste-fim-de-ano-em-uberlandia-confira-horarios-de-funcionamento.ghtml
30/09/2019,aumento,Setor de supermercados estima aumento de 10% em contratações temporárias neste fim de ano no Pará,22/10/2019 16:59,https://g1.globo.com/pa/para/noticia/2019/10/22/setor-de-supermercados-estima-aumento-de-10percent-em-contratacoes-temporarias-neste-fim-de-ano-no-para.ghtml
30/09/2019,preço,"Queda nos preços da batata e da cebola ajuda a registrar deflação de 2,19% em supermercados de Presidente Prudente",08/10/2019 14:46,https://g1.globo.com/sp/presidente-prudente-regiao/noticia/2019/10/08/queda-nos-precos-da-batata-e-da-cebola-ajuda-a-registrar-deflacao-de-219percent-em-supermercados-de-presidente-prudente.ghtml
30/09/2019,preço,"Preços caíram 0,88% nos supermercados de Fortaleza em novembro; produtos estão mais caros nas Regionais III e V",06/11/2019 12:03,https://g1.globo.com/ce/ceara/noticia/2019/11/06/precos-cairam-088percent-nos-supermercados-de-fortaleza-em-novembro-produtos-estao-mais-caros-nas-regionais-iii-e-v.ghtml
30/09/2019,abastecimento,Empresários paraenses garantem que não há risco de desabastecimento de carne bovina,29/11/2019 14:12,https://g1.globo.com/pa/para/noticia/2019/11/29/empresarios-paraenses-garantem-que-nao-ha-risco-de-desabastecimento-de-carne-bovina.ghtml
30/09/2019,alimento,Polícia Civil apreende alimentos impróprios para o consumo em mercado no Centro de SP,09/10/2019 08:40,https://g1.globo.com/sp/sao-paulo/noticia/2019/10/08/policia-civil-apreende-alimentos-improprios-para-o-consumo-em-mercado-no-centro-de-sp.ghtml
30/09/2019,preço,"Pesquisa de preços aponta cesta básica 5,56% mais cara em Presidente Prudente em novembro",26/11/2019 17:41,https://g1.globo.com/sp/presidente-prudente-regiao/noticia/2019/11/26/pesquisa-de-precos-aponta-cesta-basica-556percent-mais-cara-em-presidente-prudente-em-novembro.ghtml
30/09/2019,produto,Universitários arrecadam alimentos e produtos de higiene e limpeza para Operação Natal,09/11/2019 11:18,https://g1.globo.com/sp/sao-carlos-regiao/noticia/2019/11/09/universitarios-arrecadam-alimentos-e-produtos-de-higiene-e-limpeza-para-operacao-natal.ghtml
30/09/2019,produto,Produtos da ceia de Natal têm variação de mais de 200% em Juiz de Fora; economista orienta como gastar menos,04/12/2019 17:43,https://g1.globo.com/mg/zona-da-mata/noticia/2019/11/30/produtos-da-ceia-de-natal-tem-variacao-de-mais-de-200percent-em-juiz-de-fora-economista-orienta-como-gastar-menos.ghtml
30/09/2019,crise,Crise na Venezuela: o que é possível comprar com o novo salário mínimo aprovado por Maduro,16/10/2019 18:32,https://g1.globo.com/economia/noticia/2019/10/16/crise-na-venezuela-o-que-e-possivel-comprar-com-o-novo-salario-minimo-aprovado-por-maduro.ghtml
30/09/2019,preço,Pesquisa mostra variação de até 126% no preço de itens da cesta de Natal em Fortaleza,17/12/2019 15:13,https://g1.globo.com/ce/ceara/noticia/2019/12/17/pesquisa-mostra-variacao-de-ate-126percent-no-preco-de-itens-da-cesta-de-natal-em-fortaleza.ghtml
30/09/2019,produto,"Projeto social arrecada alimentos, produtos de higiene e limpeza para instituições carentes de São Carlos",19/10/2019 16:25,https://g1.globo.com/sp/sao-carlos-regiao/noticia/2019/10/19/projeto-social-arrecada-alimentos-produtos-de-higiene-e-limpeza-para-instituicoes-carentes-de-sao-carlos.ghtml
30/09/2019,preço,"Preço do feijão aumenta mais de 30% em menos de um ano, aponta Dieese",27/12/2019 15:22,https://g1.globo.com/pa/para/noticia/2019/12/27/preco-do-feijao-aumenta-mais-de-30percent-em-menos-de-um-ano-aponta-dieese.ghtml
30/09/2019,busca,Agricultor de MS usa QrCode para assegurar a consumidor rastreabilidade dos produtos e buscar novos mercados,30/10/2019 11:13,https://g1.globo.com/ms/mato-grosso-do-sul/noticia/2019/10/24/agricultor-de-ms-usa-qrcode-para-assegurar-a-consumidor-rastreabilidade-da-producao-e-buscar-novos-mercados.ghtml
30/09/2019,alimento,Polícia indicia quatro pessoas em esquema que adulterava rótulos para vender alimentos vencidos,20/11/2019 15:36,https://g1.globo.com/to/tocantins/noticia/2019/11/20/policia-indicia-quatro-pessoas-em-esquema-que-adulterava-rotulos-para-vender-alimentos-vencidos.ghtml
30/09/2019,preço,Procon divulga lista de preços dos produtos para festa de fim de ano em Santarém; confira,24/12/2019 12:43,https://g1.globo.com/pa/santarem-regiao/noticia/2019/12/24/procon-divulga-tabela-de-precos-dos-produtos-para-festa-de-fim-de-ano-em-santarem-confira.ghtml
30/09/2019,aumento,Pesquisa do Procon aponta aumento de preço em 30 dos 34 produtos mais procurados da ceia de Natal,09/12/2019 17:01,https://g1.globo.com/pe/pernambuco/noticia/2019/12/09/pesquisa-do-procon-aponta-aumento-de-preco-em-30-dos-34-produtos-mais-procurados-da-ceia-de-natal.ghtml
30/09/2019,alimento,Polícia apreende mais de 500 quilos de alimentos desviados de hospitais públicos do DF,26/11/2019 18:27,https://g1.globo.com/df/distrito-federal/noticia/2019/11/26/policia-apreende-mais-de-500-kg-de-alimentos-desviados-de-hospitais-do-df.ghtml
30/09/2019,preço,"Após carne vermelha, preço do frango também começa a subir em Palmas",08/12/2019 10:01,https://g1.globo.com/to/tocantins/noticia/2019/12/07/apos-carne-vermelha-preco-do-frango-tambem-comeca-a-subir-em-palmas.ghtml
30/12/2019,abastecimento,Coronavírus: supermercado desmente mensagem de desabastecimento em BH,19/03/2020 12:19,https://g1.globo.com/mg/minas-gerais/noticia/2020/03/19/coronavirus-supermercado-desmente-mensagem-de-desabastecimento-em-bh.ghtml
30/12/2019,aumentar,Vendas de água mineral aumentaram 150% em supermercado no Rio,27/01/2020 09:18,https://g1.globo.com/rj/rio-de-janeiro/noticia/2020/01/27/vendas-de-agua-mineral-aumentaram-em-supermercado-no-rio.ghtml
30/12/2019,alimento,Vídeo com rato em supermercado viraliza e alimentos são descartados no RJ,10/02/2020 20:05,https://g1.globo.com/rj/regiao-dos-lagos/noticia/2020/02/05/video-com-rato-em-supermercado-viraliza-e-meia-tonelada-de-alimentos-e-descartada-em-cabo-frio.ghtml
30/12/2019,produto,Produtos com prazo de validade vencido são apreendidos em supermercado em Manaus,21/01/2020 18:41,https://g1.globo.com/am/amazonas/noticia/2020/01/21/produtos-com-prazo-de-validade-vencido-sao-apreendidos-em-supermercado-em-manaus.ghtml
30/12/2019,fila,Centenas de pessoas formam fila para entregar currículo após anúncio de novo supermercado,05/02/2020 12:24,https://g1.globo.com/pe/pernambuco/noticia/2020/02/05/centenas-de-pessoas-formam-fila-para-entregar-curriculo-apos-anuncio-de-novo-supermercado.ghtml
30/12/2019,chuva,Estacionamento de supermercado alaga após forte chuva em Teresina; várias cidades registram estragos,09/01/2020 10:21,https://g1.globo.com/pi/piaui/noticia/2020/01/09/estacionamento-de-supermercado-alaga-apos-forte-chuva-em-teresina-varias-cidades-registram-estragos.ghtml
30/12/2019,alimento,Mais de 20 kg de alimentos vencidos são apreendidos dentro de supermercado em Manaus,18/02/2020 08:30,https://g1.globo.com/am/amazonas/noticia/2020/02/18/mais-de-20-kg-de-alimentos-vencidos-sao-apreendidos-dentro-de-supermercado-em-manaus.ghtml
30/12/2019,compra,Coronavírus: infectologista do RS dá dicas de como fazer compras no supermercado com segurança,20/03/2020 17:09,https://g1.globo.com/rs/rio-grande-do-sul/noticia/2020/03/20/coronavirus-infectologista-do-rs-da-dicas-de-como-fazer-compras-no-supermercado-com-seguranca.ghtml
30/12/2019,fila,Desempregados passam a noite em fila por vaga de emprego em supermercado em Votuporanga,16/01/2020 14:14,https://g1.globo.com/sp/sao-jose-do-rio-preto-aracatuba/noticia/2020/01/16/desempregados-passam-a-noite-em-fila-na-busca-por-vaga-em-rede-de-supermercados.ghtml
30/12/2019,coronavírus,Supermercado de Anápolis tem 'porteiro' para controlar entrada de clientes e evitar disseminação do coronavírus,20/03/2020 10:12,https://g1.globo.com/go/goias/noticia/2020/03/20/supermercado-de-anapolis-tem-porteiro-para-controlar-entrada-de-clientes.ghtml
30/12/2019,coronavírus,Supermercado em São Gonçalo mede temperatura de clientes na porta para evitar contágio de coronavírus,26/03/2020 10:48,https://g1.globo.com/rj/rio-de-janeiro/noticia/2020/03/26/supermercado-em-sao-goncalo-mede-temperatura-de-clientes-na-porta-para-evitar-contagio-de-coronavirus.ghtml
30/12/2019,compra,Prefeitura de São Simão apura uso de carro oficial para compra de cerveja em supermercado,06/03/2020 13:01,https://g1.globo.com/sp/ribeirao-preto-franca/noticia/2020/03/06/prefeitura-de-sao-simao-apura-uso-de-carro-oficial-para-compra-de-cerveja-em-supermercado.ghtml
30/12/2019,produto,Mulher é presa após furtar chocolate e produtos de higiene pessoal em supermercado de Tatuí,14/02/2020 19:09,https://g1.globo.com/sp/itapetininga-regiao/noticia/2020/02/14/mulher-e-presa-apos-furtar-chocolate-e-produtos-de-higiene-pessoal-em-supermercado-de-tatui.ghtml
30/12/2019,compra,Supermercado online: conheça as vantagens de comprar pela internet e ganhe mais tempo na rotina,16/03/2020 11:38,https://g1.globo.com/sc/santa-catarina/especial-publicitario/angeloni/mais-tempo-para-viver-bem/noticia/2020/03/03/supermercado-online-conheca-as-vantagens-de-comprar-pela-internet-e-ganhe-mais-tempo-para-curtir-a-vida.ghtml
30/12/2019,compra,"Por combate ao coronavírus, clientes enviam lista e funcionários fazem as compras em supermercado de Palmas",25/03/2020 23:47,https://g1.globo.com/to/tocantins/noticia/2020/03/25/por-combate-ao-coronavirus-clientes-enviam-lista-e-funcionarios-fazem-as-compras-em-supermercado-de-palmas.ghtml
30/12/2019,compra,"Perfis falsos de supermercado aplicam golpes e prometem vale compras de até R$ 400, em Goiânia",15/02/2020 13:56,https://g1.globo.com/go/goias/noticia/2020/02/15/perfis-falsos-de-supermercado-aplicam-golpes-e-prometem-vale-compras-de-ate-r-400-em-goiania.ghtml
30/12/2019,fila,"Candidatos passam a noite em fila de emprego de supermercado de Içara, no Sul de SC",10/02/2020 09:27,https://g1.globo.com/sc/santa-catarina/noticia/2020/02/10/candidatos-passam-a-noite-em-fila-de-emprego-de-supermercado-de-icara-no-sul-de-sc.ghtml
30/12/2019,compra,"Com medo de Covid-19, clientes fazem fila em supermercado no AC para comprar álcool em gel",20/03/2020 16:39,https://g1.globo.com/ac/acre/noticia/2020/03/20/com-medo-de-covid-19-clientes-fazem-fila-em-supermercado-no-ac-para-comprar-alcool-em-gel.ghtml
30/12/2019,acaba,Homem acaba preso em flagrante após furtar pedaços de picanha e salame de supermercado em Presidente Prudente,05/03/2020 19:01,https://g1.globo.com/sp/presidente-prudente-regiao/noticia/2020/03/05/homem-acaba-preso-em-flagrante-apos-furtar-pedacos-de-picanha-e-salame-de-supermercado-em-presidente-prudente.ghtml
30/12/2019,produto,PM flagra homem com sacola cheia de produtos de supermercado em MS e ele confessa: 'Fui lá furtar',16/03/2020 10:44,https://g1.globo.com/ms/mato-grosso-do-sul/noticia/2020/03/16/pm-flagra-homem-com-sacola-cheia-de-produtos-de-supermercado-em-ms-e-ele-confessa-fui-la-furtar.ghtml
30/12/2019,aumento,"Preço do feijão tem aumento de quase 100% em supermercado depois da pandemia do coronavírus em Goiás, diz polícia",25/03/2020 17:53,https://g1.globo.com/go/goias/noticia/2020/03/25/policia-e-fiscais-flagram-produtos-com-sobrepreco-em-supermercados-depois-da-pandemia-do-coronavirus-em-goias.ghtml
30/12/2019,prateleira,Bebê de 4 meses é atingido por pacotes que caíram de prateleira em supermercado em Mogi e pai procura a polícia,16/01/2020 14:02,https://g1.globo.com/sp/mogi-das-cruzes-suzano/noticia/2020/01/16/bebe-de-4-meses-e-atingido-por-pacotes-que-cairam-de-prateleira-em-supermercado-em-mogi-e-pai-procura-a-policia.ghtml
30/12/2019,abastecimento,Associação de supermercados diz que abastecimento está normal,17/03/2020 21:41,https://g1.globo.com/jornal-nacional/noticia/2020/03/17/associacao-de-supermercados-diz-que-abastecimento-esta-normal.ghtml
30/12/2019,falta,"Não há risco de falta de produtos nos supermercados, diz Abras",16/03/2020 20:28,https://g1.globo.com/economia/noticia/2020/03/16/nao-ha-risco-de-falta-de-produtos-nos-supermercados-diz-abras.ghtml
30/12/2019,preço,Preços abusivos são fiscalizados em supermercados e farmácias de Uberlândia,25/03/2020 17:02,https://g1.globo.com/mg/triangulo-mineiro/noticia/2020/03/24/precos-abusivos-sao-fiscalizados-em-supermercados-e-farmacias-de-uberlandia.ghtml
30/12/2019,compra,Associação Mineira de Supermercados orienta sobre como realizar 'compra consciente',18/03/2020 12:45,https://g1.globo.com/mg/zona-da-mata/noticia/2020/03/18/associacao-mineira-de-supermercados-orienta-sobre-como-realizar-compra-consciente.ghtml
30/12/2019,abastecimento,"Supermercados do ES não têm risco de desabastecimento, afirma associação",20/03/2020 11:44,https://g1.globo.com/es/espirito-santo/noticia/2020/03/20/supermercados-do-es-nao-tem-risco-de-desabastecimento-afirma-associacao.ghtml
30/12/2019,coronavírus,Supermercados adotam medidas de segurança contra o coronavírus na Baixada Santista,25/03/2020 19:13,https://g1.globo.com/sp/santos-regiao/noticia/2020/03/25/supermercados-implementam-medidas-de-seguranca-contra-o-coronavirus-na-baixada-santista.ghtml
30/12/2019,abastecimento,Associação de Supermercados garante que não há risco de desabastecimento no Pará,17/03/2020 11:59,https://g1.globo.com/pa/para/noticia/2020/03/17/associacao-de-supermercados-garante-que-nao-risco-de-desabastecimento-no-para.ghtml
30/12/2019,estoque,"Coronavírus: 'Não há necessidade de formar estoques neste momento', diz Associação Mineira de Supermercados",19/03/2020 18:39,https://g1.globo.com/mg/minas-gerais/noticia/2020/03/19/coronavirus-nao-ha-necessidade-de-formar-estoques-neste-momento-diz-associacao-mineira-de-supermercados.ghtml
30/12/2019,abastecimento,Coronavírus: governo de Pernambuco afirma que não há risco de desabastecimento em supermercados,19/03/2020 06:24,https://g1.globo.com/pe/pernambuco/noticia/2020/03/18/coronavirus-governo-de-pernambuco-afirma-que-nao-ha-risco-de-desabastecimento-em-supermercados.ghtml
30/12/2019,coronavírus,Coronavírus: Ministério Público faz recomendações a supermercados e farmácias em Uberlândia,23/03/2020 09:29,https://g1.globo.com/mg/triangulo-mineiro/noticia/2020/03/23/coronavirus-ministerio-publico-faz-recomendacoes-a-supermercados-e-farmacias-em-uberlandia.ghtml
30/12/2019,abastecimento,"Supermercados do Ceará não correm risco de desabastecimento nos próximos dias, diz associação",16/03/2020 20:58,https://g1.globo.com/ce/ceara/noticia/2020/03/16/supermercados-do-ceara-nao-correm-risco-de-desabastecimento-nos-proximos-dias-diz-associacao.ghtml
30/12/2019,coronavírus,"É falso que supermercados fecharão devido ao coronavírus em Rondônia, diz associação",19/03/2020 10:29,https://g1.globo.com/ro/rondonia/noticia/2020/03/19/e-falso-que-supermercados-fecharao-devido-ao-coronavirus-em-rondonia-diz-associacao.ghtml
30/12/2019,preço,Preço do feijão vendido em supermercados de Belém tem alta de 37%,27/02/2020 18:13,https://g1.globo.com/pa/para/noticia/2020/02/27/preco-do-feijao-vendido-em-supermercados-de-belem-tem-alta-de-37percent.ghtml
30/12/2019,abastecimento,Associação de supermercados diz que não há risco de desabastecimento no RJ,17/03/2020 13:40,https://g1.globo.com/rj/rio-de-janeiro/noticia/2020/03/17/associacao-de-supermercados-diz-que-nao-ha-risco-de-desabastecimento-no-rj.ghtml
30/12/2019,abastecimento,Supermercados de Piracicaba têm alta em movimento; sindicato não acredita em desabastecimento,18/03/2020 08:53,https://g1.globo.com/sp/piracicaba-regiao/noticia/2020/03/18/supermercados-de-piracicaba-tem-alta-em-movimento-sindicato-nao-acredita-em-desabastecimento.ghtml
30/12/2019,prateleira,Supermercados de Minas são orientados a retirar das prateleiras a cerveja Belorizontina,10/01/2020 20:38,https://g1.globo.com/mg/minas-gerais/noticia/2020/01/10/supermercados-sao-orientados-a-retirar-das-prateleiras-a-cerveja-belorizontina-em-bh.ghtml
30/12/2019,abastecimento,Supermercados do Rio garantem abastecimento; especialistas recomendam evitar lojas cheias,14/03/2020 19:50,https://g1.globo.com/rj/rio-de-janeiro/noticia/2020/03/14/supermercados-do-rio-garantem-abastecimento-especialistas-recomendam-evitar-lojas-cheias.ghtml
30/12/2019,preço,Cerveja nos bloquinhos de SP custa quase o dobro do preço de supermercados,22/02/2020 07:01,https://g1.globo.com/sp/sao-paulo/carnaval/2020/noticia/2020/02/22/cerveja-nos-bloquinhos-de-sp-custa-quase-o-dobro-do-preco-de-supermercados.ghtml
30/12/2019,corrida,Mineiras relatam corrida aos supermercados e isolamento em cidades na Itália por coronavírus,26/02/2020 16:36,https://g1.globo.com/mg/sul-de-minas/noticia/2020/02/26/mineiras-relatam-corrida-aos-supermercados-e-isolamento-em-cidades-na-italia-por-coronavirus.ghtml
30/12/2019,abastecimento,"Não há risco de desabastecimento por conta do coronavírus, diz Associação Mineira de Supermercados",18/03/2020 13:01,https://g1.globo.com/mg/minas-gerais/noticia/2020/03/18/nao-ha-risco-de-desabastecimento-por-conta-do-coronavirus-diz-associacao-mineira-de-supermercados.ghtml
30/12/2019,limitam,Supermercados no Ceará limitam número de clientes no interior do estabelecimento,22/03/2020 11:47,https://g1.globo.com/ce/ceara/noticia/2020/03/22/supermercados-no-ceara-limitam-numero-de-clientes-no-interior-do-estabelecimento.ghtml
30/12/2019,coronavírus,Supermercados de Salvador alteram funcionamento para evitar transmissão do coronavírus; confira,20/03/2020 19:05,https://g1.globo.com/ba/bahia/noticia/2020/03/20/supermercados-de-salvador-alteram-funcionamento-para-evitar-transmissao-do-coronavirus-confira.ghtml
30/12/2019,coronavírus,Coronavírus: supermercados da região de Piracicaba criam horários exclusivos para idosos,19/03/2020 19:53,https://g1.globo.com/sp/piracicaba-regiao/noticia/2020/03/19/coronavirus-supermercados-da-regiao-de-piracicaba-criam-horarios-exclusivos-para-idosos.ghtml
30/12/2019,termina,Coronavírus: Artur Nogueira determina limitação do nº de pessoas dentro de supermercados,22/03/2020 17:02,https://g1.globo.com/sp/campinas-regiao/noticia/2020/03/22/coronavirus-artur-nogueira-determina-limitacao-do-no-de-pessoas-dentro-de-supermercados.ghtml
30/12/2019,preço,"Na Argentina, ministros vão a supermercados para fiscalizar programa de preços controlados",13/01/2020 07:43,https://g1.globo.com/mundo/noticia/2020/01/13/na-argentina-ministros-vao-a-supermercados-para-fiscalizar-programa-de-precos-controlados.ghtml
30/12/2019,preço,"Diferença de preços de produtos entre supermercados ultrapassa 230% em Vitória, aponta Procon",15/02/2020 22:44,https://g1.globo.com/es/espirito-santo/noticia/2020/02/15/diferenca-de-precos-de-produtos-entre-supermercados-ultrapassa-230percent-em-vitoria-aponta-procon.ghtml
30/12/2019,abastecimento,"Supermercados não correm o risco de desabastecimento no Paraná, diz presidente da Apras",18/03/2020 11:52,https://g1.globo.com/pr/parana/noticia/2020/03/18/presidente-da-associacao-dos-supermercados-diz-que-lojas-nao-correm-o-risco-de-desabastecimento-no-parana.ghtml
30/12/2019,limite,Coronavírus: Procon e supermercados de Valinhos determinam limite de compra de produtos essenciais,24/03/2020 13:48,https://g1.globo.com/sp/campinas-regiao/noticia/2020/03/24/coronavirus-procon-e-supermercados-de-valinhos-determinam-limite-de-compra-de-produtos-essenciais.ghtml
30/12/2019,coronavírus,Preocupação com coronavírus faz álcool em gel 'desaparecer' de supermercados e farmácias em Sorocaba,16/03/2020 12:32,https://g1.globo.com/sp/sorocaba-jundiai/noticia/2020/03/16/preocupacao-com-coronavirus-faz-alcool-em-gel-desaparecer-de-supermercados-e-farmacias-em-sorocaba.ghtml
30/12/2019,coronavírus,"Shoppings, comércio de rua e supermercados seguem abertos, mas reforçam medidas contra o coronavírus",16/03/2020 14:13,https://g1.globo.com/go/goias/noticia/2020/03/14/shoppings-mantem-funcionamento-reforcam-limpeza-e-oferecem-alcool-em-gel-em-goiania.ghtml
30/12/2019,coronavírus,Decreto da prefeitura de Vitória restringe acesso a supermercados por causa do novo coronavírus,24/03/2020 18:30,https://g1.globo.com/es/espirito-santo/noticia/2020/03/24/decreto-da-prefeitura-de-vitoria-restringe-acesso-a-supermercados-por-causa-do-novo-coronavirus.ghtml
30/12/2019,preço,"Laranja, mamão e abacaxi têm as maiores variações de preço nos supermercados de Fortaleza",14/02/2020 16:54,https://g1.globo.com/ce/ceara/noticia/2020/02/14/laranja-mamao-e-abacaxi-tem-as-maiores-variacoes-de-preco-nos-supermercados-de-fortaleza.ghtml
30/12/2019,corrida,"Coronavírus: brasileiras na Itália relatam corrida aos supermercados, além de bares e museus fechados",26/02/2020 15:56,https://g1.globo.com/df/distrito-federal/noticia/2020/02/26/coronavirus-brasileiras-na-italia-relatam-corrida-aos-supermercados-alem-de-bares-e-museus-fechados.ghtml
30/12/2019,falta,Farmácias e supermercados de Manaus têm falta de álcool em gel após aumento de buscas,18/03/2020 13:02,https://g1.globo.com/am/amazonas/noticia/2020/03/18/farmacias-e-supermercados-de-manaus-tem-falta-de-alcool-em-gel-apos-aumento-de-buscas.ghtml
30/12/2019,abastecido,Supermercados de Petrolina têm movimento intenso; Donos dizem que estoques estão abastecidos,19/03/2020 14:00,https://g1.globo.com/pe/petrolina-regiao/noticia/2020/03/19/supermercados-de-petrolina-tem-movimento-intenso-donos-dizem-que-estoques-estao-abastecidos.ghtml
30/12/2019,termina,"Coronavírus: Governo da PB determina medidas para lotéricas, supermercados e call centers",27/03/2020 10:11,https://g1.globo.com/pb/paraiba/noticia/2020/03/27/coronavirus-governo-da-pb-determina-medidas-para-lotericas-supermercados-e-call-centers.ghtml
30/12/2019,limitam,Supermercados em Feira de Santana limitam nº de pessoas nos estabelecimentos para evitar aglomerações,25/03/2020 08:03,https://g1.globo.com/ba/bahia/noticia/2020/03/25/supermercados-em-feira-de-santana-limitam-no-de-pessoas-nos-estabelecimentos-para-evitar-aglomeracoes.ghtml
30/12/2019,falta,Associação de Supermercados do RN diz que não faltará produto: 'Façam as compras normalmente',17/03/2020 20:03,https://g1.globo.com/rn/rio-grande-do-norte/noticia/2020/03/17/associacao-de-supermercados-do-rn-diz-que-nao-faltara-produtos-facam-as-compras-normalmente.ghtml
30/12/2019,estoque,"Coronavírus: associação de supermercados garante estoque em Uberlândia, mas pede que consumidor evite aglomeração",18/03/2020 08:51,https://g1.globo.com/mg/triangulo-mineiro/noticia/2020/03/18/coronavirus-associacao-de-supermercados-garante-estoque-em-uberlandia-mas-pede-que-consumidor-evite-aglomeracao.ghtml
30/12/2019,vazia,Brasileiro mostra prateleiras de supermercados vazias nos Estados Unidos e faz alerta: 'Preparem-se',18/03/2020 07:04,https://g1.globo.com/sp/sorocaba-jundiai/noticia/2020/03/18/brasileiro-mostra-prateleiras-de-supermercados-vazias-nos-estados-unidos-e-faz-alerta-preparem-se.ghtml
30/12/2019,pandemia,"Polícia reforça rondas em hospitais, farmácias e supermercados durante pandemia de coronavírus em SP",27/03/2020 15:40,https://g1.globo.com/sp/sao-paulo/noticia/2020/03/27/policia-reforca-ronda-em-hospitais-farmacias-e-supermercados-durante-pandemia-de-coronavirus-em-sp.ghtml
30/12/2019,vazia,"Após casos de coronavírus, clientes lotam supermercados em Cuiabá e prateleiras com álcool são esvaziadas",18/03/2020 12:43,https://g1.globo.com/mt/mato-grosso/noticia/2020/03/18/apos-casos-de-coronavirus-clientes-lotam-supermercados-em-cuiaba-e-prateleiras-com-alcool-sao-esvaziadas.ghtml
30/12/2019,coronavírus,Coronavírus: Prefeitura de Cianorte decreta toque de recolher e muda horários de ônibus e supermercados,24/03/2020 19:35,https://g1.globo.com/pr/norte-noroeste/noticia/2020/03/24/coronavirus-prefeitura-de-cianorte-decreta-toque-de-recolher-e-muda-horarios-de-onibus-e-supermercados.ghtml
30/12/2019,aumento,Ceasa registra aumento nos preços; associação de supermercados diz que alta não chegou a consumidores,27/03/2020 15:46,https://g1.globo.com/ce/ceara/noticia/2020/03/27/ceasa-registra-aumento-nos-precos-associacao-de-supermercados-diz-que-alta-nao-chegou-a-consumidores.ghtml
30/12/2019,estoque,"Após aumento no movimento em supermercados de SP, associação pede que consumidores não estoquem produtos",17/03/2020 12:58,https://g1.globo.com/sp/sao-paulo/noticia/2020/03/17/apos-aumento-no-movimento-em-supermercados-de-sp-associacao-pede-que-consumidores-nao-estoquem-produtos.ghtml
30/12/2019,aumento,"Aumento no movimento em supermercados de SP chega a 18% nesta segunda, diz associação",17/03/2020 21:42,https://g1.globo.com/sp/sao-paulo/noticia/2020/03/17/aumento-no-movimento-em-supermercados-de-sp-chega-a-18percent-nesta-segunda-diz-associacao.ghtml
30/12/2019,produto,"Mais de 2,7 mil produtos fora do prazo de validade são apreendidos em supermercados do Tocantins",18/02/2020 10:37,https://g1.globo.com/to/tocantins/noticia/2020/02/18/mais-de-27-mil-produtos-fora-do-prazo-de-validade-sao-apreendidos-em-supermercados-do-tocantins.ghtml
30/12/2019,limitar,"Coronavírus em SC: após decreto de emergência, supermercados têm filas e poderão limitar vendas",18/03/2020 17:59,https://g1.globo.com/sc/santa-catarina/noticia/2020/03/18/coronavirus-em-sc-apos-decreto-de-emergencia-supermercados-tem-filas-e-poderao-limitar-vendas.ghtml
30/12/2019,alerta,Covid-19: MPT notifica 5 supermercados de Cuiabá e alerta sobre medidas de proteção a trabalhadores,26/03/2020 11:18,https://g1.globo.com/mt/mato-grosso/noticia/2020/03/26/mpt-notifica-5-supermercados-de-cuiaba-e-alerta-sobre-medidas-de-protecao-a-trabalhadores.ghtml
30/12/2019,vazia,"Coronavírus: 'Parece cena de filme', diz potiguar que mora na Espanha sobre supermercados com prateleiras vazias",12/03/2020 17:35,https://g1.globo.com/rn/rio-grande-do-norte/noticia/2020/03/12/coronavirus-parece-cena-de-filme-diz-potiguar-que-mora-na-espanha-sobre-supermercados-com-prateleiras-vazias.ghtml
30/12/2019,pandemia,Rio anuncia medidas contra pandemia: restaurantes populares terão jantar e supermercados podem funcionar 24h,21/03/2020 16:09,https://g1.globo.com/rj/rio-de-janeiro/noticia/2020/03/21/rio-anuncia-medidas-contra-pandemia-restaurantes-populares-terao-jantar-e-supermercados-podem-funcionar-24h.ghtml
30/12/2019,covid-19,Supermercados e bancos do DF adotam horário especial de atendimento a grupo de risco do Covid-19,18/03/2020 19:51,https://g1.globo.com/df/distrito-federal/noticia/2020/03/18/supermercados-e-bancos-do-df-adotam-horario-especial-de-atendimento-a-grupo-de-risco-do-covid-19.ghtml
30/12/2019,termina,"Supermercados de Salvador devem ter horários exclusivos para idosos, determina prefeitura; veja novas medidas",25/03/2020 11:41,https://g1.globo.com/ba/bahia/noticia/2020/03/25/supermercados-de-salvador-devem-ter-horarios-exclusivos-para-idosos-determina-prefeitura-veja-novas-medidas.ghtml
30/12/2019,coronavírus,Coronavírus: Prefeitura de SP proíbe funcionamento de comércio a partir de sexta; supermercados e farmácias continuarão abertos,18/03/2020 22:19,https://g1.globo.com/sp/sao-paulo/noticia/2020/03/18/coronavirus-bruno-covas-determina-fechamento-do-comercio-em-sp-ate-5-de-abril.ghtml
30/12/2019,preço,"Preços de frutas e legumes podem variar até 276% em supermercados de Fortaleza, aponta pesquisa do Procon",28/01/2020 13:50,https://g1.globo.com/ce/ceara/noticia/2020/01/28/precos-de-frutas-e-legumes-podem-variar-ate-276percent-em-supermercados-de-fortaleza-aponta-pesquisa-do-procon.ghtml
30/12/2019,limitar,Falta de álcool em gel em comércios faz associação de supermercados limitar venda de produto no ES,17/03/2020 12:51,https://g1.globo.com/es/espirito-santo/noticia/2020/03/17/falta-de-alcool-em-gel-em-comercios-faz-associacao-de-supermercados-limitar-venda-de-produto-no-es.ghtml
30/12/2019,preço,"Supermercados de SP vão vender álcool gel pelo preço de custo a partir de segunda, diz Doria",19/03/2020 13:23,https://g1.globo.com/sp/sao-paulo/noticia/2020/03/19/supermercados-vao-vender-alcool-gel-pelo-preco-de-custo-em-sp-a-partir-de-segunda-diz-doria.ghtml
30/12/2019,vazia,Mogiano que foi embora para a Espanha em 2001 está assustado com o coronavírus: 'prateleiras dos supermercados estão vazias',13/03/2020 19:25,https://g1.globo.com/sp/mogi-das-cruzes-suzano/noticia/2020/03/13/mogiano-que-foi-embora-para-a-espanha-em-2001-esta-assustado-com-o-coronavirus-prateleiras-dos-supermercados-estao-vazias.ghtml
30/12/2019,compra,"Após casos de coronavírus no AC, consumidores vão a supermercados fazer compras e à procura de álcool em gel",17/03/2020 20:39,https://g1.globo.com/ac/acre/noticia/2020/03/17/apos-casos-de-coronavirus-no-ac-consumidores-vao-a-supermercados-fazer-compras-e-a-procura-de-alcool-em-gel.ghtml
30/12/2019,compra,"Preocupados com o coronavírus, moradora e rede supermercados do Alto Tietê criam iniciativas para facilitar compras dos idosos",20/03/2020 09:38,https://g1.globo.com/sp/mogi-das-cruzes-suzano/noticia/2020/03/20/preocupados-com-o-coronavirus-moradora-e-rede-supermercados-do-alto-tiete-criam-iniciativas-para-facilitar-compras-dos-idosos.ghtml
30/12/2019,termina,Determinação da Prefeitura de SP de fechar comércio passa a valer nesta sexta; supermercados e farmácias continuarão abertos,20/03/2020 14:27,https://g1.globo.com/sp/sao-paulo/noticia/2020/03/20/determinacao-da-prefeitura-de-sp-de-fechar-comercio-passa-a-valer-nesta-sexta-supermercados-e-farmacias-continuarao-abertos.ghtml
30/12/2019,limitar,"Coronavírus: supermercados e farmácias devem limitar 1 pessoa por família para fazer compras no RN, determina decreto",21/03/2020 13:48,https://g1.globo.com/rn/rio-grande-do-norte/noticia/2020/03/21/coronavirus-supermercados-e-farmacias-devem-limitar-1-pessoa-por-familia-para-fazer-compras-no-rn-determina-decreto.ghtml
30/12/2019,coronavírus,Coronavírus: Câmara de Campinas vota lei que obriga oferta de álcool em gel para clientes em postos de combustíveis e supermercados,23/03/2020 07:13,https://g1.globo.com/sp/campinas-regiao/noticia/2020/03/23/coronavirus-camara-de-campinas-vota-lei-que-obriga-oferta-de-alcool-em-gel-para-clientes-em-postos-de-combustiveis-e-supermercados.ghtml
30/12/2019,coronavírus,Estabelecimentos no Pará suspendem atividades como forma prevenção ao coronavírus,23/03/2020 17:08,https://g1.globo.com/pa/para/noticia/2020/03/18/estabelecimentos-no-para-alteram-horarios-de-funcionamento-e-suspendem-atividades-como-prevencao-ao-coronavirus.ghtml
30/12/2019,alagamento,Chuva forte em Carmo da Cachoeira provoca alagamento e queda de árvores,21/01/2020 09:34,https://g1.globo.com/mg/sul-de-minas/noticia/2020/01/21/chuva-forte-em-carmo-da-cachoeira-provoca-alagamento-e-queda-de-arvores.ghtml
30/12/2019,coronavírus,Coronavírus: cerca de 150 mil famílias de BH vão receber cestas básicas da prefeitura,25/03/2020 11:12,https://g1.globo.com/mg/minas-gerais/noticia/2020/03/24/coronavirus-cerca-de-150-mil-familias-de-bh-vao-receber-cestas-basicas-da-prefeitura.ghtml
30/03/2020,acaba,"Incêndio atinge supermercado em Copacabana, na Zona Sul do Rio",20/05/2020 20:42,https://g1.globo.com/rj/rio-de-janeiro/noticia/2020/05/20/incendio-atinge-imovel-em-copacabana-na-zona-sul-do-rio.ghtml
30/03/2020,interditado,Supermercado em Salvador é interditado após descumprir decreto da prefeitura,18/04/2020 21:07,https://g1.globo.com/ba/bahia/noticia/2020/04/18/supermercado-em-salvador-e-interditado-apos-descumprir-decreto-da-prefeitura.ghtml
30/03/2020,coronavírus,De plantão: caixa de supermercado relata rotina de precaução contra coronavírus,30/04/2020 21:37,https://g1.globo.com/sp/vale-do-paraiba-regiao/noticia/2020/04/30/de-plantao-caixa-de-supermercado-relata-rotina-de-precaucao-contra-coronavirus.ghtml
30/03/2020,preço,"Supermercado é autuado por preços abusivos de produtos, em João Pessoa",30/03/2020 12:43,https://g1.globo.com/pb/paraiba/noticia/2020/03/30/supermercado-e-autuado-por-precos-abusivos-de-produtos-em-joao-pessoa.ghtml
30/03/2020,compra,Cliente é assaltada enquanto fazia compras em supermercado de Fortaleza; vídeo,03/06/2020 15:09,https://g1.globo.com/ce/ceara/noticia/2020/06/03/cliente-e-assaltada-enquanto-fazia-compras-em-supermercado-de-fortaleza-video.ghtml
30/03/2020,interditado,"Com dois funcionários com coronavírus, supermercado é interditado em São Leopoldo",30/04/2020 12:53,https://g1.globo.com/rs/rio-grande-do-sul/noticia/2020/04/29/com-dois-funcionarios-com-coronavirus-supermercado-e-interditado-em-sao-leopoldo.ghtml
30/03/2020,covid-19,Treze funcionários de supermercado de Marília são afastados por Covid-19,26/05/2020 18:54,https://g1.globo.com/sp/bauru-marilia/noticia/2020/05/26/treze-funcionarios-de-supermercado-de-marilia-sao-afastados-por-covid-19.ghtml
30/03/2020,interditado,Supermercado que teve oito funcionários com Covid-19 é interditado no ES,29/04/2020 12:58,https://g1.globo.com/es/espirito-santo/noticia/2020/04/29/supermercado-que-teve-oito-funcionarios-com-covid-19-e-interditado-no-es.ghtml
30/03/2020,alimento,Dupla é presa suspeita de furtar 100 quilos de alimentos em supermercado,26/06/2020 17:06,https://g1.globo.com/sp/sorocaba-jundiai/noticia/2020/06/26/dupla-e-presa-suspeita-de-furtar-100-quilos-de-alimentos-em-supermercado.ghtml
30/03/2020,coronavírus,Supermercado instala cabine de desinfecção contra o novo coronavírus em Boa Vista,09/05/2020 16:43,https://g1.globo.com/rr/roraima/noticia/2020/05/09/supermercado-instala-cabine-de-desinfeccao-contra-o-novo-coronavirus-em-boa-vista.ghtml
30/03/2020,preço,Gerente de supermercado é preso por prática de preço abusivo em Ubatuba,10/04/2020 14:14,https://g1.globo.com/sp/vale-do-paraiba-regiao/noticia/2020/04/10/gerente-de-supermercado-e-preso-por-pratica-de-preco-abusivo-em-ubatuba.ghtml
30/03/2020,covid-19,Supermercado em Florianópolis é fechado para desinfecção após funcionários contraírem Covid-19,09/04/2020 16:00,https://g1.globo.com/sc/santa-catarina/noticia/2020/04/08/supermercado-em-florianopolis-e-fechado-para-desinfeccao-apos-funcionarios-contrairem-covid-19.ghtml
30/03/2020,coronavírus,Unidade de supermercado em Salvador é fechada após funcionário ser diagnosticado com coronavírus,27/04/2020 22:07,https://g1.globo.com/ba/bahia/noticia/2020/04/27/unidade-de-supermercado-em-salvador-e-fechada-apos-funcionario-ser-diagnosticado-com-coronavirus.ghtml
30/03/2020,fila,VÍDEO: caixa de supermercado é agredida após alertar cliente sobre distância na fila,07/05/2020 13:09,https://g1.globo.com/sp/vale-do-paraiba-regiao/noticia/2020/05/07/video-caixa-de-supermercado-e-agredida-apos-alertar-cliente-sobre-distancia-na-fila.ghtml
30/03/2020,alimento,"Após denúncias, operação apreende alimentos impróprios para consumo em supermercado de Rio Branco",08/06/2020 15:16,https://g1.globo.com/ac/acre/noticia/2020/06/08/apos-denuncias-operacao-apreende-alimentos-improprios-para-consumo-em-supermercado-de-rio-branco.ghtml
30/03/2020,interditado,Supermercado de Jaú é interditado após 9 funcionários testarem positivo para Covid-19,23/06/2020 13:35,https://g1.globo.com/sp/bauru-marilia/noticia/2020/06/23/supermercado-de-jau-e-interditado-apos-9-funcionarios-testarem-positivo-para-covid-19.ghtml
30/03/2020,covid-19,Supermercado no ES registra oito casos positivos de Covid-19 entre os funcionários,28/04/2020 10:49,https://g1.globo.com/es/espirito-santo/noticia/2020/04/28/supermercado-no-es-registra-oito-casos-positivos-de-covid-19-entre-os-funcionarios.ghtml
30/03/2020,pandemia,Rede de supermercado oferece vagas em Teresina para reforçar quadro durante a pandemia,28/04/2020 07:21,https://g1.globo.com/pi/piaui/noticia/2020/04/28/rede-de-supermercado-oferece-vagas-em-teresina-para-reforcar-quadro-durante-a-pandemia.ghtml
30/03/2020,compra,Supermercado instala cabine de desinfecção para carrinhos de compras em Rio Verde; vídeo,28/05/2020 06:26,https://g1.globo.com/go/goias/noticia/2020/05/28/supermercado-instala-cabine-de-desinfeccao-para-carrinhos-de-compras-em-rio-verde-video.ghtml
30/03/2020,limitar,Justiça manda supermercado limitar número de clientes na loja durante quarentena em Capivari,04/04/2020 15:46,https://g1.globo.com/sp/piracicaba-regiao/noticia/2020/04/04/justica-manda-supermercado-limitar-numero-de-clientes-na-loja-durante-quarentena-em-capivari.ghtml
30/03/2020,prateleira,Leite destinado à merenda escolar é flagrado em prateleira de supermercado em Criciúma,05/05/2020 10:52,https://g1.globo.com/sc/santa-catarina/noticia/2020/05/05/leite-destinado-a-merenda-escolar-e-flagrado-em-prateleira-de-supermercado-em-criciuma.ghtml
30/03/2020,interditado,Supermercado de Florianópolis é interditado para desinfecção após funcionário ser diagnosticado com coronavírus,19/04/2020 14:53,https://g1.globo.com/sc/santa-catarina/noticia/2020/04/19/supermercado-de-florianopolis-e-interditado-para-desinfeccao-apos-funcionario-ser-diagnosticado-com-coronavirus.ghtml
30/03/2020,coronavírus,Supermercado é autuado pelo Procon por descumprir medidas para evitar avanço do novo coronavírus,04/05/2020 17:56,https://g1.globo.com/pe/pernambuco/noticia/2020/05/04/supermercado-e-autuado-pelo-procon-por-descumprir-medidas-para-evitar-avanco-do-novo-coronavirus.ghtml
30/03/2020,coronavírus,Terceirizado de supermercado de São Carlos testa positivo para coronavírus e está na UTI,23/04/2020 11:44,https://g1.globo.com/sp/sao-carlos-regiao/noticia/2020/04/22/terceirizado-de-supermercado-testa-positivo-para-coronavirus-e-e-afastado-em-sao-carlos.ghtml
30/03/2020,aglomeração,Inauguração de supermercado gera aglomeração em Parnaíba; cidade com 203 casos da Covid-19,22/05/2020 16:10,https://g1.globo.com/pi/piaui/noticia/2020/05/22/inauguracao-de-supermercado-gera-aglomeracao-em-parnaiba-cidade-com-203-casos-da-covid-19.ghtml
30/03/2020,covid-19,Supermercado fica fechado em Araraquara após registrar 3 casos de Covid-19 entre funcionários,21/06/2020 13:22,https://g1.globo.com/sp/sao-carlos-regiao/noticia/2020/06/21/supermercado-fica-fechado-em-araraquara-apos-registrar-3-casos-de-covid-19-entre-funcionarios.ghtml
30/03/2020,fila,"Coronavírus: apesar da quarentena, farmácia de alto custo e supermercado têm filas em Campinas",01/04/2020 14:34,https://g1.globo.com/sp/campinas-regiao/noticia/2020/04/01/coronavirus-apesar-da-quarentena-farmacia-de-alto-custo-e-supermercado-tem-filas-em-campinas.ghtml
30/03/2020,termina,"Cliente tenta entrar sem máscara em supermercado de Curitiba, e caso termina em confusão",17/04/2020 21:51,https://g1.globo.com/pr/parana/noticia/2020/04/17/cliente-tenta-entrar-sem-mascara-em-supermercado-de-curitiba-e-caso-termina-em-confusao.ghtml
30/03/2020,compra,"Supermercado em Manaus torna obrigatório uso de máscara durante compras, em prevenção à Covid-19",25/04/2020 19:13,https://g1.globo.com/am/amazonas/noticia/2020/04/25/supermercado-em-manaus-torna-obrigatorio-uso-de-mascara-durante-compras-em-prevencao-a-covid-19.ghtml
30/03/2020,interditado,Supermercado que havia sido interditado por ter funcionários com coronavírus é reaberto em São Leopoldo,05/05/2020 13:35,https://g1.globo.com/rs/rio-grande-do-sul/noticia/2020/05/05/supermercado-que-havia-sido-interditado-por-ter-funcionarios-com-coronavirus-e-reaberto-em-sao-leopoldo.ghtml
30/03/2020,produto,Supermercado que estava vendendo 2 toneladas de produtos impróprios para consumo no AC é autuado,11/06/2020 15:27,https://g1.globo.com/ac/acre/noticia/2020/06/11/supermercado-que-estava-vendendo-2-toneladas-de-produtos-improprios-para-consumo-no-ac-e-autuado.ghtml
30/03/2020,covid-19,Supermercado de São Carlos fecha loja para desinfecção após confirmação de casos de Covid-19,23/04/2020 12:52,https://g1.globo.com/sp/sao-carlos-regiao/noticia/2020/04/23/supermercado-de-sao-carlos-fecha-loja-para-desinfeccao-apos-confirmacao-de-casos-de-covid-19.ghtml
30/03/2020,covid-19,São Carlos confirma 5 novos casos de Covid-19 ligados ao funcionário terceirizado de supermercado,23/04/2020 11:40,https://g1.globo.com/sp/sao-carlos-regiao/noticia/2020/04/22/sao-carlos-confirma-5-novos-casos-de-covid-19-ligados-ao-funcionario-terceirizado-de-supermercado.ghtml
30/03/2020,produto,Procon apreende mais de 130 produtos com validade vencida em supermercado no interior do AM,17/04/2020 14:30,https://g1.globo.com/am/amazonas/noticia/2020/04/17/procon-apreende-mais-de-130-produtos-com-validade-vencida-em-supermercado-no-interior-do-am.ghtml
30/03/2020,coronavírus,Veja dicas de como se portar no supermercado para diminuir risco de contágio pelo coronavírus,01/04/2020 10:08,https://g1.globo.com/pe/pernambuco/noticia/2020/04/01/veja-dicas-de-como-se-portar-no-supermercado-para-diminuir-risco-de-contagio-pelo-coronavirus.ghtml
30/03/2020,coronavírus,"Com 16 funcionários infectados pelo coronavírus, supermercado atacadista em Porto Seguro, na Bahia, é fechado",04/06/2020 21:02,https://g1.globo.com/ba/bahia/noticia/2020/06/04/com-16-funcionarios-infectados-pelo-coronavirus-supermercado-atacadista-em-porto-seguro-na-bahia-e-fechado.ghtml
30/03/2020,coronavírus,É #FAKE que vídeo mostre saque a supermercado no Brasil após restrições por conta do coronavírus,06/04/2020 15:40,https://g1.globo.com/fato-ou-fake/noticia/2020/03/27/e-fake-que-video-mostre-saque-a-supermercado-no-brasil-apos-restricoes-por-conta-do-coronavirus.ghtml
30/03/2020,interditado,Supermercado em Coronel Fabriciano fica interditado no fim de semana por aglomerar pessoas ao divulgar promoção,30/03/2020 22:11,https://g1.globo.com/mg/vales-mg/noticia/2020/03/30/supermercado-em-coronel-fabriciano-fica-interditado-no-fim-de-semana-por-aglomerar-pessoas-ao-divulgar-promocao.ghtml
30/03/2020,covid-19,É #FAKE que unidade do supermercado Mundial foi fechada no Rio após funcionários morrerem de Covid-19,06/05/2020 23:30,https://g1.globo.com/fato-ou-fake/coronavirus/noticia/2020/05/06/e-fake-que-unidade-do-supermercado-mundial-foi-fechada-no-rio-apos-funcionarios-morrerem-de-covid-19.ghtml
30/03/2020,preço,"Procon Fortaleza registra 458 denúncias de preços abusivos em itens de supermercado, máscaras e álcool em gel",02/04/2020 08:40,https://g1.globo.com/ce/ceara/noticia/2020/04/01/procon-fortaleza-registra-458-denuncias-de-precos-abusivos-em-itens-de-supermercado-mascaras-e-alcool-em-gel.ghtml
30/03/2020,produto,"Mulher é presa com mais de R$ 2 mil em produtos furtados de supermercado em Santos, SP",16/04/2020 13:54,https://g1.globo.com/sp/santos-regiao/noticia/2020/04/15/mulher-e-presa-com-mais-de-r-2-mil-em-produtos-furtados-de-supermercado-em-santos-sp.ghtml
30/03/2020,alimento,Mais de 100 kg de alimentos e itens com validade vencida são apreendidos em supermercado de Manaus,28/05/2020 12:21,https://g1.globo.com/am/amazonas/noticia/2020/05/28/mais-de-100-kg-de-alimentos-e-itens-com-validade-vencida-sao-apreendidos-em-supermercado-de-manaus.ghtml
30/03/2020,coronavírus,"Supermercado checa temperatura de clientes e coloca proteção de vidro em caixas para evitar coronavírus, em Rio Verde",02/04/2020 09:52,https://g1.globo.com/go/goias/noticia/2020/04/02/supermercado-checa-temperatura-de-clientes-e-coloca-protecao-de-vidro-em-caixas-para-evitar-coronavirus-em-rio-verde.ghtml
30/03/2020,fila,"Em meio à pandemia, milhares de candidatos formam fila para tentar vaga de emprego em supermercado de Cascavel",02/06/2020 12:13,https://g1.globo.com/pr/oeste-sudoeste/noticia/2020/06/02/em-meio-a-pandemia-milhares-de-candidatos-formam-fila-para-tentar-vaga-de-emprego-em-supermercado-de-cascavel.ghtml
30/03/2020,covid-19,"'Tive que aprender de novo a tomar água, comer', conta repositor de supermercado curado de Covid-19 após 14 dias na UTI em SC",29/04/2020 10:28,https://g1.globo.com/sc/santa-catarina/noticia/2020/04/29/tive-que-aprender-de-novo-a-tomar-agua-comer-conta-repositor-de-supermercado-curado-de-covid-19-apos-14-dias-na-uti-em-sc.ghtml
30/03/2020,termina,Concessionária disponibiliza terminais de autoatendimento em supermercados,24/06/2020 16:00,https://g1.globo.com/rj/regiao-dos-lagos/especial-publicitario/prolagos/prolagos-nossa-natureza-movimenta-a-vida/noticia/2020/06/24/concessionaria-disponibiliza-terminais-de-autoatendimento-em-supermercados.ghtml
30/03/2020,dispara,Preço do ovo dispara nos supermercados de Petrolina,19/04/2020 09:24,https://g1.globo.com/pe/petrolina-regiao/noticia/2020/04/19/preco-do-ovo-dispara-nos-supermercados-de-petrolina.ghtml
30/03/2020,coronavírus,Coronavírus: Fiscalização a supermercados é realizada em Nova Serrana,08/04/2020 13:34,https://g1.globo.com/mg/centro-oeste/noticia/2020/04/08/coronavirus-fiscalizacao-a-supermercados-e-realizada-em-nova-serrana.ghtml
30/03/2020,pandemia,"Com pandemia, sistema de delivery cresce em supermercados de Sorocaba",07/04/2020 15:30,https://g1.globo.com/sp/sorocaba-jundiai/noticia/2020/04/07/com-pandemia-sistema-de-delivery-cresce-em-supermercados-de-sorocaba.ghtml
30/03/2020,preço,Supermercados prometem ao governo federal evitar preços abusivos,22/04/2020 19:00,https://g1.globo.com/economia/noticia/2020/04/22/supermercados-prometem-ao-governo-federal-evitar-precos-abusivos.ghtml
30/03/2020,coronavírus,Coronavírus: Ponta Grossa restringe circulação de pessoas em supermercados,05/04/2020 18:52,https://g1.globo.com/pr/campos-gerais-sul/noticia/2020/04/05/coronavirus-ponta-grossa-restringe-circulacao-de-pessoas-em-supermercados.ghtml
30/03/2020,termina,Picos antecipa feriados e determina fechamento de supermercados e lotéricas,04/06/2020 16:44,https://g1.globo.com/pi/piaui/noticia/2020/06/04/picos-antecipa-feriados-e-determina-fechamento-de-supermercados-e-lotericas-para-incentivar-isolamento.ghtml
30/03/2020,preço,Preço dos alimentos da cesta básica sobe nos supermercados de Palmas,19/04/2020 10:10,https://g1.globo.com/to/tocantins/noticia/2020/04/19/preco-dos-alimentos-da-cesta-basica-sobe-neste-mes-de-abril-nos-supermercados-de-palmas.ghtml
30/03/2020,coronavírus,Coronavírus: Campinas multa 18 supermercados por descumprirem medidas sanitárias,25/06/2020 19:32,https://g1.globo.com/sp/campinas-regiao/noticia/2020/06/20/coronavirus-campinas-multa-18-supermercados-por-descumprirem-medidas-sanitarias.ghtml
30/03/2020,coronavírus,"Gerente de rede de supermercados morre por coronavírus, em João Pessoa",16/04/2020 16:09,https://g1.globo.com/pb/paraiba/noticia/2020/04/04/gerente-de-rede-supermercados-morre-por-covid-19-em-joao-pessoa.ghtml
30/03/2020,item,Prefeituras permitem funcionamento de supermercados e padarias aos domingos e feriados,09/04/2020 17:37,https://g1.globo.com/rn/rio-grande-do-norte/noticia/2020/04/09/prefeituras-de-natal-e-mossoro-permitem-funcionamento-de-supermercados-e-padarias-aos-domingos-e-feriados.ghtml
30/03/2020,preço,Preço do alho e da cebola sobe nos supermercados e feiras de Palmas,25/05/2020 08:29,https://g1.globo.com/to/tocantins/noticia/2020/05/25/preco-do-alho-e-da-cebola-sobe-nos-supermercados-e-feiras-de-palmas.ghtml
30/03/2020,coronavírus,"Rio amplia medidas contra coronavírus para mercados, supermercados e hortifrutis",14/04/2020 19:07,https://g1.globo.com/rj/rio-de-janeiro/noticia/2020/04/14/rio-amplia-medidas-contra-coronavirus-para-mercados-supermercados-e-hortifrutis.ghtml
30/03/2020,coronavírus,Coronavírus: TJ-PR autoriza reabertura de supermercados aos domingos em Maringá,23/04/2020 22:36,https://g1.globo.com/pr/norte-noroeste/noticia/2020/04/23/coronavirus-tj-pr-autoriza-reabertura-de-supermercados-aos-domingos-em-maringa.ghtml
30/03/2020,pandemia,Supermercados de Teresina têm novas regras de funcionamento durante pandemia; entenda,22/04/2020 21:18,https://g1.globo.com/pi/piaui/noticia/2020/04/22/prefeito-de-teresina-assina-decreto-que-determina-novas-regras-de-funcionamento-aos-supermercados.ghtml
30/03/2020,coronavírus,Valinhos decreta novas medidas de combate ao coronavírus dentro dos supermercados,11/04/2020 13:48,https://g1.globo.com/sp/campinas-regiao/noticia/2020/04/11/valinhos-decreta-novas-medidas-de-combate-ao-coronavirus-dentro-dos-supermercados.ghtml
30/03/2020,repor,Farmácias e supermercados de Palmas conseguem repor estoques de álcool em gel,08/04/2020 19:07,https://g1.globo.com/to/tocantins/noticia/2020/04/08/farmacias-e-supermercados-de-palmas-conseguem-repor-estoques-de-alcool-em-gel.ghtml
30/03/2020,lotam,Teresinenses lotam postos de combustíveis e supermercados após decreto que impede abertura,26/06/2020 21:48,https://g1.globo.com/pi/piaui/noticia/2020/06/26/teresinenses-lotam-postos-de-combustiveis-e-supermercados-apos-decreto-que-impede-abertura.ghtml
30/03/2020,falta,Prefeito de Teresina critica abertura de supermercados: ‘falta de solidariedade à população',27/06/2020 10:38,https://g1.globo.com/pi/piaui/noticia/2020/06/27/prefeito-de-teresina-critica-abertura-de-supermercados-falta-de-solidariedade-a-populacao.ghtml
30/03/2020,pandemia,Supermercados garantem novas oportunidades de emprego mesmo com pandemia da Covid-19,20/06/2020 08:48,https://g1.globo.com/sp/itapetininga-regiao/noticia/2020/06/20/supermercados-garantem-novas-oportunidades-de-emprego-mesmo-com-pandemia-da-covid-19.ghtml
30/03/2020,coronavírus,Coronavírus: supermercados medem temperatura de clientes ao entrarem nas lojas em Campinas,08/04/2020 14:56,https://g1.globo.com/sp/campinas-regiao/noticia/2020/04/08/coronavirus-supermercados-medem-temperatura-de-clientes-ao-entrarem-nas-lojas-em-campinas.ghtml
30/03/2020,preço,"Após denúncias, Procon de Uberlândia intensifica fiscalização de preços abusivos em supermercados",01/04/2020 11:07,https://g1.globo.com/mg/triangulo-mineiro/noticia/2020/04/01/apos-denuncias-procon-de-uberlandia-intensifica-fiscalizacao-de-precos-abusivos-em-supermercados.ghtml
30/03/2020,coronavírus,Coronavírus: Uso de máscaras é obrigatório para clientes de supermercados de BH,24/04/2020 14:45,https://g1.globo.com/mg/minas-gerais/noticia/2020/04/24/coronavirus-uso-de-mascaras-e-obrigatorio-para-clientes-de-supermercados-de-bh.ghtml
30/03/2020,fila,Supermercados do RJ ainda têm aglomeração e filas durante pandemia do novo coronavírus,02/04/2020 08:39,https://g1.globo.com/rj/rio-de-janeiro/noticia/2020/04/02/supermercados-do-rj-ainda-tem-aglomeracao-e-filas-durante-pandemia-do-novo-coronavirus.ghtml
30/03/2020,corrida,São Luís tem corrida aos supermercados antes de lockdown por causa do coronavírus,02/05/2020 21:42,https://g1.globo.com/jornal-nacional/noticia/2020/05/02/sao-luis-tem-corrida-aos-supermercados-antes-de-lockdown-por-causa-do-coronavirus.ghtml
30/03/2020,pandemia,Vendas nos supermercados do Reino Unido têm recorde histórico pela pandemia,31/03/2020 10:44,https://g1.globo.com/economia/noticia/2020/03/31/vendas-nos-supermercados-do-reino-unido-tem-recorde-historico-pela-pandemia.ghtml
30/03/2020,pandemia,"Mesmo com pandemia, moradores de Sorocaba ignoram decreto e vão em grupo a supermercados",26/05/2020 11:33,https://g1.globo.com/sp/sorocaba-jundiai/noticia/2020/05/26/mesmo-com-pandemia-moradores-de-sorocaba-ignoram-decreto-e-vao-em-grupo-a-supermercados.ghtml
30/03/2020,aumentam,Supermercados aumentam faturamento na pandemia e fazem novas contratações em Rio Preto,23/05/2020 08:10,https://g1.globo.com/sp/sao-jose-do-rio-preto-aracatuba/noticia/2020/05/23/supermercados-aumentam-faturamento-na-pandemia-e-fazem-novas-contratacoes-em-rio-preto.ghtml
30/03/2020,coronavírus,Coronavírus: operação fiscaliza medidas de prevenção para funcionários de supermercados na PB,16/04/2020 23:04,https://g1.globo.com/pb/paraiba/noticia/2020/04/16/coronavirus-operacao-fiscaliza-medidas-de-prevencao-para-funcionarios-de-supermercados-na-pb.ghtml
30/03/2020,termina,Coronavírus: Prefeitura de Passo Fundo determina fechamento de supermercados por 24 horas,03/05/2020 12:26,https://g1.globo.com/rs/rio-grande-do-sul/noticia/2020/05/03/coronavirus-prefeitura-de-passo-fundo-determina-fechamento-de-supermercados-por-24-horas.ghtml
30/03/2020,estoque,Supermercados de Petrolina diminuem estoques de ovos de páscoa para evitar prejuízos,09/04/2020 16:00,https://g1.globo.com/pe/petrolina-regiao/noticia/2020/04/09/supermercados-de-petrolina-diminuem-estoques-de-ovos-de-pascoa-para-evitar-prejuizos.ghtml
30/03/2020,preço,Procon fiscaliza três supermercados de Boa Vista após denúncias de preços abusivos,02/04/2020 17:39,https://g1.globo.com/rr/roraima/noticia/2020/04/02/procon-fiscaliza-tres-supermercados-de-boa-vista-apos-denuncias-de-precos-abusivos.ghtml
30/03/2020,compra,Lei limita a compra de alimentos e de itens de higiene em supermercados de Goiás,16/04/2020 12:05,https://g1.globo.com/go/goias/noticia/2020/04/15/governo-limita-compra-de-produtos-alimenticios-basicos-e-de-higiene-em-supermercados-de-goias.ghtml
30/03/2020,preço,"Preços em supermercados de Fortaleza sobem 5,50% em abril, mostra pesquisa do Procon",23/04/2020 14:28,https://g1.globo.com/ce/ceara/noticia/2020/04/23/precos-em-supermercados-de-fortaleza-sobem-550percent-em-abril-mostra-pesquisa-do-procon.ghtml
30/03/2020,restrição,Blumenau anuncia proibição de idosos em ônibus e restrição no acesso a supermercados,26/06/2020 09:23,https://g1.globo.com/sc/santa-catarina/noticia/2020/06/25/blumenau-proibe-idosos-em-onibus-e-restringe-acesso-a-supermercados.ghtml
30/03/2020,essenciais,"Em novo decreto, supermercados e outros serviços essenciais têm horários alterados em Teresina",11/04/2020 13:52,https://g1.globo.com/pi/piaui/noticia/2020/04/11/em-novo-decreto-supermercados-e-outros-servicos-essenciais-tem-horarios-alterados.ghtml
30/03/2020,covid-19,Prefeitura interdita supermercados em Bauru por furarem decreto municipal contra a Covid-19,06/04/2020 15:16,https://g1.globo.com/sp/bauru-marilia/noticia/2020/04/04/prefeitura-interdita-supermercados-em-bauru-por-furarem-decreto-municipal-contra-a-covid-19.ghtml
30/03/2020,termina,"Decreto determina horário exclusivo para idosos em supermercados de Niterói, RJ",03/04/2020 11:17,https://g1.globo.com/rj/rio-de-janeiro/noticia/2020/04/03/decreto-determina-horario-exclusivo-para-idosos-em-supermercados-de-niteroi-rj.ghtml
30/03/2020,coronavírus,Dois supermercados de Natal são autuados por não cumprirem medidas de prevenção ao coronavírus,01/05/2020 16:33,https://g1.globo.com/rn/rio-grande-do-norte/noticia/2020/05/01/dois-supermercados-de-natal-sao-autuados-por-nao-cumprirem-medidas-de-prevencao-ao-coronavirus.ghtml
30/03/2020,termina,Recife limita clientes em supermercados e determina controle de filas em bancos e lotéricas,13/04/2020 13:17,https://g1.globo.com/pe/pernambuco/noticia/2020/04/13/recife-limita-clientes-em-supermercados-e-determina-controle-de-filas-em-bancos-e-lotericas.ghtml
30/03/2020,pandemia,"Em meio à pandemia do coronavírus, supermercados contratam mil funcionários no RJ",21/04/2020 09:00,https://g1.globo.com/rj/rio-de-janeiro/noticia/2020/04/21/em-meio-a-pandemia-do-coronavirus-supermercados-contratam-mil-funcionarios-no-rj.ghtml
30/03/2020,alimento,Procon apreende mais de 80 quilos de alimentos com validade vencida em supermercados de Manaus,23/04/2020 14:21,https://g1.globo.com/am/amazonas/noticia/2020/04/23/procon-apreende-mais-de-80-quilos-de-alimentos-com-validade-vencida-em-supermercados-de-manaus.ghtml
30/03/2020,fila,Supermercados e bancos de SP têm filas e aglomerações em meio à pandemia de coronavírus,08/04/2020 19:21,https://g1.globo.com/sp/sao-paulo/noticia/2020/04/08/supermercados-e-bancos-de-sp-tem-filas-e-aglomeracoes-em-meio-a-pandemia-de-coronavirus.ghtml
30/03/2020,produto,Pesquisa aponta produtos até duas vezes mais caros entre supermercados de São Luís,28/05/2020 19:56,https://g1.globo.com/ma/maranhao/noticia/2020/05/28/pesquisa-aponta-produtos-ate-duas-vezes-mais-caros-entre-supermercados-de-sao-luis.ghtml
30/03/2020,abastecimento,Supermercados devem ter abastecimento normalizado após falta de produtos durante quarentena no Ceará,01/04/2020 09:03,https://g1.globo.com/ce/ceara/noticia/2020/04/01/supermercados-devem-ter-abastecimento-normalizado-apos-falta-de-produtos-durante-quarentena-no-ceara.ghtml
30/03/2020,aumento,Procon fiscaliza supermercados para verificar aumento em produtos da cesta básica em Teresina,12/05/2020 21:43,https://g1.globo.com/pi/piaui/noticia/2020/05/12/procon-fiscaliza-supermercados-para-verificar-aumento-em-produtos-da-cesta-basica-em-teresina.ghtml
30/03/2020,covid-19,Covid-19: BH deve passar a testar funcionários de supermercados na próxima semana,13/06/2020 15:11,https://g1.globo.com/mg/minas-gerais/noticia/2020/06/13/covid-19-bh-deve-passar-a-testar-funcionarios-de-supermercados-na-proxima-semana.ghtml
30/03/2020,compra,Supermercados de Mogi adotam medidas especiais e clientes mudam hábitos de compra durante pandemia,08/04/2020 16:58,https://g1.globo.com/sp/mogi-das-cruzes-suzano/noticia/2020/04/08/supermercados-de-mogi-adotam-medidas-especiais-e-clientes-mudam-habitos-de-compra-durante-pandemia.ghtml
30/03/2020,termina,"Supermercados e padarias do RN não podem abrir aos domingos e feriados, determina governo",09/04/2020 14:29,https://g1.globo.com/rn/rio-grande-do-norte/noticia/2020/04/09/supermercados-e-padarias-do-rn-nao-podem-abrir-aos-domingos-e-feriados-determina-governo.ghtml
30/03/2020,demanda,"Com aumento da demanda, farmácias e supermercados contratam novos funcionários no RS",06/04/2020 19:04,https://g1.globo.com/rs/rio-grande-do-sul/noticia/2020/04/06/com-aumento-da-demanda-farmacias-e-supermercados-contratam-novos-funcionarios-no-rs.ghtml
30/03/2020,compra,Justiça derruba lei que obriga supermercados a embalar compras de clientes em João Pessoa,14/05/2020 10:22,https://g1.globo.com/pb/paraiba/noticia/2020/05/13/justica-derruba-lei-que-obriga-supermercados-a-embalar-compras-de-clientes-em-joao-pessoa.ghtml
30/03/2020,restrição,"Prefeitura de Paraíso retira restrição de horários para supermercados, farmácias e postos de combustíveis",19/05/2020 15:55,https://g1.globo.com/to/tocantins/noticia/2020/05/19/prefeitura-de-paraiso-retira-restricao-de-horarios-para-supermercados-farmacias-e-postos-de-combustiveis.ghtml
30/03/2020,preço,"Operação contra produtos vencidos e preços abusivos autua 6 supermercados em Franca, SP",20/05/2020 15:03,https://g1.globo.com/sp/ribeirao-preto-franca/noticia/2020/05/20/operacao-contra-produtos-vencidos-e-precos-abusivos-autua-6-supermercados-em-franca-sp.ghtml
30/03/2020,coronavírus,Coronavírus: Prefeito de Florianópolis anuncia testagem por drive-thru e uso de termômetros em supermercados,13/04/2020 09:05,https://g1.globo.com/sc/santa-catarina/noticia/2020/04/11/prefeito-de-florianopolis-anuncia-que-comercios-e-hoteis-continuam-fechados-por-causa-do-coronavirus.ghtml
30/03/2020,pandemia,"Em 2 meses de pandemia, supermercados do RJ têm alta de 85% nas vendas por delivery",20/05/2020 23:30,https://g1.globo.com/rj/rio-de-janeiro/noticia/2020/05/20/em-2-meses-de-pandemia-supermercados-do-rj-tem-alta-de-85percent-nas-vendas-por-delivery.ghtml
30/03/2020,compra,"Sem seguir lockdown, supermercados vendem celular, revistaria abre e famílias saem para as compras",18/05/2020 17:20,https://g1.globo.com/pa/para/noticia/2020/05/18/sem-seguir-lockdown-supermercados-vendem-celular-revistaria-abre-e-familias-saem-para-as-compras.ghtml
30/03/2020,aumentam,"Vendas de supermercados do Rio aumentam 21% na pandemia, diz pesquisa; delivery sobe 124%",22/04/2020 20:31,https://g1.globo.com/rj/rio-de-janeiro/noticia/2020/04/22/supermercados-do-rio-registram-aumento-de-21percent-em-suas-vendas-durante-a-pandemia-diz-pesquisa.ghtml
30/03/2020,covid-19,Prefeitura de Araçatuba publica decreto e restringe acesso a supermercados para combater a Covid-19,09/04/2020 15:08,https://g1.globo.com/sp/sao-jose-do-rio-preto-aracatuba/noticia/2020/04/09/prefeitura-de-aracatuba-publica-decreto-e-restringe-acesso-a-supermercados-para-combater-a-covid-19.ghtml
30/03/2020,compra,ONG de Poá distribui a famílias carentes cartões com R$ 100 para compras em supermercados,01/04/2020 21:55,https://g1.globo.com/sp/mogi-das-cruzes-suzano/noticia/2020/04/01/ong-de-poa-distribui-a-familias-carentes-cartoes-com-r-100-para-compras-em-supermercados.ghtml
30/03/2020,coronavírus,"Vendas online de supermercados quase dobram após o coronavírus, entregas atrasam e exigem investimentos das empresas",07/04/2020 10:44,https://g1.globo.com/economia/noticia/2020/04/07/vendas-online-de-supermercados-quase-dobram-apos-o-coronavirus-entregas-atrasam-e-exigem-investimentos-das-empresas.ghtml
30/03/2020,item,Pará tem o 4º feijão mais caro do país; rede de supermercados aconselha 'boicote' ao item,09/06/2020 19:10,https://g1.globo.com/pa/para/noticia/2020/06/09/para-tem-o-4o-feijao-mais-cara-do-pais-rede-de-supermercados-aconselha-boicote-ao-item.ghtml
30/03/2020,produto,Supermercados em Divinópolis apostam em crescimento e já notam procura por produtos típicos de festas juninas,08/06/2020 17:47,https://g1.globo.com/mg/centro-oeste/noticia/2020/06/08/supermercados-em-divinopolis-apostam-em-crescimento-e-ja-notam-procura-por-produtos-tipicos-de-festas-juninas.ghtml
30/03/2020,limite,Prefeitura de Salvador determina limite do número de clientes em supermercados e estacionamentos; veja as novas medidas,14/04/2020 19:15,https://g1.globo.com/ba/bahia/noticia/2020/04/14/prefeitura-de-salvador-determina-limite-do-numero-de-clientes-em-supermercados-e-estacionamentos-veja-as-novas-medidas.ghtml
30/03/2020,coronavírus,MPT notifica supermercados de Rondonópolis (MT) após três casos confirmados de coronavírus no município,31/03/2020 09:30,https://g1.globo.com/mt/mato-grosso/noticia/2020/03/31/mpt-notifica-supermercados-de-rondonopolis-mt-apos-tres-casos-confirmados-de-coronavirus-no-municipio.ghtml
30/03/2020,limitar,"Na quarentena, supermercados devem limitar em 50% a capacidade de clientes e fechar maior parte do estacionamento",12/05/2020 13:47,https://g1.globo.com/pe/pernambuco/noticia/2020/05/12/na-quarentena-supermercados-devem-limitar-em-50percent-a-capacidade-de-clientes-e-fechar-maior-parte-do-estacionamento.ghtml
30/03/2020,falta,Supermercados na Grande São Luís ficarão abertos durante lockdown e garantem que não haverá falta de alimento,04/05/2020 11:15,https://g1.globo.com/ma/maranhao/noticia/2020/05/04/supermercados-na-grande-sao-luis-ficarao-abertos-durante-lockdown-e-garantem-que-nao-havera-falta-de-alimento.ghtml
29/06/2020,aglomeração,Inauguração de supermercado causa aglomeração na Grande Natal,09/07/2020 19:34,https://g1.globo.com/rn/rio-grande-do-norte/noticia/2020/07/09/inauguracao-de-supermercado-causa-aglomeracao-na-grande-natal.ghtml
29/06/2020,aglomeração,Supermercado é interditado após denúncia de aglomeração em Itatiba,07/07/2020 08:26,https://g1.globo.com/sp/sorocaba-jundiai/noticia/2020/07/06/supermercado-e-interditado-apos-denuncia-de-aglomeracao-em-itatiba.ghtml
29/06/2020,produto,"Supermercado na Serra, ES, é interditado após fiscalização encontrar produtos vencidos",03/07/2020 11:16,https://g1.globo.com/es/espirito-santo/noticia/2020/07/02/supermercado-na-serra-es-e-interditado-apos-fiscalizacao-encontrar-produtos-vencidos.ghtml
29/06/2020,produto,Câmera registra momento em que produtora é enforcada em supermercado; vídeo,10/07/2020 10:06,https://g1.globo.com/sp/sao-jose-do-rio-preto-aracatuba/noticia/2020/07/09/camera-registra-momento-em-que-produtora-musical-e-enforcada-em-supermercado-video.ghtml
29/06/2020,interditado,Supermercado interditado é reaberto antes do prazo previsto em Caxias do Sul,07/07/2020 15:26,https://g1.globo.com/rs/rio-grande-do-sul/noticia/2020/07/07/supermercado-interditado-e-reaberto-antes-do-prazo-previsto-em-caxias-do-sul.ghtml
29/06/2020,termina,Discussão sobre uso de máscara em supermercado termina na delegacia em Campinas,28/07/2020 10:09,https://g1.globo.com/sp/campinas-regiao/noticia/2020/07/28/discussao-sobre-uso-de-mascara-em-supermercado-termina-na-delegacia-em-campinas.ghtml
29/06/2020,chuva,Segurança de supermercado usa o próprio guarda-chuva para proteger cão na Escócia,02/07/2020 19:01,https://g1.globo.com/olha-que-legal/noticia/2020/07/02/seguranca-de-supermercado-usa-o-proprio-guarda-chuva-para-proteger-cao-na-escocia.ghtml
29/06/2020,alimento,Fiscalização apreende mais de 45 quilos de alimentos vencidos em supermercado de Manaus,30/07/2020 09:59,https://g1.globo.com/am/amazonas/noticia/2020/07/30/fiscalizacao-apreende-mais-de-45-quilos-de-alimentos-vencidos-em-supermercado-de-manaus.ghtml
29/06/2020,aumento,Procon Vitória aponta aumento de até 50% em preços de itens de supermercado,07/08/2020 10:51,https://g1.globo.com/es/espirito-santo/noticia/2020/08/06/procon-vitoria-aponta-aumento-de-ate-50percent-em-precos-de-itens-de-supermercado.ghtml
29/06/2020,produto,Procon autua supermercado após clientes denunciarem a venda de produtos apodrecidos e vencidos,11/09/2020 09:45,https://g1.globo.com/ms/mato-grosso-do-sul/noticia/2020/09/11/procon-autua-supermercado-apos-clientes-denunciarem-a-venda-de-produtos-apodrecidos-e-vencidos.ghtml
29/06/2020,produto,"Polícia acha produtos vencidos em supermercado de Campinas e proprietária é presa, diz SSP",15/07/2020 22:02,https://g1.globo.com/sp/campinas-regiao/noticia/2020/07/15/policia-acha-produtos-vencidos-em-supermercado-de-campinas-e-proprietaria-e-presa-diz-ssp.ghtml
29/06/2020,covid-19,Quatro funcionários são afastados de supermercado após testarem positivo para Covid-19 em Matão,15/08/2020 19:58,https://g1.globo.com/sp/sao-carlos-regiao/noticia/2020/08/15/quatro-funcionarios-sao-afastados-de-supermercado-apos-testarem-positivo-para-covid-19-em-matao.ghtml
29/06/2020,compra,Homem tem carro furtado enquanto fazia compras em supermercado de Gurupi; Veículo foi abandonado,19/08/2020 12:54,https://g1.globo.com/to/tocantins/noticia/2020/08/19/homem-tem-carro-furtado-enquanto-fazia-compras-em-supermercado-de-gurupi-veiculo-foi-abandonado.ghtml
29/06/2020,produto,Sete jovens são detidas por furtarem cerca de mil produtos em supermercado de SP,07/08/2020 21:32,https://g1.globo.com/sp/santos-regiao/noticia/2020/08/07/sete-jovens-sao-detidas-por-furtarem-cerca-de-mil-produtos-em-supermercado-de-sp.ghtml
29/06/2020,pânico,Gerente de supermercado relata pânico de funcionários agredidos por cliente que não quis usar máscara,17/09/2020 10:51,https://g1.globo.com/sp/sorocaba-jundiai/noticia/2020/09/17/gerente-de-supermercado-relata-panico-de-funcionarios-agredidos-por-cliente-que-nao-quis-usar-mascara.ghtml
29/06/2020,acaba,"Com mercadorias escondidas em bolsa, homem acaba preso por furto após alarme de supermercado disparar",03/07/2020 15:45,https://g1.globo.com/sp/presidente-prudente-regiao/noticia/2020/07/03/com-mercadorias-escondidas-em-bolsa-homem-acaba-preso-por-furto-apos-alarme-de-supermercado-disparar.ghtml
29/06/2020,interditado,"Supermercado é interditado por não notificar no prazo casos de coronavírus, em Caxias do Sul",01/07/2020 21:43,https://g1.globo.com/rs/rio-grande-do-sul/noticia/2020/07/01/supermercado-e-interditado-por-nao-notificar-no-prazo-casos-de-coronavirus-em-caxias-do-sul.ghtml
29/06/2020,pandemia,Violinista troca ônibus e metrô por apresentações em supermercado para sobreviver na pandemia no Recife,23/07/2020 15:35,https://g1.globo.com/pe/pernambuco/noticia/2020/07/23/violinista-troca-onibus-e-metro-por-apresentacoes-em-supermercado-para-sobreviver-na-pandemia-no-recife.ghtml
29/06/2020,pandemia,"Discoteca gay de Lima, no Peru, reabre como supermercado por causa da pandemia de novo coronavírus",30/06/2020 18:33,https://g1.globo.com/mundo/noticia/2020/06/30/discoteca-gay-de-lima-no-peru-reabre-como-supermercado-por-causa-da-pandemia-de-novo-coronavirus.ghtml
29/06/2020,alimento,Fiscalização apreende mais de 120 quilos de alimentos com validade vencida em supermercado na Zona Norte de Manaus,19/08/2020 10:22,https://g1.globo.com/am/amazonas/noticia/2020/08/19/fiscalizacao-apreende-mais-de-120-quilos-de-alimentos-com-validade-vencida-em-supermercado-na-zona-norte-de-manaus.ghtml
29/06/2020,preço,Supermercado no Rio limita compra de arroz e óleo de soja após alta de preços; Procon autua mercados no RJ,10/09/2020 20:28,https://g1.globo.com/rj/rio-de-janeiro/noticia/2020/09/10/supermercado-no-rio-limita-compra-de-arroz-e-oleo-de-soja-apos-alta-de-precos-procon-autua-mercados-no-rj.ghtml
29/06/2020,vazia,População esvazia supermercados antes de novo confinamento em Melbourne,08/07/2020 10:59,https://g1.globo.com/mundo/noticia/2020/07/08/em-melbourne-populacao-esvazia-supermercados-antes-de-novo-confinamento.ghtml
29/06/2020,pandemia,Procon de Araras intensifica fiscalizações em supermercados durante a pandemia,03/09/2020 17:40,https://g1.globo.com/sp/sao-carlos-regiao/noticia/2020/09/03/procon-de-araras-intensifica-fiscalizacoes-em-supermercados-durante-a-pandemia.ghtml
29/06/2020,pandemia,"Adesão de supermercados ao delivery sobe mais de 1.400% durante a pandemia, na Paraíba",22/08/2020 16:59,https://g1.globo.com/pb/paraiba/noticia/2020/08/22/adesao-de-supermercados-ao-delivery-sobe-mais-de-1400percent-durante-a-pandemia-na-paraiba.ghtml
29/06/2020,produto,Supermercados 'escondem' produtos não essenciais após prefeitura publicar decreto,02/07/2020 08:56,https://g1.globo.com/sp/sorocaba-jundiai/noticia/2020/07/01/supermercados-escondem-produtos-nao-essenciais-apos-prefeitura-publicar-decreto.ghtml
29/06/2020,coronavírus,Coronavírus: Betim autoriza abertura de supermercados e padarias aos domingos,11/07/2020 12:03,https://g1.globo.com/mg/minas-gerais/noticia/2020/07/11/coronavirus-betim-autoriza-abertura-de-supermercados-e-padarias-aos-domingos.ghtml
29/06/2020,aumento,Supermercados de Mogi das Cruzes registram aumento de vendas on-line,20/08/2020 17:02,https://g1.globo.com/sp/mogi-das-cruzes-suzano/noticia/2020/08/20/supermercados-de-mogi-das-cruzes-registram-aumento-de-vendas-on-line.ghtml
29/06/2020,preço,Procon notifica supermercados por preços abusivos de carnes em Boa Vista,24/08/2020 16:35,https://g1.globo.com/rr/roraima/noticia/2020/08/24/procon-notifica-supermercados-por-precos-abusivos-de-carnes-em-boa-vista.ghtml
29/06/2020,limitar,Supermercados e hipermercados devem limitar entrada de clientes em Rio Preto,20/08/2020 16:09,https://g1.globo.com/sp/sao-jose-do-rio-preto-aracatuba/noticia/2020/08/20/supermercados-e-hipermercados-devem-limitar-entrada-de-clientes-em-rio-preto.ghtml
29/06/2020,restrição,Prefeita confirma que restrição dos horários de funcionamento vale para supermercados,13/07/2020 14:32,https://g1.globo.com/to/tocantins/noticia/2020/07/13/prefeita-confirma-que-restricao-dos-horarios-de-funcionamento-vale-para-supermercados.ghtml
29/06/2020,produto,"Um dia após 'esconder' produtos não essenciais, supermercados voltam a vender normalmente",03/07/2020 09:04,https://g1.globo.com/sp/sorocaba-jundiai/noticia/2020/07/02/um-dia-apos-esconder-produtos-nao-essenciais-supermercados-voltam-a-vender-normalmente.ghtml
29/06/2020,preço,Procon orienta representantes de supermercados e atacarejos de Uberlândia sobre preços abusivos,10/09/2020 11:54,https://g1.globo.com/mg/triangulo-mineiro/noticia/2020/09/10/procon-orienta-representantes-de-supermercados-e-atacarejos-de-uberlandia-sobre-precos-abusivos.ghtml
29/06/2020,produto,Ministério da Justiça pede que supermercados e produtores expliquem alta dos alimentos,09/09/2020 19:16,https://g1.globo.com/politica/noticia/2020/09/09/ministerio-da-justica-pede-que-supermercados-e-produtores-expliquem-alta-dos-alimentos.ghtml
29/06/2020,termina,Araçoiaba da Serra determina fechamento dos supermercados aos fins de semana e feriados,01/07/2020 12:33,https://g1.globo.com/sp/sorocaba-jundiai/noticia/2020/07/01/aracoiaba-da-serra-determina-fechamento-dos-supermercados-aos-fins-de-semana-e-feriados.ghtml
29/06/2020,disparada,"Com disparada do preço do arroz, representante dos supermercados quer promover consumo de macarrão",12/09/2020 21:50,https://g1.globo.com/economia/noticia/2020/09/10/com-disparada-do-preco-do-arroz-representante-dos-supermercados-quer-promover-consumo-de-macarrao.ghtml
29/06/2020,preço,Procon notifica supermercados por vender itens de cesta básica com preços abusivos,18/09/2020 18:18,https://g1.globo.com/sp/itapetininga-regiao/noticia/2020/09/18/procon-notifica-supermercados-por-vender-itens-de-cesta-basica-com-precos-abusivos.ghtml
29/06/2020,covid-19,Supermercados de Campinas são flagrados descumprindo regras de prevenção contra Covid-19,20/07/2020 15:10,https://g1.globo.com/sp/campinas-regiao/noticia/2020/07/20/supermercados-de-campinas-sao-flagrados-descumprindo-regras-de-prevencao-contra-covid-19.ghtml
29/06/2020,aumentam,"Depois de 26 anos do início do Plano Real, preço de alimentos aumentam até 14 vezes em supermercados de Campinas",07/07/2020 10:44,https://g1.globo.com/sp/campinas-regiao/noticia/2020/07/06/depois-de-26-anos-do-inicio-do-plano-real-preco-de-alimentos-aumentam-ate-14-vezes-em-supermercados-de-campinas.ghtml
29/06/2020,coronavírus,Supermercados BH doam R$ 3 milhões para Minas Gerais contra o coronavírus,19/08/2020 09:34,https://g1.globo.com/mg/minas-gerais/especial-publicitario/supermercados-bh/noticia/2020/08/19/supermercados-bh-doam-r-3-milhoes-para-minas-gerais-contra-o-coronavirus.ghtml
29/06/2020,aumento,Grandes supermercados de Uberaba são notificados pelo Procon para justificarem aumento de preços,08/09/2020 14:12,https://g1.globo.com/mg/triangulo-mineiro/noticia/2020/09/08/grandes-supermercados-de-uberaba-sao-notificados-pelo-procon-para-justificarem-aumento-de-precos.ghtml
29/06/2020,preço,Procon identifica supostos preços abusivos em 15 supermercados; empresas deverão mostrar notas,23/07/2020 07:56,https://g1.globo.com/ap/amapa/noticia/2020/07/23/procon-identifica-supostos-precos-abusivos-em-15-supermercados-empresas-deverao-mostrar-notas.ghtml
29/06/2020,preço,Preços da carne e do arroz têm alta neste mês de agosto nos supermercados de Palmas,27/08/2020 18:44,https://g1.globo.com/to/tocantins/noticia/2020/08/27/precos-da-carne-e-do-arroz-tem-alta-neste-mes-de-agosto-nos-supermercados-de-palmas.ghtml
29/06/2020,busca,Operação do Procon-SP busca preços abusivos em supermercados de Presidente Prudente e Martinópolis,18/09/2020 10:21,https://g1.globo.com/sp/presidente-prudente-regiao/noticia/2020/09/18/operacao-do-procon-sp-busca-precos-abusivos-em-supermercados-de-presidente-prudente-e-martinopolis.ghtml
29/06/2020,preço,Preço do arroz sobe quase 50% em julho desse ano nos supermercados de Palmas,23/07/2020 22:33,https://g1.globo.com/to/tocantins/noticia/2020/07/23/preco-do-arroz-sobe-quase-50percent-em-julho-desse-ano-nos-supermercados-de-palmas.ghtml
29/06/2020,fila,Supermercados e postos de combustíveis registram longas filas após decretos de fechamento no PI,02/07/2020 11:37,https://g1.globo.com/pi/piaui/noticia/2020/07/02/supermercados-e-postos-de-combustiveis-registram-longas-filas-apos-decretos-de-fechamento-no-pi.ghtml
29/06/2020,preço,Alta no preço dos alimentos chega aos supermercados do Alto Tietê e preocupa consumidores,07/09/2020 10:50,https://g1.globo.com/sp/mogi-das-cruzes-suzano/noticia/2020/09/07/alta-no-preco-dos-alimentos-chega-aos-supermercados-do-alto-tiete-e-preocupa-consumidores.ghtml
29/06/2020,aumento,Associação de supermercados chama atenção para aumento de preços de itens da cesta básica,03/09/2020 21:58,https://g1.globo.com/jornal-nacional/noticia/2020/09/03/associacao-de-supermercados-chama-atencao-para-aumento-de-precos-de-itens-da-cesta-basica.ghtml
29/06/2020,covid-19,"Dois supermercados são autuados por descumprir medidas de prevenção à Covid-19, em Fortaleza",22/09/2020 18:12,https://g1.globo.com/ce/ceara/noticia/2020/09/22/dois-supermercados-sao-autuados-por-descumprir-medidas-de-prevencao-a-covid-19-em-fortaleza.ghtml
29/06/2020,preço,Produtos da cesta básica saem por mais que o dobro do preço em diferentes supermercados de Palmas,15/09/2020 07:20,https://g1.globo.com/to/tocantins/noticia/2020/09/15/produtos-da-cesta-basica-saem-por-mais-que-o-dobro-do-preco-em-diferentes-supermercados-de-palmas.ghtml
29/06/2020,produto,Produtos de alimentação e limpeza têm variação de até 147% nos supermercados da Grande BH,17/08/2020 15:03,https://g1.globo.com/mg/minas-gerais/noticia/2020/08/17/produtos-de-alimentacao-e-limpeza-tem-variacao-de-ate-147percent-nos-supermercados-da-grande-bh.ghtml
29/06/2020,produto,Ação flagra mercadorias fora da validade e produtos com suspeita de fraude em supermercados da RMB,25/09/2020 12:51,https://g1.globo.com/pa/para/noticia/2020/09/25/acao-flagra-mercadorias-fora-da-validade-e-produtos-com-suspeita-de-fraude-em-supermercado-da-rmb.ghtml
29/06/2020,distribuição,Decreto determina distribuição de senhas em supermercados e autoriza abertura de escritórios de advocacia em Oliveira,11/08/2020 12:38,https://g1.globo.com/mg/centro-oeste/noticia/2020/08/11/decreto-determina-distribuicao-de-senhas-em-supermercados-e-autoriza-abertura-de-escritorios-de-advocacia-em-oliveira.ghtml
29/06/2020,preço,Bolsonaro pede 'patriotismo' a donos de supermercados para tentar reduzir preço da cesta básica,04/09/2020 20:10,https://g1.globo.com/sp/santos-regiao/noticia/2020/09/04/bolsonaro-diz-que-conversa-com-supermercados-para-tentar-reduzir-preco-da-cesta-basica.ghtml
29/06/2020,produto,"Fiscalização encontra produtos como cerveja, paçoca e até mortadela vencidos em supermercados no Tocantins",11/09/2020 16:21,https://g1.globo.com/to/tocantins/noticia/2020/09/11/fiscalizacao-encontra-produtos-como-cerveja-pacoca-e-ate-mortadela-vencidos-em-supermercados-no-tocantins.ghtml
29/06/2020,dispara,"Preços disparam nos supermercados e pesquisa aponta cesta básica 10,90% mais cara em Presidente Prudente",09/09/2020 12:01,https://g1.globo.com/sp/presidente-prudente-regiao/noticia/2020/09/09/precos-disparam-nos-supermercados-e-pesquisa-aponta-cesta-basica-1090percent-mais-cara-em-presidente-prudente.ghtml
29/06/2020,coronavírus,Coronavírus: Prefeitura de Curitiba libera academias em novo decreto; supermercados voltam a fechar aos domingos,21/07/2020 12:28,https://g1.globo.com/pr/parana/noticia/2020/07/21/coronavirus-prefeitura-de-curitiba-libera-funcionamento-de-academias-em-novo-decreto.ghtml
29/06/2020,produto,"Mesmo produto alimentício pode custar até 250% mais caro em supermercados de Fortaleza, alerta Procon",18/08/2020 18:11,https://g1.globo.com/ce/ceara/noticia/2020/08/18/mesmo-produto-alimenticio-pode-custar-ate-150percent-mais-caro-em-supermercados-de-fortaleza-alerta-procon.ghtml
29/06/2020,abastecimento,"Com reajustes, supermercados de Rio Branco limitam venda de arroz e óleo para evitar desabastecimento",25/09/2020 14:34,https://g1.globo.com/ac/acre/noticia/2020/09/24/com-reajustes-supermercados-do-ac-limitam-venda-de-arroz-e-oleo-para-evitar-desabastecimento.ghtml
29/06/2020,aumento,Polícia Civil fiscaliza aumento de preços de alimentos da cesta básica em 10 supermercados de BH,18/09/2020 12:23,https://g1.globo.com/mg/minas-gerais/noticia/2020/09/16/policia-civil-fiscaliza-aumento-de-precos-de-alimentos-da-cesta-basica-em-10-supermercados-de-bh.ghtml
29/06/2020,preço,Preço do pacote de 5kg de arroz sobe e custa quase R$ 30 em supermercados de Goiânia,26/08/2020 18:41,https://g1.globo.com/go/goias/noticia/2020/08/26/preco-do-arroz-chega-a-quase-r-30-em-goiania.ghtml
29/06/2020,preço,"Com alta nos itens da cesta básica, preço do arroz aumenta até 30% em supermercados de Piracicaba",08/09/2020 13:55,https://g1.globo.com/sp/piracicaba-regiao/noticia/2020/09/08/com-alta-nos-itens-da-cesta-basica-preco-do-arroz-aumenta-ate-30percent-em-supermercados-de-piracicaba.ghtml
29/06/2020,pandemia,Decreto autoriza entrada de acompanhantes de pessoas com deficiência em supermercados de Natal durante pandemia da Covid-19,11/07/2020 14:17,https://g1.globo.com/rn/rio-grande-do-norte/noticia/2020/07/11/decreto-autoriza-entrada-de-acompanhantes-de-pessoas-com-deficiencia-em-supermercados-de-natal-durante-pandemia-da-covid-19.ghtml
29/06/2020,item,Condomínios investem em hortas e até em um mini mercado para que os moradores evitem ir a supermercados,10/08/2020 21:07,https://g1.globo.com/to/tocantins/noticia/2020/08/10/condominios-investem-em-hortas-e-ate-em-um-mini-mercado-para-que-os-moradores-evitem-ir-a-supermercados.ghtml
29/06/2020,preço,"Preço do quilo da banana prata varia 346% nos supermercados de João Pessoa, diz Procon-JP",13/08/2020 14:36,https://g1.globo.com/pb/paraiba/noticia/2020/08/13/preco-do-quilo-da-banana-prata-varia-346percent-nos-supermercados-de-joao-pessoa-diz-procon-jp.ghtml
29/06/2020,fila,Candidatos formam fila de dobrar quarteirões para concorrer a vagas de emprego em rede de supermercados de Americana,11/08/2020 19:55,https://g1.globo.com/sp/campinas-regiao/concursos-e-emprego/noticia/2020/08/11/candidatos-formam-fila-de-dobrar-quarteiroes-para-concorrer-a-vagas-de-emprego-em-rede-de-supermercados-de-americana.ghtml
29/06/2020,busca,Supermercados da RMC buscam profissionais para 159 vagas de emprego para contratação imediata; veja como se candidatar,26/08/2020 18:57,https://g1.globo.com/sp/campinas-regiao/concursos-e-emprego/noticia/2020/08/26/supermercados-da-rmc-buscam-profissionais-para-159-vagas-de-emprego-para-contratacao-imediata-veja-como-se-candidatar.ghtml
29/06/2020,aumentar,Procon vai aumentar fiscalização em supermercados para coibir alta abusiva de preços dos alimentos em São Paulo,10/09/2020 21:24,https://g1.globo.com/sp/sao-paulo/noticia/2020/09/10/procon-vai-aumentar-fiscalizacao-em-supermercados-para-coibir-aumento-abusivo-de-precos-dos-alimentos-em-sao-paulo.ghtml
29/06/2020,falta,Associação afasta risco de falta de itens básicos em supermercados de Campinas apesar de restrições; economista explica 'desequilíbrio',23/09/2020 20:50,https://g1.globo.com/sp/campinas-regiao/noticia/2020/09/23/associacao-afasta-risco-de-falta-de-itens-basicos-em-supermercados-de-campinas-apesar-de-restricoes-economista-explica-desequilibrio.ghtml
29/06/2020,covid-19,Prefeitura de Baependi decreta fechamento do comércio por 7 dias após 1ª morte de Covid-19,27/07/2020 20:56,https://g1.globo.com/mg/sul-de-minas/noticia/2020/07/26/prefeitura-de-baependi-decreta-fechamento-do-comercio-por-7-dias-apos-1a-morte-de-covid-19.ghtml
29/06/2020,preço,Procon-SP analisa documentos de 17 supermercados em Presidente Prudente para verificar possíveis abusos de preços da cesta básica,11/09/2020 20:45,https://g1.globo.com/sp/presidente-prudente-regiao/noticia/2020/09/11/procon-sp-analisa-documentos-de-17-supermercados-em-presidente-prudente-para-verificar-possiveis-abusos-de-precos-da-cesta-basica.ghtml
29/06/2020,preço,30 anos do Código de Defesa do Consumidor: Procon em Formiga mantém ação para combater preços abusivos durante a pandemia,11/09/2020 16:40,https://g1.globo.com/mg/centro-oeste/noticia/2020/09/11/30-anos-do-codigo-de-defesa-do-consumidor-procon-em-formiga-mantem-acao-para-combater-precos-abusivos-durante-a-pandemia.ghtml
29/06/2020,preço,Procon notifica 87 supermercados em 2 dias de fiscalização para evitar alta de preços do arroz e do óleo em São Paulo,15/09/2020 19:53,https://g1.globo.com/sp/sao-paulo/noticia/2020/09/15/procon-notifica-87-supermercados-em-2-dias-de-fiscalizacao-para-evitar-alta-de-precos-do-arroz-e-do-oleo-em-sao-paulo.ghtml
29/06/2020,preço,Procon notifica 21 supermercados no 1º dia de fiscalização para evitar alta de preços do arroz e do óleo em São Paulo,14/09/2020 18:18,https://g1.globo.com/sp/sao-paulo/noticia/2020/09/14/procon-notifica-21-supermercados-no-1o-dia-de-fiscalizacao-para-evitar-alta-de-precos-do-arroz-e-do-oleo-em-sp.ghtml
29/06/2020,coronavírus,Prefeitura publica novas leis com medidas de prevenção ao coronavírus para estabelecimentos em Juiz de Fora,02/07/2020 17:37,https://g1.globo.com/mg/zona-da-mata/noticia/2020/07/02/prefeitura-publica-novas-leis-com-medidas-de-prevencao-ao-coronavirus-para-estabelecimentos-em-juiz-de-fora.ghtml
29/06/2020,essenciais,Novo decreto flexibiliza funcionamento de atividades essenciais aos domingos em Formiga,18/07/2020 20:08,https://g1.globo.com/mg/centro-oeste/noticia/2020/07/18/novo-decreto-flexibiliza-funcionamento-de-atividades-essenciais-aos-domingos-em-formiga.ghtml
29/06/2020,preço,Universidade faz levantamento sobre a diferença dos preços de produtos vendidos em mercados de Sorocaba,28/07/2020 20:15,https://g1.globo.com/sp/sorocaba-jundiai/noticia/2020/07/28/universidade-faz-levantamento-sobre-a-diferenca-dos-precos-de-produtos-vendidos-em-mercados-de-sorocaba.ghtml
29/06/2020,coronavírus,Moradores de bairros de Petrolina têm se descuidado das medidas de prevenção do novo coronavírus,15/07/2020 13:54,https://g1.globo.com/pe/petrolina-regiao/noticia/2020/07/15/moradores-de-bairros-de-petrolina-tem-se-descuidado-das-medidas-de-prevencao-do-novo-coronavirus.ghtml
29/06/2020,medo,Jovem mostra marcas de agressão nas redes sociais e conta que foi vítima de ataque homofóbico em Salvador: 'Muito medo',09/07/2020 10:30,https://g1.globo.com/ba/bahia/noticia/2020/07/08/jovem-mostra-marcas-de-agressao-nas-redes-sociais-e-afirma-ter-sido-vitima-de-ataque-homofobico-em-salvador-muito-medo.ghtml
29/06/2020,aumento,Mercados pequenos da região de Sorocaba têm aumento nas vendas e geração de empregos,13/09/2020 17:08,https://g1.globo.com/sp/sorocaba-jundiai/noticia/2020/09/13/mercados-pequenos-da-regiao-de-sorocaba-tem-aumento-nas-vendas-e-geracao-de-empregos.ghtml
29/06/2020,pandemia,"Pesquisa aponta inflação de 4,05% na cesta básica durante o período da pandemia da Covid-19 em Presidente Prudente",26/08/2020 12:35,https://g1.globo.com/sp/presidente-prudente-regiao/noticia/2020/08/26/pesquisa-aponta-inflacao-de-405percent-na-cesta-basica-durante-o-periodo-da-pandemia-da-covid-19-em-presidente-prudente.ghtml
29/06/2020,fila,Dezenas de quatis saqueiam mercado e fazem fuga em fila em SP; VÍDEO,10/08/2020 10:50,https://g1.globo.com/sp/santos-regiao/noticia/2020/08/10/quadrilha-de-quatis-saqueia-mercado-e-faz-fuga-de-desenho-animado-em-sp-video.ghtml
29/06/2020,pandemia,"Na América Latina, menos que uma a cada cinco pequenas e médias empresas não foi afetada pela pandemia, diz pesquisa",30/06/2020 18:00,https://g1.globo.com/economia/noticia/2020/06/30/na-america-latina-menos-que-uma-a-cada-cinco-pequenas-e-medias-empresas-nao-foi-afetada-pela-pandemia-diz-pesquisa.ghtml
29/06/2020,preço,"Preço do litro do álcool etílico a 70% tem diferença de mais de 60% em João Pessoa, diz Procon-PB",26/08/2020 18:12,https://g1.globo.com/pb/paraiba/noticia/2020/08/26/preco-do-litro-do-alcool-etilico-a-70percent-tem-diferenca-de-mais-de-60percent-em-joao-pessoa-diz-procon-pb.ghtml
29/06/2020,preço,"Preço do quilo da laranja tem diferença de mais de 600% em João Pessoa, diz Procon-PB",01/09/2020 18:46,https://g1.globo.com/pb/paraiba/noticia/2020/09/01/preco-do-quilo-da-laranja-tem-diferenca-de-mais-de-600percent-em-joao-pessoa-diz-procon-pb.ghtml
29/06/2020,produto,Produtores apostam em novas formas de vendas para levar o café direto ao consumidor,20/08/2020 09:26,https://g1.globo.com/mg/sul-de-minas/grao-sagrado/noticia/2020/08/20/produtores-apostam-em-novas-formas-de-vendas-para-levar-o-cafe-direto-ao-consumidor.ghtml
29/06/2020,busca,"Com visitas reduzidas na pandemia, vinícolas de SC buscam alternativas para melhorar as vendas",24/08/2020 17:31,https://g1.globo.com/sc/santa-catarina/campo-e-negocios/noticia/2020/08/11/com-visitas-reduzidas-na-pandemia-vinicolas-de-sc-buscam-alternativas-para-melhorar-as-vendas.ghtml
29/06/2020,fila,Centenas de pessoas se aglomeram em fila de emprego no Rio em plena pandemia,22/07/2020 08:43,https://g1.globo.com/rj/rio-de-janeiro/noticia/2020/07/22/centenas-de-pessoas-se-aglomeram-em-fila-de-emprego-no-rio-em-plena-pandemia.ghtml
29/06/2020,covid-19,Austrália isolará 300 mil moradores de subúrbios de Melbourne após novo pico de Covid-19,01/07/2020 10:08,https://g1.globo.com/mundo/noticia/2020/07/01/australia-isolara-300-mil-moradores-de-suburbios-de-melbourne-apos-novo-pico-de-covid-19.ghtml
29/06/2020,abastecimento,"Arroz em alta: Apas descarta risco de desabastecimento na região de Ribeirão Preto, SP",10/09/2020 14:07,https://g1.globo.com/sp/ribeirao-preto-franca/noticia/2020/09/10/arroz-em-alta-apas-descarta-risco-de-desabastecimento-na-regiao-de-ribeirao-preto-sp.ghtml
28/09/2020,aglomeração,Supermercado é interditado pela Vigilância Sanitária após registrar aglomeração em Ubatuba,23/12/2020 17:28,https://g1.globo.com/sp/vale-do-paraiba-regiao/noticia/2020/12/23/supermercado-e-interditado-pela-vigilancia-sanitaria-apos-registrar-aglomeracao-em-ubatuba.ghtml
28/09/2020,aglomeração,Aglomeração é registrada durante inauguração de supermercado em Natal; veja vídeo,17/12/2020 13:19,https://g1.globo.com/rn/rio-grande-do-norte/noticia/2020/12/17/aglomeracao-e-registrada-durante-inauguracao-de-supermercado-em-natal-veja-video.ghtml
28/09/2020,prateleira,Polícia investiga causas de desabamento de prateleiras em supermercado em São Luís,04/10/2020 10:36,https://g1.globo.com/ma/maranhao/noticia/2020/10/04/shpp-investiga-causas-de-desabamento-de-prateleiras-em-supermercado-em-sao-luis.ghtml
28/09/2020,produto,Açougueiro é preso em Araraquara após furtar e vender produtos de supermercado,03/12/2020 10:22,https://g1.globo.com/sp/sao-carlos-regiao/noticia/2020/12/03/acougueiro-e-preso-em-araraquara-apos-furtar-e-vender-produtos-de-supermercado.ghtml
28/09/2020,acaba,Suspeito de tentar assaltar supermercado acaba baleado após vítima reagir em Gurupi,29/10/2020 22:23,https://g1.globo.com/to/tocantins/noticia/2020/10/29/suspeito-de-tentar-assaltar-supermercado-acaba-baleado-apos-vitima-reagir-em-gurupi.ghtml
28/09/2020,compra,Escola nos EUA cria supermercado onde produtos podem ser comprados com boas ações,11/12/2020 06:00,https://g1.globo.com/olha-que-legal/noticia/2020/12/11/escola-nos-eua-cria-supermercado-onde-produtos-podem-ser-comprados-com-boas-acoes.ghtml
28/09/2020,prateleira,Vídeo mostra estrutura instável dias antes de prateleira cair em supermercado. Veja imagem,04/10/2020 21:22,https://g1.globo.com/fantastico/noticia/2020/10/04/video-mostra-estrutura-instavel-dias-antes-de-prateleira-cair-em-supermercado-veja-imagem.ghtml
28/09/2020,produto,Grávida quebra perna após produto cair em cima dela em supermercado de Garanhuns,08/12/2020 18:55,https://g1.globo.com/pe/caruaru-regiao/noticia/2020/12/08/gravida-quebra-perna-apos-produto-cair-em-cima-dela-em-supermercado-de-garanhuns.ghtml
28/09/2020,fila,"Homens brigam por causa de distanciamento em fila de supermercado em Santos, SP",06/10/2020 18:45,https://g1.globo.com/sp/santos-regiao/noticia/2020/10/06/homens-brigam-por-causa-de-distanciamento-em-fila-de-supermercado-em-santos-sp.ghtml
28/09/2020,compra,"Aposentada denuncia que teve compras de supermercado furtadas por motorista de aplicativo, em Goiânia",10/11/2020 10:15,https://g1.globo.com/go/goias/noticia/2020/11/06/aposentada-denuncia-que-teve-compras-de-supermercado-furtadas-por-motorista-de-aplicativo-em-goiania.ghtml
28/09/2020,busca,Bombeiros fazem buscas por vítimas de desabamento de prateleiras em supermercado de São Luís,03/10/2020 08:46,https://g1.globo.com/ma/maranhao/noticia/2020/10/03/bombeiros-fazem-buscas-por-vitimas-de-desabamento-de-prateleiras-em-supermercado-de-sao-luis.ghtml
28/09/2020,prateleira,Jovem que morreu em desabamento de prateleiras de supermercado é sepultada em São Luís,05/10/2020 11:09,https://g1.globo.com/ma/maranhao/noticia/2020/10/04/jovem-que-morreu-em-desabamento-de-prateleiras-de-supermercado-e-sepultada-em-sao-luis.ghtml
28/09/2020,vazia,Supermercado obriga casal negro a esvaziar bolsa para revista e encontra Bíblia em SP,30/10/2020 09:52,https://g1.globo.com/sp/sao-paulo/noticia/2020/10/29/supermercado-obriga-casal-negro-a-esvaziar-bolsa-para-revista-e-encontra-biblia-em-sp.ghtml
28/09/2020,compra,VÍDEO: Homem tem carro roubado em estacionamento de supermercado enquanto colocava compras no veículo,30/11/2020 08:10,https://g1.globo.com/ba/bahia/noticia/2020/11/30/video-homem-tem-carro-roubado-em-estacionamento-de-supermercado-enquanto-colocava-compras-no-veiculo.ghtml
28/09/2020,prateleira,MPT-MA irá instaurar inquérito sobre desabamento de prateleiras em supermercado em São Luís,03/10/2020 18:41,https://g1.globo.com/ma/maranhao/noticia/2020/10/03/mpt-ma-instaura-inquerito-sobre-desabamento-de-prateleiras-em-supermercado-em-sao-luis.ghtml
28/09/2020,fila,Fila para vaga em supermercado dá a volta em quarteirão no Centro do Rio,16/11/2020 13:36,https://g1.globo.com/rj/rio-de-janeiro/noticia/2020/11/16/fila-para-vaga-em-supermercado-da-a-volta-em-quarteirao-no-centro-do-rio.ghtml
28/09/2020,prateleira,Desabamento de prateleiras em supermercado deixa um morto e oito feridos em São Luís,03/10/2020 14:30,https://g1.globo.com/ma/maranhao/noticia/2020/10/03/desabamento-de-prateleiras-em-supermercado-deixa-um-morto-e-oito-feridos-em-sao-luis.ghtml
28/09/2020,alimento,Procon apreende mais de 90 Kg de alimentos vencidos e violados em supermercado de Manaus,13/10/2020 20:01,https://g1.globo.com/am/amazonas/noticia/2020/10/13/procon-apreende-mais-de-90-kg-de-alimentos-vencidos-e-violados-em-supermercado-de-manaus.ghtml
28/09/2020,prateleira,Polícia faz perícia para investigar as causas do desabamento de prateleiras em supermercado no Maranhão,03/10/2020 21:29,https://g1.globo.com/jornal-nacional/noticia/2020/10/03/policia-faz-pericia-para-investigar-as-causas-do-desabamento-de-prateleiras-em-supermercado-no-maranhao.ghtml
28/09/2020,compra,Casal é preso após tentar fazer compras com dinheiro falso em supermercado de Boa Vista,16/10/2020 20:15,https://g1.globo.com/rr/roraima/noticia/2020/10/16/casal-e-preso-apos-tentar-fazer-compras-com-dinheiro-falso-em-supermercado-de-boa-vista.ghtml
28/09/2020,termina,Justiça determina que réu por morte de funcionária de supermercado em Araucária vá para prisão domiciliar,15/12/2020 13:57,https://g1.globo.com/pr/parana/noticia/2020/12/15/justica-determina-que-reu-por-morte-de-funcionaria-de-supermercado-em-araucaria-va-para-prisao-domiciliar.ghtml
28/09/2020,produto,Prateleiras com produtos desabam em supermercado e deixam um morto e feridos em São Luís; VÍDEO,16/12/2020 14:50,https://g1.globo.com/ma/maranhao/noticia/2020/10/02/estruturas-metalicas-com-produtos-desabam-e-atingem-clientes-em-supermercado-de-sao-luis.ghtml
